filename,age
fairface_9991_0_6_0_val.jpg,41
fairface_9396_0_6_0_val.jpg,35
fairface_8988_6_1_0_val.jpg,28
fairface_1064_6_3_1_val.jpg,29
fairface_4846_5_2_0_val.jpg,27
fairface_1914_5_4_0_val.jpg,32
fairface_2329_1_3_0_val.jpg,33
fairface_1101_4_3_1_val.jpg,32
fairface_6240_4_6_0_val.jpg,43
fairface_10767_2_1_0_val.jpg,24
fairface_442_3_5_0_val.jpg,26
fairface_6561_6_4_1_val.jpg,33
fairface_7678_6_3_0_val.jpg,37
fairface_6146_0_1_0_val.jpg,25
fairface_7180_3_3_0_val.jpg,33
fairface_10348_0_4_0_val.jpg,31
fairface_148_1_6_0_val.jpg,36
fairface_4641_2_1_1_val.jpg,27
fairface_9043_3_4_0_val.jpg,34
fairface_7881_3_4_1_val.jpg,37
fairface_7420_1_2_0_val.jpg,29
fairface_36_5_3_1_val.jpg,31
fairface_8080_6_1_0_val.jpg,28
fairface_10868_3_6_0_val.jpg,43
fairface_7840_4_4_0_val.jpg,39
fairface_6979_5_3_1_val.jpg,27
fairface_4529_2_2_1_val.jpg,30
fairface_4678_5_4_0_val.jpg,29
fairface_5498_5_2_1_val.jpg,24
fairface_1474_0_3_1_val.jpg,36
fairface_8586_0_1_1_val.jpg,23
fairface_8265_2_3_0_val.jpg,31
fairface_2443_1_4_0_val.jpg,27
fairface_3848_5_1_0_val.jpg,22
fairface_3871_2_3_0_val.jpg,26
fairface_10376_3_3_1_val.jpg,30
fairface_9877_4_6_0_val.jpg,42
fairface_7208_3_3_1_val.jpg,33
fairface_3364_2_3_1_val.jpg,30
fairface_7108_0_3_1_val.jpg,29
fairface_5051_4_3_0_val.jpg,34
fairface_2162_0_1_0_val.jpg,13
fairface_7332_6_3_0_val.jpg,27
fairface_8343_5_5_0_val.jpg,37
fairface_6375_6_4_0_val.jpg,28
fairface_9571_5_3_0_val.jpg,28
fairface_3038_6_1_0_val.jpg,27
fairface_10642_4_2_0_val.jpg,22
fairface_9454_1_3_1_val.jpg,33
fairface_5193_2_5_1_val.jpg,33
fairface_8650_6_3_1_val.jpg,31
fairface_9646_0_3_1_val.jpg,30
fairface_8018_1_3_1_val.jpg,32
fairface_692_4_3_0_val.jpg,24
fairface_5407_1_2_1_val.jpg,36
fairface_4528_4_5_0_val.jpg,35
fairface_2057_5_3_0_val.jpg,27
fairface_9568_0_3_1_val.jpg,27
fairface_1262_1_5_1_val.jpg,26
fairface_6776_6_3_1_val.jpg,35
fairface_7595_2_4_1_val.jpg,30
fairface_5275_5_1_1_val.jpg,31
fairface_10484_3_6_1_val.jpg,34
fairface_1659_1_7_0_val.jpg,45
fairface_3067_1_4_1_val.jpg,32
fairface_4525_3_4_1_val.jpg,35
fairface_4231_3_4_0_val.jpg,35
fairface_7534_5_3_0_val.jpg,30
fairface_5170_5_2_1_val.jpg,28
fairface_5393_2_5_0_val.jpg,29
fairface_33_4_5_0_val.jpg,30
fairface_8821_3_3_1_val.jpg,31
fairface_8545_2_6_0_val.jpg,38
fairface_2135_2_1_0_val.jpg,32
fairface_7518_6_5_0_val.jpg,29
fairface_7683_0_4_0_val.jpg,28
fairface_10616_2_1_1_val.jpg,28
fairface_6311_5_4_1_val.jpg,33
fairface_1244_0_5_1_val.jpg,33
fairface_10619_0_3_1_val.jpg,30
fairface_6551_3_4_1_val.jpg,31
fairface_3351_5_7_1_val.jpg,45
fairface_2078_6_2_1_val.jpg,32
fairface_4772_2_4_0_val.jpg,40
fairface_1937_3_3_0_val.jpg,31
fairface_5950_3_1_0_val.jpg,27
fairface_759_5_4_1_val.jpg,35
fairface_6716_2_2_0_val.jpg,32
fairface_131_3_1_1_val.jpg,30
fairface_3446_5_4_0_val.jpg,30
fairface_3758_0_5_0_val.jpg,30
fairface_1869_2_1_1_val.jpg,31
fairface_1628_4_1_0_val.jpg,26
fairface_616_5_5_0_val.jpg,45
fairface_7725_0_5_1_val.jpg,45
fairface_100_1_4_0_val.jpg,26
fairface_6278_1_3_1_val.jpg,35
fairface_7432_1_3_0_val.jpg,30
fairface_4925_1_7_0_val.jpg,42
fairface_7912_5_4_0_val.jpg,42
fairface_8635_6_4_0_val.jpg,29
fairface_10266_6_3_0_val.jpg,29
fairface_792_6_4_1_val.jpg,35
fairface_2829_2_5_0_val.jpg,32
fairface_9192_6_3_1_val.jpg,35
fairface_3187_0_3_0_val.jpg,31
fairface_7503_4_3_1_val.jpg,29
fairface_29_2_3_1_val.jpg,28
fairface_9791_1_4_0_val.jpg,34
fairface_8010_4_4_0_val.jpg,30
fairface_10819_6_3_1_val.jpg,34
fairface_10586_1_4_0_val.jpg,30
fairface_1528_2_2_0_val.jpg,26
fairface_7480_0_3_1_val.jpg,29
fairface_5095_5_4_1_val.jpg,36
fairface_6256_0_4_1_val.jpg,39
fairface_143_0_8_0_val.jpg,32
fairface_10004_6_3_0_val.jpg,24
fairface_2426_0_4_1_val.jpg,30
fairface_3391_1_0_0_val.jpg,27
fairface_3462_6_4_1_val.jpg,34
fairface_6609_3_4_0_val.jpg,41
fairface_2175_6_4_0_val.jpg,27
fairface_8356_6_7_0_val.jpg,50
fairface_9708_4_7_1_val.jpg,42
fairface_4851_1_1_1_val.jpg,33
fairface_1510_2_5_1_val.jpg,38
fairface_3545_3_3_0_val.jpg,31
fairface_61_1_2_0_val.jpg,27
fairface_1391_0_3_1_val.jpg,32
fairface_6745_5_2_1_val.jpg,30
fairface_6592_5_4_0_val.jpg,37
fairface_6924_3_3_0_val.jpg,32
fairface_752_0_3_1_val.jpg,33
fairface_4962_4_3_0_val.jpg,30
fairface_5649_3_3_1_val.jpg,28
fairface_8166_0_4_1_val.jpg,34
fairface_1952_6_8_1_val.jpg,30
fairface_10375_5_4_0_val.jpg,29
fairface_8847_1_4_1_val.jpg,31
fairface_2375_2_1_1_val.jpg,35
fairface_4707_3_4_0_val.jpg,30
fairface_3757_1_6_1_val.jpg,27
fairface_5958_3_2_0_val.jpg,30
fairface_5285_4_6_0_val.jpg,49
fairface_9971_5_4_0_val.jpg,44
fairface_452_6_5_1_val.jpg,44
fairface_481_3_3_1_val.jpg,30
fairface_2093_0_3_0_val.jpg,29
fairface_7703_1_1_0_val.jpg,26
fairface_233_3_5_0_val.jpg,32
fairface_9572_4_5_0_val.jpg,36
fairface_7599_6_3_1_val.jpg,41
fairface_7510_2_4_0_val.jpg,31
fairface_8087_2_1_0_val.jpg,26
fairface_4172_2_4_1_val.jpg,27
fairface_7303_2_4_1_val.jpg,32
fairface_6280_6_4_0_val.jpg,32
fairface_6750_2_1_0_val.jpg,29
fairface_8618_3_4_1_val.jpg,33
fairface_1649_2_4_1_val.jpg,33
fairface_3374_3_4_0_val.jpg,30
fairface_1980_2_3_1_val.jpg,30
fairface_3028_5_4_0_val.jpg,32
fairface_8419_6_1_0_val.jpg,17
fairface_6220_3_4_0_val.jpg,31
fairface_4385_1_4_1_val.jpg,34
fairface_10342_2_1_1_val.jpg,25
fairface_8440_3_4_1_val.jpg,29
fairface_8373_6_1_1_val.jpg,28
fairface_9095_0_3_1_val.jpg,38
fairface_8762_0_3_0_val.jpg,35
fairface_8088_5_5_1_val.jpg,37
fairface_8984_2_1_0_val.jpg,28
fairface_3765_3_3_0_val.jpg,32
fairface_2299_3_4_0_val.jpg,40
fairface_7406_6_4_1_val.jpg,32
fairface_3803_5_4_0_val.jpg,28
fairface_1394_1_5_1_val.jpg,42
fairface_5610_1_1_1_val.jpg,29
fairface_9338_2_0_0_val.jpg,27
fairface_947_3_2_1_val.jpg,25
fairface_2532_3_6_0_val.jpg,42
fairface_5292_6_5_1_val.jpg,29
fairface_5900_2_2_1_val.jpg,26
fairface_4454_3_4_0_val.jpg,42
fairface_6301_6_1_0_val.jpg,29
fairface_283_5_2_1_val.jpg,29
fairface_169_6_3_1_val.jpg,34
fairface_9650_6_4_0_val.jpg,29
fairface_2714_1_1_0_val.jpg,33
fairface_2519_6_6_0_val.jpg,28
fairface_6022_4_4_1_val.jpg,35
fairface_10479_3_4_1_val.jpg,26
fairface_2667_0_3_1_val.jpg,31
fairface_106_3_4_1_val.jpg,39
fairface_5818_4_4_0_val.jpg,43
fairface_8769_0_3_0_val.jpg,32
fairface_3682_2_2_0_val.jpg,33
fairface_4378_3_2_1_val.jpg,32
fairface_10300_0_3_1_val.jpg,34
fairface_9021_1_5_1_val.jpg,26
fairface_2703_2_1_0_val.jpg,29
fairface_6919_5_4_0_val.jpg,34
fairface_7388_4_4_0_val.jpg,37
fairface_5534_1_5_0_val.jpg,31
fairface_845_1_5_0_val.jpg,44
fairface_8320_2_1_0_val.jpg,31
fairface_10333_5_3_1_val.jpg,32
fairface_4902_4_4_0_val.jpg,28
fairface_10782_5_4_0_val.jpg,29
fairface_2454_3_7_1_val.jpg,42
fairface_10866_0_2_0_val.jpg,29
fairface_9683_2_5_0_val.jpg,28
fairface_7469_5_7_0_val.jpg,49
fairface_7909_2_4_1_val.jpg,29
fairface_4130_4_2_0_val.jpg,29
fairface_9601_5_3_0_val.jpg,26
fairface_10226_3_2_1_val.jpg,35
fairface_10541_6_2_1_val.jpg,31
fairface_10444_2_1_0_val.jpg,32
fairface_3305_3_4_0_val.jpg,30
fairface_6409_5_3_1_val.jpg,33
fairface_4166_0_3_0_val.jpg,31
fairface_8186_5_2_0_val.jpg,29
fairface_7874_5_3_0_val.jpg,28
fairface_1288_4_4_0_val.jpg,31
fairface_8676_4_1_0_val.jpg,30
fairface_2763_2_3_0_val.jpg,37
fairface_1629_5_1_1_val.jpg,30
fairface_2701_5_3_1_val.jpg,31
fairface_8208_1_3_1_val.jpg,29
fairface_3373_4_6_0_val.jpg,31
fairface_7393_0_3_0_val.jpg,33
fairface_7571_5_6_1_val.jpg,27
fairface_2665_5_4_1_val.jpg,32
fairface_8579_5_3_1_val.jpg,33
fairface_8648_1_3_1_val.jpg,34
fairface_2711_5_5_1_val.jpg,40
fairface_7734_0_4_0_val.jpg,34
fairface_3192_3_5_0_val.jpg,38
fairface_657_1_4_0_val.jpg,44
fairface_5547_6_2_0_val.jpg,32
fairface_5723_0_3_1_val.jpg,38
fairface_2189_0_1_1_val.jpg,35
fairface_9002_4_4_0_val.jpg,29
fairface_4497_4_2_1_val.jpg,34
fairface_9970_2_5_1_val.jpg,38
fairface_10653_1_4_0_val.jpg,30
fairface_975_2_6_1_val.jpg,33
fairface_1685_4_5_0_val.jpg,28
fairface_7128_5_3_0_val.jpg,34
fairface_8563_5_3_0_val.jpg,30
fairface_6433_4_2_1_val.jpg,31
fairface_3048_5_4_1_val.jpg,40
fairface_9707_5_4_0_val.jpg,30
fairface_9313_1_4_1_val.jpg,31
fairface_4005_6_3_1_val.jpg,36
fairface_8165_5_5_1_val.jpg,33
fairface_4331_2_2_0_val.jpg,24
fairface_156_3_3_0_val.jpg,28
fairface_9302_0_3_0_val.jpg,24
fairface_3055_4_3_0_val.jpg,29
fairface_6527_2_1_1_val.jpg,28
fairface_7285_5_4_0_val.jpg,31
fairface_6901_3_4_1_val.jpg,37
fairface_6484_0_3_1_val.jpg,36
fairface_1235_0_1_0_val.jpg,27
fairface_6445_3_2_0_val.jpg,34
fairface_6661_3_4_0_val.jpg,33
fairface_3618_1_2_1_val.jpg,28
fairface_7826_6_1_0_val.jpg,31
fairface_9137_2_5_1_val.jpg,31
fairface_5513_2_4_1_val.jpg,31
fairface_9164_3_5_1_val.jpg,33
fairface_5680_3_2_0_val.jpg,26
fairface_4488_6_2_0_val.jpg,26
fairface_4792_5_7_1_val.jpg,44
fairface_5402_6_5_0_val.jpg,25
fairface_1957_6_5_1_val.jpg,33
fairface_5391_1_5_1_val.jpg,41
fairface_10387_4_6_0_val.jpg,36
fairface_4310_3_3_0_val.jpg,32
fairface_6996_4_2_0_val.jpg,29
fairface_8003_0_2_0_val.jpg,27
fairface_8023_6_1_1_val.jpg,33
fairface_7235_5_3_0_val.jpg,34
fairface_621_6_3_1_val.jpg,25
fairface_7750_1_4_0_val.jpg,39
fairface_2043_3_4_1_val.jpg,35
fairface_3388_4_4_0_val.jpg,33
fairface_5420_5_7_1_val.jpg,48
fairface_4163_2_5_0_val.jpg,37
fairface_4669_1_2_0_val.jpg,23
fairface_4279_1_2_0_val.jpg,33
fairface_6183_6_5_0_val.jpg,31
fairface_4940_3_4_0_val.jpg,34
fairface_289_0_2_0_val.jpg,26
fairface_7225_1_4_1_val.jpg,30
fairface_6689_5_4_0_val.jpg,28
fairface_5881_6_2_0_val.jpg,32
fairface_10626_2_3_1_val.jpg,28
fairface_7442_3_2_1_val.jpg,28
fairface_8108_0_3_1_val.jpg,31
fairface_1668_1_5_0_val.jpg,28
fairface_4100_1_3_1_val.jpg,28
fairface_1866_2_4_1_val.jpg,39
fairface_9016_1_3_0_val.jpg,25
fairface_3335_6_3_0_val.jpg,34
fairface_4004_5_6_1_val.jpg,28
fairface_8522_1_4_0_val.jpg,27
fairface_4128_3_3_1_val.jpg,31
fairface_1356_0_1_0_val.jpg,39
fairface_3932_1_4_1_val.jpg,28
fairface_119_4_7_0_val.jpg,25
fairface_5834_1_2_1_val.jpg,27
fairface_6369_5_6_1_val.jpg,42
fairface_5540_2_3_1_val.jpg,32
fairface_6458_1_4_0_val.jpg,29
fairface_2870_0_3_0_val.jpg,31
fairface_1595_6_3_1_val.jpg,29
fairface_2807_6_5_1_val.jpg,37
fairface_862_1_5_1_val.jpg,40
fairface_7688_0_4_0_val.jpg,29
fairface_10207_0_3_1_val.jpg,31
fairface_2222_0_1_0_val.jpg,27
fairface_539_2_5_0_val.jpg,31
fairface_6372_5_2_1_val.jpg,30
fairface_9291_5_5_0_val.jpg,30
fairface_8768_5_4_0_val.jpg,30
fairface_9506_0_4_1_val.jpg,35
fairface_7302_3_2_1_val.jpg,24
fairface_9695_4_4_0_val.jpg,34
fairface_4631_6_5_0_val.jpg,32
fairface_107_1_8_1_val.jpg,49
fairface_1612_4_3_1_val.jpg,28
fairface_1696_3_3_1_val.jpg,29
fairface_3726_2_5_0_val.jpg,39
fairface_5505_2_1_1_val.jpg,30
fairface_7862_5_4_0_val.jpg,35
fairface_1974_4_3_0_val.jpg,28
fairface_3449_3_1_0_val.jpg,39
fairface_8185_0_3_1_val.jpg,25
fairface_9676_3_4_0_val.jpg,37
fairface_936_5_6_1_val.jpg,40
fairface_1274_6_3_0_val.jpg,35
fairface_6677_6_3_1_val.jpg,35
fairface_7124_1_3_1_val.jpg,30
fairface_8163_3_3_1_val.jpg,32
fairface_950_4_6_0_val.jpg,35
fairface_1303_3_1_0_val.jpg,28
fairface_166_5_4_1_val.jpg,37
fairface_377_6_4_0_val.jpg,38
fairface_88_1_5_0_val.jpg,32
fairface_9378_6_2_0_val.jpg,31
fairface_9504_3_5_0_val.jpg,41
fairface_6795_1_6_0_val.jpg,37
fairface_7649_5_1_0_val.jpg,27
fairface_6294_4_4_1_val.jpg,28
fairface_16_6_3_1_val.jpg,30
fairface_4771_6_3_0_val.jpg,28
fairface_6695_0_1_1_val.jpg,33
fairface_3097_2_1_1_val.jpg,24
fairface_10498_2_5_1_val.jpg,37
fairface_7376_1_4_1_val.jpg,36
fairface_4899_4_3_0_val.jpg,34
fairface_1532_3_5_1_val.jpg,37
fairface_1250_1_2_0_val.jpg,28
fairface_6608_5_4_0_val.jpg,37
fairface_5356_2_4_0_val.jpg,30
fairface_6395_3_5_0_val.jpg,31
fairface_4390_1_3_0_val.jpg,28
fairface_3836_3_5_0_val.jpg,40
fairface_7195_1_1_1_val.jpg,32
fairface_141_0_4_0_val.jpg,39
fairface_8528_3_3_1_val.jpg,35
fairface_181_2_5_0_val.jpg,26
fairface_9101_3_5_0_val.jpg,42
fairface_4758_0_7_0_val.jpg,40
fairface_6740_0_0_0_val.jpg,27
fairface_3559_2_4_1_val.jpg,31
fairface_2431_5_6_0_val.jpg,43
fairface_7011_4_2_1_val.jpg,31
fairface_3934_5_3_0_val.jpg,29
fairface_1427_5_1_0_val.jpg,35
fairface_8704_1_4_0_val.jpg,27
fairface_10739_3_4_0_val.jpg,27
fairface_10109_3_1_0_val.jpg,31
fairface_5084_4_3_0_val.jpg,28
fairface_10679_0_1_0_val.jpg,24
fairface_10825_6_3_1_val.jpg,34
fairface_10458_0_2_0_val.jpg,26
fairface_6070_1_5_1_val.jpg,29
fairface_4411_3_4_0_val.jpg,23
fairface_8755_0_5_1_val.jpg,34
fairface_695_4_3_0_val.jpg,34
fairface_8078_2_4_0_val.jpg,39
fairface_4781_2_4_1_val.jpg,29
fairface_8835_6_1_0_val.jpg,31
fairface_9342_5_2_0_val.jpg,28
fairface_3899_3_6_1_val.jpg,51
fairface_9000_1_5_1_val.jpg,28
fairface_3112_3_7_0_val.jpg,57
fairface_5606_1_4_0_val.jpg,34
fairface_7161_3_2_0_val.jpg,21
fairface_8214_0_4_0_val.jpg,27
fairface_10832_2_1_1_val.jpg,23
fairface_7092_4_4_0_val.jpg,24
fairface_8935_2_5_0_val.jpg,43
fairface_9321_1_6_0_val.jpg,37
fairface_3718_3_5_0_val.jpg,34
fairface_6513_1_4_0_val.jpg,37
fairface_7374_3_5_0_val.jpg,36
fairface_6456_1_3_1_val.jpg,33
fairface_3552_6_3_0_val.jpg,25
fairface_1368_5_4_0_val.jpg,32
fairface_7756_4_3_1_val.jpg,32
fairface_9911_2_3_1_val.jpg,30
fairface_4368_1_6_1_val.jpg,30
fairface_5927_0_1_1_val.jpg,32
fairface_10536_3_1_1_val.jpg,29
fairface_2255_0_1_1_val.jpg,25
fairface_8825_1_4_1_val.jpg,31
fairface_8106_0_3_1_val.jpg,32
fairface_4424_3_5_1_val.jpg,34
fairface_4831_1_6_1_val.jpg,51
fairface_5025_2_5_0_val.jpg,37
fairface_1898_2_5_0_val.jpg,27
fairface_2023_3_3_0_val.jpg,35
fairface_7_1_4_1_val.jpg,34
fairface_7472_3_5_1_val.jpg,40
fairface_6898_3_3_1_val.jpg,37
fairface_867_1_0_1_val.jpg,27
fairface_1998_3_3_1_val.jpg,29
fairface_9090_5_3_0_val.jpg,38
fairface_7779_2_4_1_val.jpg,30
fairface_1370_3_3_1_val.jpg,28
fairface_4161_4_4_0_val.jpg,32
fairface_5437_2_6_0_val.jpg,26
fairface_649_1_2_1_val.jpg,31
fairface_6571_5_3_1_val.jpg,29
fairface_193_0_3_0_val.jpg,37
fairface_7023_5_1_0_val.jpg,33
fairface_2176_6_5_1_val.jpg,32
fairface_2447_5_3_1_val.jpg,32
fairface_1208_1_0_0_val.jpg,31
fairface_4102_3_2_1_val.jpg,25
fairface_5859_6_3_0_val.jpg,25
fairface_385_0_3_0_val.jpg,26
fairface_3592_0_5_1_val.jpg,36
fairface_9714_3_4_1_val.jpg,31
fairface_6292_5_2_0_val.jpg,22
fairface_9847_1_2_1_val.jpg,26
fairface_2930_0_3_1_val.jpg,28
fairface_5921_6_1_1_val.jpg,27
fairface_9871_6_3_0_val.jpg,24
fairface_6779_3_0_0_val.jpg,39
fairface_7387_4_3_1_val.jpg,34
fairface_190_0_3_1_val.jpg,34
fairface_7919_1_3_1_val.jpg,32
fairface_7578_5_1_0_val.jpg,28
fairface_10147_2_1_0_val.jpg,31
fairface_4065_3_3_1_val.jpg,29
fairface_2928_2_5_0_val.jpg,42
fairface_8121_4_2_0_val.jpg,21
fairface_2607_4_3_0_val.jpg,27
fairface_7199_3_1_1_val.jpg,15
fairface_8736_5_1_1_val.jpg,25
fairface_5472_0_0_0_val.jpg,29
fairface_3461_2_5_0_val.jpg,38
fairface_2765_4_3_1_val.jpg,35
fairface_1549_6_3_0_val.jpg,26
fairface_8900_1_6_0_val.jpg,27
fairface_666_3_3_0_val.jpg,27
fairface_9535_6_5_1_val.jpg,36
fairface_3655_3_3_1_val.jpg,29
fairface_6941_4_4_0_val.jpg,35
fairface_5383_4_6_0_val.jpg,40
fairface_4718_0_0_0_val.jpg,20
fairface_1144_1_3_1_val.jpg,27
fairface_4909_6_5_0_val.jpg,41
fairface_9412_4_3_1_val.jpg,30
fairface_6155_3_1_0_val.jpg,38
fairface_7920_5_4_0_val.jpg,31
fairface_6145_6_3_1_val.jpg,32
fairface_1169_3_3_1_val.jpg,27
fairface_2877_1_2_1_val.jpg,31
fairface_4630_5_4_0_val.jpg,35
fairface_6135_0_2_1_val.jpg,29
fairface_9674_5_3_1_val.jpg,30
fairface_901_6_1_0_val.jpg,25
fairface_7541_5_6_0_val.jpg,39
fairface_3293_0_1_0_val.jpg,29
fairface_3541_2_3_1_val.jpg,29
fairface_5704_4_4_0_val.jpg,31
fairface_9152_1_6_0_val.jpg,43
fairface_7709_3_2_0_val.jpg,24
fairface_8189_0_2_0_val.jpg,31
fairface_1703_5_3_1_val.jpg,33
fairface_9133_0_7_0_val.jpg,30
fairface_58_5_2_1_val.jpg,32
fairface_10490_6_3_1_val.jpg,33
fairface_8853_0_3_1_val.jpg,33
fairface_1277_2_5_1_val.jpg,38
fairface_10765_6_2_1_val.jpg,39
fairface_7462_4_5_0_val.jpg,27
fairface_5554_2_4_1_val.jpg,25
fairface_1372_2_5_0_val.jpg,40
fairface_4282_5_4_0_val.jpg,27
fairface_8997_2_1_1_val.jpg,35
fairface_659_0_1_0_val.jpg,29
fairface_8317_1_3_1_val.jpg,29
fairface_3709_5_4_0_val.jpg,26
fairface_10911_5_4_1_val.jpg,30
fairface_6363_0_4_1_val.jpg,33
fairface_10482_5_1_0_val.jpg,28
fairface_94_2_3_0_val.jpg,29
fairface_8946_1_2_1_val.jpg,34
fairface_4901_2_2_0_val.jpg,26
fairface_2267_1_2_1_val.jpg,30
fairface_4201_3_4_0_val.jpg,33
fairface_9305_5_5_1_val.jpg,41
fairface_3122_5_2_1_val.jpg,28
fairface_9334_6_3_1_val.jpg,39
fairface_4307_6_1_0_val.jpg,26
fairface_1996_3_4_0_val.jpg,43
fairface_6986_4_3_0_val.jpg,27
fairface_8570_3_3_0_val.jpg,31
fairface_9494_6_1_0_val.jpg,31
fairface_2994_5_4_1_val.jpg,33
fairface_669_1_3_0_val.jpg,38
fairface_6321_6_3_0_val.jpg,33
fairface_8518_6_4_1_val.jpg,30
fairface_4920_2_3_1_val.jpg,33
fairface_6107_1_5_1_val.jpg,31
fairface_7504_5_4_1_val.jpg,31
fairface_8778_3_3_1_val.jpg,30
fairface_2029_6_1_1_val.jpg,28
fairface_4266_0_4_0_val.jpg,32
fairface_2372_6_3_1_val.jpg,29
fairface_7658_5_4_1_val.jpg,33
fairface_5814_6_4_0_val.jpg,36
fairface_6651_5_3_0_val.jpg,33
fairface_5662_5_7_0_val.jpg,44
fairface_7777_3_4_1_val.jpg,25
fairface_10747_3_4_0_val.jpg,34
fairface_6250_6_3_1_val.jpg,33
fairface_3809_6_4_0_val.jpg,27
fairface_2020_6_3_0_val.jpg,29
fairface_7732_0_1_0_val.jpg,30
fairface_6266_6_1_1_val.jpg,27
fairface_3648_6_1_0_val.jpg,20
fairface_4686_2_5_1_val.jpg,27
fairface_2922_5_0_1_val.jpg,34
fairface_2543_3_3_1_val.jpg,32
fairface_197_1_2_1_val.jpg,27
fairface_2397_3_2_0_val.jpg,32
fairface_1336_3_3_0_val.jpg,32
fairface_1191_4_4_0_val.jpg,30
fairface_7371_0_3_1_val.jpg,29
fairface_6251_4_6_0_val.jpg,43
fairface_3200_5_4_0_val.jpg,29
fairface_7975_2_0_1_val.jpg,29
fairface_2900_3_3_1_val.jpg,25
fairface_249_0_4_1_val.jpg,31
fairface_1847_5_2_1_val.jpg,24
fairface_2419_2_1_1_val.jpg,32
fairface_6263_2_3_1_val.jpg,30
fairface_9713_3_4_1_val.jpg,26
fairface_10804_2_4_1_val.jpg,30
fairface_8303_3_4_1_val.jpg,38
fairface_8046_1_1_1_val.jpg,29
fairface_2280_4_5_0_val.jpg,33
fairface_5724_6_1_1_val.jpg,31
fairface_4477_0_3_1_val.jpg,32
fairface_4151_2_2_1_val.jpg,27
fairface_7075_6_1_0_val.jpg,30
fairface_5993_0_3_0_val.jpg,39
fairface_7873_0_6_0_val.jpg,31
fairface_5306_2_1_0_val.jpg,32
fairface_9339_6_3_1_val.jpg,30
fairface_7749_6_4_1_val.jpg,34
fairface_4391_1_8_1_val.jpg,36
fairface_396_4_0_0_val.jpg,39
fairface_5705_4_2_1_val.jpg,32
fairface_989_6_1_0_val.jpg,32
fairface_4512_3_4_0_val.jpg,23
fairface_2079_5_2_1_val.jpg,33
fairface_9300_3_3_0_val.jpg,23
fairface_4221_5_3_0_val.jpg,29
fairface_2762_2_3_1_val.jpg,41
fairface_10456_3_5_0_val.jpg,38
fairface_2166_4_4_0_val.jpg,29
fairface_6048_4_4_0_val.jpg,30
fairface_9623_3_3_1_val.jpg,28
fairface_9330_0_3_0_val.jpg,36
fairface_2498_4_4_1_val.jpg,44
fairface_2517_1_3_0_val.jpg,32
fairface_4263_6_4_0_val.jpg,34
fairface_6042_1_5_0_val.jpg,31
fairface_3114_1_5_1_val.jpg,39
fairface_4970_3_4_0_val.jpg,37
fairface_700_1_5_0_val.jpg,24
fairface_7650_6_7_1_val.jpg,47
fairface_9486_5_3_1_val.jpg,31
fairface_5388_1_3_0_val.jpg,32
fairface_9078_0_0_1_val.jpg,24
fairface_7516_3_3_0_val.jpg,31
fairface_1172_3_5_0_val.jpg,38
fairface_2239_3_1_1_val.jpg,31
fairface_1766_6_3_0_val.jpg,41
fairface_3761_5_3_1_val.jpg,38
fairface_1583_5_2_1_val.jpg,32
fairface_5373_3_1_1_val.jpg,32
fairface_4204_0_4_0_val.jpg,39
fairface_6131_0_7_0_val.jpg,44
fairface_4676_5_4_0_val.jpg,32
fairface_6481_2_2_1_val.jpg,25
fairface_5527_2_6_1_val.jpg,39
fairface_401_5_4_0_val.jpg,26
fairface_2599_0_3_0_val.jpg,30
fairface_8344_0_1_1_val.jpg,20
fairface_5827_5_1_0_val.jpg,32
fairface_6900_0_5_0_val.jpg,38
fairface_2341_2_0_1_val.jpg,40
fairface_5064_4_1_1_val.jpg,32
fairface_10599_2_1_0_val.jpg,31
fairface_961_3_5_0_val.jpg,33
fairface_2402_6_4_0_val.jpg,25
fairface_7335_2_5_1_val.jpg,36
fairface_6346_3_4_1_val.jpg,32
fairface_6999_4_5_0_val.jpg,40
fairface_6063_2_3_1_val.jpg,30
fairface_8168_1_4_0_val.jpg,33
fairface_3459_1_6_1_val.jpg,32
fairface_4147_0_4_0_val.jpg,38
fairface_4587_4_5_0_val.jpg,30
fairface_9383_6_1_1_val.jpg,32
fairface_5481_2_1_0_val.jpg,27
fairface_1966_3_3_1_val.jpg,34
fairface_4484_2_3_0_val.jpg,33
fairface_8336_0_3_1_val.jpg,34
fairface_6827_3_4_0_val.jpg,34
fairface_7149_4_4_0_val.jpg,33
fairface_7134_0_7_0_val.jpg,43
fairface_1829_6_2_1_val.jpg,27
fairface_4508_6_3_0_val.jpg,29
fairface_10060_4_3_1_val.jpg,40
fairface_8055_1_2_0_val.jpg,29
fairface_3287_6_6_0_val.jpg,35
fairface_3010_6_2_1_val.jpg,37
fairface_3442_3_3_0_val.jpg,26
fairface_6656_5_1_0_val.jpg,40
fairface_9739_6_4_0_val.jpg,25
fairface_5688_5_5_0_val.jpg,41
fairface_10466_0_3_1_val.jpg,28
fairface_7325_6_4_0_val.jpg,26
fairface_7805_4_3_0_val.jpg,25
fairface_4780_3_7_1_val.jpg,33
fairface_1121_3_3_1_val.jpg,31
fairface_10485_0_2_0_val.jpg,29
fairface_5254_2_3_1_val.jpg,33
fairface_5586_1_3_1_val.jpg,25
fairface_7177_3_3_0_val.jpg,34
fairface_5335_4_4_1_val.jpg,33
fairface_8118_3_3_1_val.jpg,28
fairface_5783_2_3_1_val.jpg,31
fairface_5873_5_4_0_val.jpg,40
fairface_10769_6_1_1_val.jpg,23
fairface_9737_6_3_1_val.jpg,39
fairface_8777_3_4_1_val.jpg,32
fairface_6018_4_2_1_val.jpg,34
fairface_379_3_5_1_val.jpg,34
fairface_4692_1_4_1_val.jpg,32
fairface_7841_3_4_0_val.jpg,32
fairface_2490_2_4_0_val.jpg,40
fairface_12_5_3_0_val.jpg,32
fairface_10298_4_4_1_val.jpg,36
fairface_5592_1_0_1_val.jpg,17
fairface_3432_5_6_1_val.jpg,38
fairface_1850_4_7_0_val.jpg,43
fairface_331_5_5_1_val.jpg,36
fairface_6034_5_3_1_val.jpg,31
fairface_7811_6_5_0_val.jpg,34
fairface_6024_1_5_1_val.jpg,31
fairface_2841_4_4_0_val.jpg,31
fairface_7974_6_3_0_val.jpg,26
fairface_5166_3_4_1_val.jpg,31
fairface_5520_3_3_0_val.jpg,26
fairface_6968_2_4_1_val.jpg,33
fairface_611_3_3_1_val.jpg,25
fairface_10396_4_4_0_val.jpg,36
fairface_2538_0_5_0_val.jpg,34
fairface_8360_5_3_1_val.jpg,42
fairface_7803_3_4_1_val.jpg,36
fairface_1077_3_1_0_val.jpg,23
fairface_5951_6_4_0_val.jpg,28
fairface_9406_1_3_1_val.jpg,27
fairface_9132_3_1_1_val.jpg,27
fairface_9706_0_3_1_val.jpg,27
fairface_5612_2_4_0_val.jpg,27
fairface_949_3_3_0_val.jpg,35
fairface_2291_0_3_0_val.jpg,32
fairface_5353_3_8_0_val.jpg,40
fairface_6142_6_3_1_val.jpg,35
fairface_4565_6_3_1_val.jpg,31
fairface_3175_3_0_0_val.jpg,27
fairface_1782_2_1_1_val.jpg,35
fairface_5032_1_4_1_val.jpg,35
fairface_3093_1_6_1_val.jpg,42
fairface_8243_1_5_0_val.jpg,31
fairface_5667_5_4_0_val.jpg,29
fairface_3759_2_1_0_val.jpg,25
fairface_9066_3_3_0_val.jpg,34
fairface_9159_0_4_0_val.jpg,29
fairface_9625_5_3_1_val.jpg,32
fairface_5896_1_2_0_val.jpg,37
fairface_8337_1_4_1_val.jpg,34
fairface_6581_3_4_1_val.jpg,34
fairface_3197_2_4_1_val.jpg,41
fairface_514_3_7_0_val.jpg,39
fairface_3795_5_5_0_val.jpg,30
fairface_10668_0_4_1_val.jpg,33
fairface_10363_0_6_1_val.jpg,29
fairface_7163_3_4_0_val.jpg,28
fairface_9256_2_3_1_val.jpg,31
fairface_5875_5_4_0_val.jpg,37
fairface_7664_5_6_0_val.jpg,40
fairface_216_1_5_0_val.jpg,42
fairface_4405_5_4_0_val.jpg,28
fairface_4761_1_3_0_val.jpg,26
fairface_4021_6_4_0_val.jpg,39
fairface_9439_2_1_0_val.jpg,28
fairface_150_2_3_1_val.jpg,31
fairface_1231_1_5_0_val.jpg,42
fairface_1081_3_3_0_val.jpg,28
fairface_2729_3_1_0_val.jpg,27
fairface_8312_3_5_0_val.jpg,30
fairface_3966_5_2_1_val.jpg,33
fairface_7914_4_4_0_val.jpg,41
fairface_8613_1_2_0_val.jpg,30
fairface_4697_2_1_1_val.jpg,28
fairface_7802_3_3_0_val.jpg,25
fairface_1090_5_2_0_val.jpg,28
fairface_4679_2_1_0_val.jpg,34
fairface_3766_3_5_1_val.jpg,33
fairface_9441_1_5_1_val.jpg,40
fairface_389_0_3_0_val.jpg,32
fairface_7614_0_3_1_val.jpg,29
fairface_10914_1_1_0_val.jpg,28
fairface_6412_2_4_1_val.jpg,31
fairface_5372_0_2_1_val.jpg,31
fairface_2451_6_2_0_val.jpg,28
fairface_768_4_4_1_val.jpg,23
fairface_686_3_4_1_val.jpg,37
fairface_5301_4_3_0_val.jpg,26
fairface_7866_1_4_1_val.jpg,37
fairface_9438_3_4_1_val.jpg,33
fairface_9437_5_3_0_val.jpg,24
fairface_1621_2_2_1_val.jpg,27
fairface_10411_5_4_0_val.jpg,35
fairface_10263_0_1_1_val.jpg,24
fairface_7218_0_3_1_val.jpg,35
fairface_2398_0_2_0_val.jpg,25
fairface_2758_2_3_1_val.jpg,28
fairface_1767_6_3_1_val.jpg,32
fairface_10617_0_0_1_val.jpg,18
fairface_8122_6_2_0_val.jpg,27
fairface_7783_2_6_1_val.jpg,35
fairface_2261_3_1_0_val.jpg,27
fairface_801_2_2_1_val.jpg,32
fairface_6539_2_4_1_val.jpg,34
fairface_5944_5_6_0_val.jpg,49
fairface_3599_1_2_1_val.jpg,24
fairface_10021_2_1_0_val.jpg,30
fairface_6694_0_3_1_val.jpg,32
fairface_1037_1_3_0_val.jpg,24
fairface_1575_3_5_1_val.jpg,29
fairface_4972_4_8_0_val.jpg,44
fairface_3875_3_4_1_val.jpg,33
fairface_7153_0_3_1_val.jpg,32
fairface_7226_6_2_1_val.jpg,32
fairface_4491_6_1_1_val.jpg,25
fairface_3767_6_1_0_val.jpg,24
fairface_4766_1_3_1_val.jpg,33
fairface_8977_0_3_1_val.jpg,27
fairface_9154_3_0_0_val.jpg,26
fairface_8300_2_7_0_val.jpg,25
fairface_10744_0_3_1_val.jpg,37
fairface_9673_4_1_0_val.jpg,32
fairface_5812_1_2_0_val.jpg,26
fairface_1171_2_3_1_val.jpg,41
fairface_646_4_5_0_val.jpg,36
fairface_3240_2_4_0_val.jpg,30
fairface_10046_2_3_1_val.jpg,33
fairface_9096_5_1_1_val.jpg,25
fairface_1527_0_6_0_val.jpg,37
fairface_6104_1_5_0_val.jpg,28
fairface_1214_6_1_0_val.jpg,22
fairface_8379_5_7_1_val.jpg,25
fairface_5998_3_4_0_val.jpg,27
fairface_5969_5_3_1_val.jpg,27
fairface_5867_5_4_1_val.jpg,37
fairface_9472_3_4_1_val.jpg,36
fairface_5408_0_4_1_val.jpg,33
fairface_1955_3_3_1_val.jpg,25
fairface_6273_2_1_1_val.jpg,34
fairface_2794_0_3_0_val.jpg,30
fairface_8920_6_4_1_val.jpg,41
fairface_2513_1_4_1_val.jpg,35
fairface_10904_2_1_1_val.jpg,28
fairface_9488_1_3_0_val.jpg,24
fairface_2961_2_4_1_val.jpg,42
fairface_10026_6_1_1_val.jpg,27
fairface_1690_5_4_0_val.jpg,26
fairface_6856_3_4_1_val.jpg,32
fairface_912_5_3_0_val.jpg,25
fairface_4364_0_4_1_val.jpg,36
fairface_10303_3_4_1_val.jpg,39
fairface_5751_0_3_1_val.jpg,33
fairface_2391_2_4_1_val.jpg,26
fairface_3721_5_1_0_val.jpg,31
fairface_6068_6_3_1_val.jpg,32
fairface_3995_3_3_1_val.jpg,29
fairface_2238_0_1_0_val.jpg,31
fairface_5033_6_1_1_val.jpg,33
fairface_4246_1_6_1_val.jpg,34
fairface_10251_1_2_0_val.jpg,22
fairface_2369_3_3_1_val.jpg,27
fairface_5213_6_4_0_val.jpg,26
fairface_9413_4_3_0_val.jpg,29
fairface_5994_1_1_0_val.jpg,33
fairface_8954_2_3_1_val.jpg,35
fairface_2677_2_4_0_val.jpg,26
fairface_5832_1_4_1_val.jpg,31
fairface_10794_5_6_0_val.jpg,40
fairface_8045_2_3_0_val.jpg,34
fairface_9174_0_1_0_val.jpg,24
fairface_10951_6_3_0_val.jpg,30
fairface_7206_3_2_1_val.jpg,35
fairface_8590_0_2_0_val.jpg,28
fairface_7095_4_3_1_val.jpg,31
fairface_4721_2_6_0_val.jpg,29
fairface_10064_3_3_1_val.jpg,28
fairface_3936_1_5_1_val.jpg,35
fairface_8957_4_1_0_val.jpg,31
fairface_6091_2_2_0_val.jpg,32
fairface_923_6_1_1_val.jpg,30
fairface_21_4_4_1_val.jpg,35
fairface_8132_0_3_1_val.jpg,30
fairface_3159_0_3_0_val.jpg,35
fairface_7392_1_1_1_val.jpg,31
fairface_8085_0_4_0_val.jpg,30
fairface_9309_4_4_0_val.jpg,34
fairface_5215_1_3_0_val.jpg,30
fairface_10367_1_5_1_val.jpg,35
fairface_5982_5_5_0_val.jpg,39
fairface_935_6_3_1_val.jpg,33
fairface_7455_3_4_1_val.jpg,28
fairface_5713_3_4_1_val.jpg,36
fairface_5013_3_3_1_val.jpg,28
fairface_3079_0_3_1_val.jpg,35
fairface_316_6_4_1_val.jpg,33
fairface_7268_1_6_1_val.jpg,35
fairface_5036_6_2_1_val.jpg,31
fairface_8513_5_5_1_val.jpg,35
fairface_7984_6_4_0_val.jpg,28
fairface_7077_2_1_0_val.jpg,31
fairface_8416_5_6_0_val.jpg,40
fairface_6987_4_3_0_val.jpg,27
fairface_6531_0_6_0_val.jpg,35
fairface_2816_2_5_0_val.jpg,38
fairface_9214_6_6_0_val.jpg,35
fairface_1339_3_3_0_val.jpg,25
fairface_6635_5_3_1_val.jpg,34
fairface_8210_4_4_0_val.jpg,27
fairface_7362_0_4_0_val.jpg,31
fairface_10260_5_4_1_val.jpg,30
fairface_6931_3_4_0_val.jpg,28
fairface_9311_0_1_0_val.jpg,16
fairface_3095_0_5_0_val.jpg,28
fairface_177_3_4_0_val.jpg,33
fairface_6394_4_2_1_val.jpg,45
fairface_3288_1_4_0_val.jpg,38
fairface_7937_5_4_1_val.jpg,30
fairface_80_2_4_1_val.jpg,37
fairface_741_4_5_0_val.jpg,41
fairface_4408_1_4_0_val.jpg,38
fairface_8105_5_2_1_val.jpg,24
fairface_735_3_3_0_val.jpg,30
fairface_9219_0_8_1_val.jpg,48
fairface_9985_6_3_0_val.jpg,28
fairface_7333_0_3_1_val.jpg,30
fairface_10884_4_1_1_val.jpg,27
fairface_3107_5_2_1_val.jpg,33
fairface_2636_3_8_1_val.jpg,34
fairface_4001_0_0_0_val.jpg,30
fairface_3309_2_3_1_val.jpg,33
fairface_424_1_3_0_val.jpg,29
fairface_856_0_7_1_val.jpg,29
fairface_5141_6_6_0_val.jpg,46
fairface_10299_3_3_0_val.jpg,26
fairface_8195_6_2_1_val.jpg,32
fairface_2971_1_3_1_val.jpg,31
fairface_3362_0_3_0_val.jpg,31
fairface_4068_6_5_1_val.jpg,31
fairface_3780_4_1_0_val.jpg,25
fairface_4506_6_4_1_val.jpg,33
fairface_7995_0_3_1_val.jpg,27
fairface_4111_4_4_0_val.jpg,25
fairface_8846_0_3_1_val.jpg,32
fairface_2769_3_1_0_val.jpg,29
fairface_5670_1_5_0_val.jpg,32
fairface_10309_6_3_1_val.jpg,34
fairface_5758_4_7_0_val.jpg,30
fairface_4451_5_4_1_val.jpg,32
fairface_8973_6_1_0_val.jpg,27
fairface_9361_2_4_0_val.jpg,33
fairface_2826_0_2_1_val.jpg,32
fairface_2638_3_4_0_val.jpg,38
fairface_9700_2_1_0_val.jpg,21
fairface_1729_0_4_1_val.jpg,30
fairface_3833_0_2_0_val.jpg,39
fairface_3075_5_6_0_val.jpg,46
fairface_7533_6_4_1_val.jpg,39
fairface_10662_2_5_1_val.jpg,35
fairface_6299_5_2_0_val.jpg,32
fairface_7528_6_2_1_val.jpg,30
fairface_4858_1_4_0_val.jpg,34
fairface_7144_0_2_0_val.jpg,34
fairface_4655_0_3_1_val.jpg,26
fairface_1280_3_3_0_val.jpg,29
fairface_6465_4_6_0_val.jpg,40
fairface_9553_6_2_1_val.jpg,30
fairface_1705_0_1_0_val.jpg,36
fairface_1860_3_3_0_val.jpg,40
fairface_4586_5_5_1_val.jpg,29
fairface_10714_2_3_1_val.jpg,32
fairface_5798_3_3_1_val.jpg,35
fairface_623_1_4_1_val.jpg,33
fairface_1552_1_2_0_val.jpg,27
fairface_660_6_4_1_val.jpg,37
fairface_8714_3_3_1_val.jpg,28
fairface_10372_3_5_1_val.jpg,32
fairface_2745_6_1_0_val.jpg,34
fairface_6313_1_2_1_val.jpg,29
fairface_10779_0_6_1_val.jpg,44
fairface_7102_0_3_0_val.jpg,28
fairface_191_3_2_1_val.jpg,30
fairface_4852_0_1_1_val.jpg,30
fairface_3017_0_0_1_val.jpg,33
fairface_1285_2_4_0_val.jpg,28
fairface_5699_6_3_0_val.jpg,26
fairface_1740_1_4_1_val.jpg,33
fairface_5404_2_3_1_val.jpg,27
fairface_6118_2_4_0_val.jpg,32
fairface_2500_0_4_1_val.jpg,28
fairface_3620_2_4_0_val.jpg,39
fairface_6411_1_6_0_val.jpg,39
fairface_1189_1_6_0_val.jpg,44
fairface_9209_5_5_0_val.jpg,27
fairface_5090_2_1_0_val.jpg,29
fairface_7879_5_3_0_val.jpg,26
fairface_9555_2_2_1_val.jpg,30
fairface_3565_3_6_0_val.jpg,28
fairface_4342_3_3_0_val.jpg,30
fairface_9191_2_1_0_val.jpg,38
fairface_6377_4_5_0_val.jpg,29
fairface_4113_5_1_0_val.jpg,30
fairface_2206_3_6_0_val.jpg,39
fairface_915_3_5_1_val.jpg,35
fairface_9360_3_3_1_val.jpg,34
fairface_2367_3_6_0_val.jpg,37
fairface_1210_0_3_0_val.jpg,33
fairface_1792_1_4_0_val.jpg,36
fairface_6174_3_5_0_val.jpg,34
fairface_9007_1_2_0_val.jpg,24
fairface_2748_0_3_1_val.jpg,27
fairface_2445_6_1_0_val.jpg,23
fairface_10032_5_6_0_val.jpg,45
fairface_581_6_2_0_val.jpg,28
fairface_599_1_3_0_val.jpg,30
fairface_5720_6_2_1_val.jpg,33
fairface_8505_1_4_1_val.jpg,29
fairface_2275_3_3_1_val.jpg,27
fairface_1245_3_3_1_val.jpg,31
fairface_7086_0_3_0_val.jpg,30
fairface_9578_4_2_0_val.jpg,29
fairface_6025_2_4_0_val.jpg,25
fairface_1537_6_5_1_val.jpg,32
fairface_3573_2_1_1_val.jpg,27
fairface_3091_0_3_1_val.jpg,30
fairface_6332_2_3_0_val.jpg,28
fairface_3973_3_1_0_val.jpg,20
fairface_274_2_2_0_val.jpg,26
fairface_8102_5_3_1_val.jpg,27
fairface_3355_4_1_1_val.jpg,28
fairface_10645_5_4_1_val.jpg,33
fairface_9512_1_3_1_val.jpg,33
fairface_3578_1_5_1_val.jpg,34
fairface_2264_5_1_1_val.jpg,28
fairface_5119_3_3_0_val.jpg,28
fairface_9785_3_7_0_val.jpg,34
fairface_536_4_5_0_val.jpg,32
fairface_8721_6_3_0_val.jpg,29
fairface_1873_4_3_0_val.jpg,27
fairface_6119_2_4_1_val.jpg,36
fairface_2008_0_2_0_val.jpg,27
fairface_10649_3_6_1_val.jpg,35
fairface_5684_4_4_1_val.jpg,36
fairface_8148_2_4_0_val.jpg,25
fairface_7280_1_2_1_val.jpg,28
fairface_7493_2_2_0_val.jpg,34
fairface_303_4_1_1_val.jpg,33
fairface_3027_4_4_0_val.jpg,41
fairface_2461_3_3_1_val.jpg,29
fairface_2474_4_2_1_val.jpg,30
fairface_5086_6_3_0_val.jpg,27
fairface_10703_6_3_1_val.jpg,32
fairface_7314_2_1_0_val.jpg,29
fairface_8151_3_3_1_val.jpg,28
fairface_10908_2_4_0_val.jpg,35
fairface_8803_3_5_0_val.jpg,44
fairface_1501_0_5_0_val.jpg,31
fairface_10418_1_7_0_val.jpg,28
fairface_5108_1_4_1_val.jpg,34
fairface_10083_3_4_0_val.jpg,29
fairface_8495_5_3_0_val.jpg,36
fairface_9756_1_1_1_val.jpg,26
fairface_5451_0_3_1_val.jpg,32
fairface_9879_1_2_1_val.jpg,25
fairface_3537_3_3_1_val.jpg,30
fairface_2410_4_7_0_val.jpg,38
fairface_800_2_6_0_val.jpg,29
fairface_9698_6_4_0_val.jpg,28
fairface_9476_2_2_1_val.jpg,32
fairface_2751_0_2_1_val.jpg,30
fairface_353_5_6_0_val.jpg,32
fairface_5045_1_5_0_val.jpg,38
fairface_6452_1_1_1_val.jpg,22
fairface_9564_5_3_1_val.jpg,29
fairface_3963_1_6_0_val.jpg,45
fairface_5907_0_3_1_val.jpg,26
fairface_3852_3_1_1_val.jpg,24
fairface_462_4_6_0_val.jpg,46
fairface_8575_3_4_0_val.jpg,28
fairface_6980_6_3_0_val.jpg,24
fairface_10118_5_1_0_val.jpg,31
fairface_8775_2_3_0_val.jpg,25
fairface_8349_3_5_0_val.jpg,29
fairface_1054_1_3_1_val.jpg,29
fairface_7136_4_2_0_val.jpg,31
fairface_2160_3_3_1_val.jpg,30
fairface_6207_5_5_1_val.jpg,29
fairface_10316_5_7_0_val.jpg,29
fairface_10813_1_4_0_val.jpg,33
fairface_9310_6_2_0_val.jpg,33
fairface_849_1_1_1_val.jpg,27
fairface_10916_0_3_1_val.jpg,33
fairface_4527_3_3_1_val.jpg,33
fairface_8771_2_3_1_val.jpg,30
fairface_6808_2_3_1_val.jpg,26
fairface_2486_2_4_0_val.jpg,45
fairface_6275_5_6_1_val.jpg,30
fairface_4796_3_4_0_val.jpg,28
fairface_2587_0_3_1_val.jpg,30
fairface_6327_4_3_0_val.jpg,30
fairface_44_1_2_0_val.jpg,25
fairface_7410_2_3_0_val.jpg,29
fairface_502_5_1_1_val.jpg,35
fairface_3283_3_6_0_val.jpg,47
fairface_1987_3_6_1_val.jpg,46
fairface_8983_1_2_1_val.jpg,31
fairface_9609_6_1_0_val.jpg,33
fairface_6731_5_2_1_val.jpg,30
fairface_8245_4_6_0_val.jpg,39
fairface_1046_1_8_0_val.jpg,35
fairface_1904_4_3_1_val.jpg,33
fairface_140_5_2_0_val.jpg,26
fairface_6371_3_1_1_val.jpg,23
fairface_687_6_3_0_val.jpg,29
fairface_5579_1_7_1_val.jpg,41
fairface_2192_3_3_0_val.jpg,25
fairface_2103_3_3_1_val.jpg,32
fairface_6846_4_0_1_val.jpg,31
fairface_252_6_1_0_val.jpg,28
fairface_9869_1_3_1_val.jpg,31
fairface_6330_1_4_0_val.jpg,35
fairface_708_4_5_0_val.jpg,41
fairface_9690_3_2_1_val.jpg,31
fairface_7394_3_4_1_val.jpg,34
fairface_5203_1_5_0_val.jpg,33
fairface_10410_0_4_1_val.jpg,38
fairface_1315_6_1_0_val.jpg,33
fairface_7000_0_6_0_val.jpg,36
fairface_9146_3_3_1_val.jpg,31
fairface_162_6_2_0_val.jpg,22
fairface_3892_2_5_0_val.jpg,34
fairface_5986_3_3_1_val.jpg,31
fairface_7662_6_4_0_val.jpg,36
fairface_2818_4_7_0_val.jpg,26
fairface_10506_4_3_0_val.jpg,32
fairface_4485_2_5_0_val.jpg,34
fairface_7500_1_2_1_val.jpg,28
fairface_1530_1_2_1_val.jpg,29
fairface_7888_0_7_1_val.jpg,41
fairface_10502_1_7_0_val.jpg,45
fairface_3781_5_3_0_val.jpg,29
fairface_1889_2_3_0_val.jpg,29
fairface_7297_6_2_1_val.jpg,29
fairface_5005_1_6_1_val.jpg,32
fairface_4756_1_4_0_val.jpg,30
fairface_287_0_3_1_val.jpg,26
fairface_10501_5_2_1_val.jpg,25
fairface_5678_6_5_1_val.jpg,33
fairface_10183_5_4_1_val.jpg,30
fairface_6057_4_3_1_val.jpg,33
fairface_505_1_0_1_val.jpg,29
fairface_9197_3_4_0_val.jpg,36
fairface_5924_0_3_1_val.jpg,33
fairface_2550_5_6_0_val.jpg,43
fairface_9466_2_2_1_val.jpg,22
fairface_3188_2_1_0_val.jpg,37
fairface_6992_1_3_0_val.jpg,31
fairface_6006_3_3_0_val.jpg,34
fairface_3853_4_4_0_val.jpg,29
fairface_3470_0_4_0_val.jpg,37
fairface_10952_1_2_0_val.jpg,28
fairface_304_1_4_1_val.jpg,28
fairface_421_0_2_0_val.jpg,32
fairface_9153_3_3_0_val.jpg,22
fairface_934_1_6_0_val.jpg,25
fairface_2621_2_5_1_val.jpg,35
fairface_2804_1_1_0_val.jpg,30
fairface_5711_1_3_1_val.jpg,33
fairface_6165_5_3_0_val.jpg,28
fairface_2333_3_3_1_val.jpg,30
fairface_5528_6_1_0_val.jpg,34
fairface_8307_5_3_1_val.jpg,35
fairface_10604_2_3_1_val.jpg,26
fairface_1035_0_3_0_val.jpg,25
fairface_5773_5_4_0_val.jpg,32
fairface_1364_4_3_0_val.jpg,33
fairface_7784_1_8_0_val.jpg,32
fairface_9823_6_3_1_val.jpg,29
fairface_10656_4_2_0_val.jpg,27
fairface_9732_6_4_0_val.jpg,32
fairface_7160_1_4_1_val.jpg,28
fairface_3310_3_3_0_val.jpg,42
fairface_135_1_6_1_val.jpg,34
fairface_8991_6_2_0_val.jpg,32
fairface_2739_6_8_0_val.jpg,44
fairface_8761_3_4_0_val.jpg,25
fairface_276_1_1_0_val.jpg,27
fairface_9724_0_3_1_val.jpg,29
fairface_3959_3_3_1_val.jpg,32
fairface_6139_3_3_0_val.jpg,23
fairface_515_2_1_0_val.jpg,30
fairface_1371_3_6_1_val.jpg,38
fairface_7906_2_4_1_val.jpg,32
fairface_6577_0_3_0_val.jpg,25
fairface_6876_0_5_0_val.jpg,40
fairface_1673_2_4_1_val.jpg,35
fairface_6185_2_5_0_val.jpg,28
fairface_4774_6_1_0_val.jpg,30
fairface_1790_0_3_0_val.jpg,28
fairface_3387_2_2_0_val.jpg,38
fairface_8016_4_4_0_val.jpg,25
fairface_4006_1_5_0_val.jpg,44
fairface_3453_1_7_0_val.jpg,33
fairface_8637_3_4_0_val.jpg,35
fairface_8726_3_1_0_val.jpg,35
fairface_8558_2_6_1_val.jpg,40
fairface_3318_1_2_1_val.jpg,35
fairface_356_0_4_0_val.jpg,25
fairface_4538_3_3_0_val.jpg,24
fairface_7864_5_4_1_val.jpg,34
fairface_9939_5_3_1_val.jpg,28
fairface_4885_1_4_1_val.jpg,31
fairface_3891_0_1_0_val.jpg,27
fairface_348_1_5_0_val.jpg,24
fairface_2334_4_2_1_val.jpg,29
fairface_7889_5_3_1_val.jpg,32
fairface_3483_5_3_0_val.jpg,30
fairface_5912_1_2_1_val.jpg,30
fairface_2910_3_7_0_val.jpg,40
fairface_2515_3_3_1_val.jpg,31
fairface_10605_2_3_0_val.jpg,33
fairface_2254_4_6_0_val.jpg,34
fairface_1737_4_2_0_val.jpg,29
fairface_6102_3_7_0_val.jpg,42
fairface_3354_5_3_0_val.jpg,34
fairface_8605_5_4_0_val.jpg,41
fairface_3505_5_4_0_val.jpg,26
fairface_829_2_1_1_val.jpg,31
fairface_3914_0_5_0_val.jpg,25
fairface_607_5_3_1_val.jpg,29
fairface_6875_6_4_0_val.jpg,26
fairface_8567_6_1_1_val.jpg,28
fairface_9077_2_4_1_val.jpg,27
fairface_6633_3_7_0_val.jpg,45
fairface_3514_4_3_1_val.jpg,28
fairface_7560_5_5_1_val.jpg,31
fairface_6447_4_3_0_val.jpg,27
fairface_8033_4_5_0_val.jpg,34
fairface_6169_1_4_0_val.jpg,35
fairface_239_1_3_1_val.jpg,32
fairface_10558_4_4_0_val.jpg,31
fairface_9207_3_3_0_val.jpg,30
fairface_9770_3_3_1_val.jpg,29
fairface_231_4_6_0_val.jpg,40
fairface_5639_3_4_0_val.jpg,41
fairface_4202_0_4_0_val.jpg,22
fairface_3456_4_4_0_val.jpg,29
fairface_7112_4_1_0_val.jpg,28
fairface_8406_4_4_0_val.jpg,32
fairface_1311_6_3_1_val.jpg,24
fairface_4802_0_6_0_val.jpg,36
fairface_2024_1_5_0_val.jpg,44
fairface_10211_0_2_0_val.jpg,32
fairface_126_3_1_1_val.jpg,29
fairface_2263_5_3_1_val.jpg,34
fairface_4872_4_5_1_val.jpg,42
fairface_9819_3_3_1_val.jpg,29
fairface_1261_2_4_1_val.jpg,40
fairface_8869_2_6_0_val.jpg,41
fairface_7537_6_3_1_val.jpg,32
fairface_1108_3_0_1_val.jpg,22
fairface_588_2_2_1_val.jpg,26
fairface_7584_0_3_1_val.jpg,27
fairface_3101_4_3_0_val.jpg,28
fairface_7524_4_7_0_val.jpg,45
fairface_5483_1_4_1_val.jpg,31
fairface_2585_6_3_1_val.jpg,31
fairface_9659_3_6_0_val.jpg,37
fairface_6643_3_4_1_val.jpg,32
fairface_3687_3_2_1_val.jpg,27
fairface_4184_0_6_1_val.jpg,26
fairface_2571_2_1_1_val.jpg,29
fairface_4157_0_3_0_val.jpg,33
fairface_6510_2_2_0_val.jpg,31
fairface_6318_4_6_1_val.jpg,39
fairface_10323_3_5_0_val.jpg,29
fairface_337_1_1_0_val.jpg,29
fairface_7655_1_3_1_val.jpg,31
fairface_4496_4_4_0_val.jpg,34
fairface_3448_5_3_1_val.jpg,33
fairface_5322_4_3_1_val.jpg,24
fairface_6079_1_4_0_val.jpg,27
fairface_8408_0_4_0_val.jpg,35
fairface_10766_2_5_0_val.jpg,31
fairface_9858_1_3_0_val.jpg,34
fairface_9457_3_5_0_val.jpg,38
fairface_1613_6_4_0_val.jpg,25
fairface_5034_5_1_1_val.jpg,37
fairface_4324_4_2_0_val.jpg,31
fairface_8223_5_3_0_val.jpg,27
fairface_54_6_4_0_val.jpg,37
fairface_9429_0_4_1_val.jpg,43
fairface_5820_3_4_0_val.jpg,36
fairface_2319_1_1_0_val.jpg,34
fairface_4897_0_3_1_val.jpg,34
fairface_4613_2_3_0_val.jpg,34
fairface_8473_5_4_1_val.jpg,31
fairface_10200_3_4_0_val.jpg,35
fairface_6347_5_4_1_val.jpg,33
fairface_5968_3_1_1_val.jpg,29
fairface_3024_2_3_1_val.jpg,32
fairface_7651_1_1_0_val.jpg,33
fairface_10253_4_6_0_val.jpg,46
fairface_7839_4_3_0_val.jpg,32
fairface_9955_2_3_0_val.jpg,38
fairface_5817_4_4_0_val.jpg,31
fairface_5457_1_4_0_val.jpg,37
fairface_10681_4_4_0_val.jpg,41
fairface_7093_0_3_1_val.jpg,34
fairface_7019_0_4_1_val.jpg,33
fairface_5053_0_3_1_val.jpg,28
fairface_9825_2_5_1_val.jpg,36
fairface_677_5_6_1_val.jpg,34
fairface_9281_6_4_1_val.jpg,30
fairface_5334_6_6_1_val.jpg,36
fairface_10274_1_7_0_val.jpg,31
fairface_4567_5_4_1_val.jpg,24
fairface_5182_3_3_0_val.jpg,33
fairface_4605_5_6_0_val.jpg,44
fairface_4790_1_3_0_val.jpg,28
fairface_399_2_3_0_val.jpg,26
fairface_4241_5_4_1_val.jpg,33
fairface_10130_4_4_0_val.jpg,31
fairface_9902_5_3_1_val.jpg,39
fairface_6141_5_6_0_val.jpg,43
fairface_6878_3_7_1_val.jpg,48
fairface_5999_4_2_0_val.jpg,30
fairface_8897_0_3_1_val.jpg,33
fairface_3491_2_3_1_val.jpg,25
fairface_10702_3_1_0_val.jpg,24
fairface_7546_2_1_1_val.jpg,31
fairface_3451_3_4_0_val.jpg,33
fairface_10161_4_5_0_val.jpg,43
fairface_4222_5_1_1_val.jpg,19
fairface_7512_2_3_1_val.jpg,26
fairface_8740_6_3_0_val.jpg,38
fairface_5006_6_4_0_val.jpg,24
fairface_7860_2_5_0_val.jpg,26
fairface_2884_4_4_0_val.jpg,29
fairface_8899_1_4_0_val.jpg,33
fairface_10926_1_2_1_val.jpg,28
fairface_7459_0_5_1_val.jpg,36
fairface_6501_5_3_0_val.jpg,34
fairface_10527_1_3_0_val.jpg,26
fairface_679_2_2_1_val.jpg,27
fairface_4928_0_4_1_val.jpg,34
fairface_2839_0_3_1_val.jpg,32
fairface_6270_3_4_0_val.jpg,34
fairface_10671_3_1_1_val.jpg,24
fairface_793_3_3_0_val.jpg,26
fairface_5930_4_6_0_val.jpg,46
fairface_9918_5_5_1_val.jpg,34
fairface_4519_6_6_1_val.jpg,29
fairface_3855_2_3_1_val.jpg,34
fairface_2027_5_3_1_val.jpg,29
fairface_8294_6_5_0_val.jpg,41
fairface_223_5_5_1_val.jpg,32
fairface_1770_1_6_0_val.jpg,45
fairface_5049_2_4_0_val.jpg,30
fairface_5312_3_1_0_val.jpg,26
fairface_1517_1_5_1_val.jpg,26
fairface_8903_2_3_1_val.jpg,32
fairface_940_0_4_1_val.jpg,33
fairface_1868_6_3_1_val.jpg,32
fairface_6231_0_1_0_val.jpg,26
fairface_6862_2_5_1_val.jpg,28
fairface_4703_2_2_1_val.jpg,24
fairface_5722_0_1_1_val.jpg,28
fairface_4524_2_4_0_val.jpg,26
fairface_1141_1_1_0_val.jpg,29
fairface_10839_2_1_0_val.jpg,26
fairface_4675_2_3_1_val.jpg,45
fairface_6617_6_3_0_val.jpg,29
fairface_600_6_3_1_val.jpg,36
fairface_10776_6_3_1_val.jpg,32
fairface_5926_5_1_1_val.jpg,29
fairface_2554_4_3_1_val.jpg,28
fairface_2475_5_7_1_val.jpg,47
fairface_1377_4_7_0_val.jpg,48
fairface_8795_6_6_0_val.jpg,40
fairface_1005_5_5_1_val.jpg,33
fairface_7646_3_0_1_val.jpg,23
fairface_3370_1_4_0_val.jpg,32
fairface_6957_2_4_1_val.jpg,37
fairface_4592_2_4_1_val.jpg,32
fairface_9662_3_3_1_val.jpg,36
fairface_8467_6_3_0_val.jpg,22
fairface_3333_6_3_0_val.jpg,27
fairface_2518_4_2_1_val.jpg,27
fairface_7895_0_1_0_val.jpg,36
fairface_4258_3_4_1_val.jpg,31
fairface_2687_5_3_1_val.jpg,33
fairface_7477_1_3_1_val.jpg,37
fairface_125_0_4_1_val.jpg,33
fairface_6140_4_4_1_val.jpg,34
fairface_7378_0_2_0_val.jpg,30
fairface_8886_1_6_1_val.jpg,33
fairface_3080_5_3_0_val.jpg,30
fairface_6398_1_3_1_val.jpg,32
fairface_10800_6_5_0_val.jpg,28
fairface_2723_0_1_1_val.jpg,27
fairface_1438_0_3_1_val.jpg,34
fairface_2612_5_3_1_val.jpg,32
fairface_8734_3_3_1_val.jpg,37
fairface_6955_5_6_1_val.jpg,32
fairface_3145_3_4_0_val.jpg,28
fairface_1632_2_3_1_val.jpg,29
fairface_9709_5_1_1_val.jpg,26
fairface_7467_3_4_1_val.jpg,45
fairface_10821_6_4_1_val.jpg,30
fairface_355_6_0_1_val.jpg,36
fairface_4547_6_3_0_val.jpg,27
fairface_2998_1_5_1_val.jpg,36
fairface_146_6_5_0_val.jpg,45
fairface_5093_0_0_1_val.jpg,30
fairface_2223_0_4_0_val.jpg,33
fairface_9505_4_5_1_val.jpg,41
fairface_2704_3_3_0_val.jpg,32
fairface_4968_0_1_0_val.jpg,29
fairface_6150_4_2_1_val.jpg,39
fairface_10430_6_3_0_val.jpg,35
fairface_6953_2_1_0_val.jpg,30
fairface_2989_5_4_1_val.jpg,26
fairface_3227_0_1_0_val.jpg,21
fairface_1357_4_2_0_val.jpg,25
fairface_6106_2_3_0_val.jpg,24
fairface_3535_3_3_1_val.jpg,34
fairface_7894_5_4_1_val.jpg,30
fairface_3506_4_3_0_val.jpg,26
fairface_9831_2_3_0_val.jpg,23
fairface_6285_2_3_0_val.jpg,29
fairface_6965_3_3_1_val.jpg,35
fairface_9375_1_2_0_val.jpg,36
fairface_7370_5_3_0_val.jpg,38
fairface_4243_3_3_0_val.jpg,30
fairface_1633_6_4_0_val.jpg,33
fairface_1581_0_3_1_val.jpg,31
fairface_10707_0_3_1_val.jpg,29
fairface_4880_5_6_0_val.jpg,32
fairface_4175_0_5_0_val.jpg,36
fairface_10383_5_4_0_val.jpg,33
fairface_152_6_3_1_val.jpg,23
fairface_10773_0_3_0_val.jpg,25
fairface_773_5_3_1_val.jpg,25
fairface_6343_3_3_1_val.jpg,30
fairface_4281_3_4_0_val.jpg,36
fairface_7790_0_3_1_val.jpg,28
fairface_4494_0_0_0_val.jpg,19
fairface_5517_6_1_0_val.jpg,29
fairface_9894_0_6_0_val.jpg,27
fairface_1380_3_5_1_val.jpg,30
fairface_3244_1_1_1_val.jpg,27
fairface_10783_3_4_0_val.jpg,35
fairface_8644_4_3_1_val.jpg,25
fairface_7043_2_3_1_val.jpg,29
fairface_344_5_3_0_val.jpg,23
fairface_8970_2_1_1_val.jpg,28
fairface_6599_2_3_0_val.jpg,27
fairface_1799_5_3_1_val.jpg,28
fairface_8604_6_5_1_val.jpg,32
fairface_10682_6_5_1_val.jpg,41
fairface_8652_2_1_1_val.jpg,31
fairface_2558_3_3_0_val.jpg,23
fairface_2446_1_1_0_val.jpg,32
fairface_3012_5_1_0_val.jpg,26
fairface_5843_4_6_0_val.jpg,32
fairface_9545_4_4_0_val.jpg,32
fairface_3680_3_4_0_val.jpg,29
fairface_4543_3_3_0_val.jpg,31
fairface_9182_0_3_0_val.jpg,33
fairface_9839_3_3_1_val.jpg,33
fairface_4158_0_1_0_val.jpg,27
fairface_4616_5_3_0_val.jpg,34
fairface_10401_1_3_0_val.jpg,26
fairface_9150_1_1_0_val.jpg,29
fairface_9462_3_5_0_val.jpg,40
fairface_3338_4_3_0_val.jpg,31
fairface_8792_1_4_0_val.jpg,34
fairface_35_4_7_1_val.jpg,29
fairface_1577_1_4_0_val.jpg,28
fairface_6194_0_3_1_val.jpg,31
fairface_1344_3_6_0_val.jpg,49
fairface_7044_0_6_1_val.jpg,33
fairface_87_6_3_1_val.jpg,27
fairface_9293_4_6_0_val.jpg,28
fairface_2408_3_1_1_val.jpg,17
fairface_3358_0_3_1_val.jpg,33
fairface_4317_4_3_0_val.jpg,35
fairface_9903_2_2_0_val.jpg,28
fairface_2198_0_1_0_val.jpg,28
fairface_835_6_1_0_val.jpg,26
fairface_3667_1_5_1_val.jpg,32
fairface_3253_4_1_1_val.jpg,30
fairface_6291_0_3_0_val.jpg,37
fairface_10097_2_4_0_val.jpg,39
fairface_3221_0_1_1_val.jpg,27
fairface_9165_6_6_1_val.jpg,31
fairface_3732_1_3_1_val.jpg,24
fairface_10643_3_4_1_val.jpg,41
fairface_9795_1_4_0_val.jpg,35
fairface_4900_3_3_1_val.jpg,35
fairface_9630_5_3_1_val.jpg,33
fairface_2038_1_3_0_val.jpg,25
fairface_5231_4_7_0_val.jpg,43
fairface_590_5_6_0_val.jpg,38
fairface_10796_5_3_1_val.jpg,39
fairface_7018_1_4_0_val.jpg,40
fairface_1378_5_3_1_val.jpg,31
fairface_4599_2_1_1_val.jpg,30
fairface_4887_2_4_1_val.jpg,32
fairface_9143_5_4_0_val.jpg,34
fairface_3957_5_1_0_val.jpg,23
fairface_523_3_4_1_val.jpg,39
fairface_9934_1_2_0_val.jpg,26
fairface_2591_3_4_0_val.jpg,51
fairface_6773_0_3_1_val.jpg,32
fairface_3940_2_3_1_val.jpg,43
fairface_6310_3_3_1_val.jpg,33
fairface_3911_6_4_0_val.jpg,37
fairface_9335_2_3_0_val.jpg,30
fairface_7252_2_3_1_val.jpg,34
fairface_6896_3_5_0_val.jpg,29
fairface_3060_4_4_1_val.jpg,33
fairface_3296_3_4_1_val.jpg,45
fairface_491_2_4_0_val.jpg,24
fairface_4461_1_3_0_val.jpg,31
fairface_89_1_6_0_val.jpg,31
fairface_5794_1_3_1_val.jpg,30
fairface_5441_4_4_0_val.jpg,23
fairface_6496_0_2_1_val.jpg,30
fairface_10221_0_2_0_val.jpg,29
fairface_4844_0_1_1_val.jpg,27
fairface_10140_2_1_0_val.jpg,31
fairface_4400_3_6_1_val.jpg,41
fairface_417_4_8_0_val.jpg,52
fairface_4015_5_3_0_val.jpg,25
fairface_4116_3_8_1_val.jpg,38
fairface_9443_5_4_1_val.jpg,41
fairface_8562_3_6_0_val.jpg,37
fairface_4446_2_1_0_val.jpg,25
fairface_7483_0_4_1_val.jpg,30
fairface_8524_5_5_0_val.jpg,38
fairface_8527_6_4_0_val.jpg,31
fairface_9946_6_2_0_val.jpg,30
fairface_7209_3_3_1_val.jpg,31
fairface_5216_3_6_0_val.jpg,40
fairface_1082_6_4_1_val.jpg,38
fairface_2786_3_2_0_val.jpg,27
fairface_8389_1_4_0_val.jpg,31
fairface_8375_4_1_0_val.jpg,30
fairface_8814_0_3_1_val.jpg,32
fairface_7566_3_4_0_val.jpg,33
fairface_5679_3_3_0_val.jpg,29
fairface_7632_3_6_1_val.jpg,50
fairface_3838_0_3_1_val.jpg,32
fairface_4218_2_4_1_val.jpg,34
fairface_2982_6_2_1_val.jpg,31
fairface_2414_4_3_1_val.jpg,34
fairface_4671_0_3_1_val.jpg,31
fairface_7056_5_5_0_val.jpg,48
fairface_9910_2_2_1_val.jpg,31
fairface_10628_6_4_1_val.jpg,33
fairface_20_1_3_1_val.jpg,33
fairface_8858_2_4_1_val.jpg,32
fairface_9544_3_1_1_val.jpg,27
fairface_3702_2_5_0_val.jpg,38
fairface_8353_2_5_1_val.jpg,33
fairface_4843_5_8_1_val.jpg,31
fairface_642_5_4_0_val.jpg,31
fairface_257_6_1_0_val.jpg,31
fairface_6954_6_6_0_val.jpg,37
fairface_3015_5_2_1_val.jpg,27
fairface_5251_2_1_1_val.jpg,26
fairface_1815_1_3_1_val.jpg,32
fairface_887_2_2_1_val.jpg,29
fairface_5106_0_3_1_val.jpg,37
fairface_7233_5_3_1_val.jpg,35
fairface_8233_1_2_0_val.jpg,28
fairface_7327_4_2_0_val.jpg,28
fairface_10157_4_6_0_val.jpg,39
fairface_1709_4_4_1_val.jpg,30
fairface_8709_2_4_0_val.jpg,27
fairface_10092_3_1_1_val.jpg,27
fairface_3083_0_1_0_val.jpg,25
fairface_8972_3_3_1_val.jpg,31
fairface_8948_2_4_0_val.jpg,29
fairface_2812_1_4_0_val.jpg,25
fairface_10860_6_5_1_val.jpg,33
fairface_7561_5_1_1_val.jpg,25
fairface_7331_3_1_0_val.jpg,26
fairface_1582_6_1_0_val.jpg,38
fairface_7812_0_3_0_val.jpg,26
fairface_1314_2_1_0_val.jpg,29
fairface_10189_0_3_1_val.jpg,28
fairface_1927_5_3_0_val.jpg,25
fairface_2623_3_4_1_val.jpg,32
fairface_9094_3_4_1_val.jpg,27
fairface_8_3_2_0_val.jpg,29
fairface_9665_6_3_1_val.jpg,34
fairface_5462_6_2_0_val.jpg,25
fairface_1757_1_3_1_val.jpg,25
fairface_2592_0_5_0_val.jpg,31
fairface_1373_4_5_0_val.jpg,32
fairface_5340_4_4_0_val.jpg,31
fairface_526_2_3_0_val.jpg,24
fairface_7411_3_2_0_val.jpg,26
fairface_7739_2_1_0_val.jpg,26
fairface_2611_6_0_0_val.jpg,31
fairface_3482_6_4_1_val.jpg,41
fairface_9213_2_1_1_val.jpg,26
fairface_8111_4_4_0_val.jpg,25
fairface_4644_0_1_0_val.jpg,27
fairface_1406_5_5_0_val.jpg,39
fairface_6190_0_3_0_val.jpg,39
fairface_8538_3_4_0_val.jpg,38
fairface_333_3_5_0_val.jpg,41
fairface_8396_6_7_0_val.jpg,52
fairface_5229_5_2_1_val.jpg,28
fairface_670_5_6_0_val.jpg,29
fairface_6866_0_4_0_val.jpg,37
fairface_7526_1_5_0_val.jpg,28
fairface_4352_1_1_0_val.jpg,31
fairface_2963_4_4_0_val.jpg,32
fairface_2109_6_5_0_val.jpg,29
fairface_6871_2_2_0_val.jpg,26
fairface_8262_6_3_1_val.jpg,26
fairface_10008_0_1_1_val.jpg,36
fairface_6574_4_1_0_val.jpg,23
fairface_8099_0_3_0_val.jpg,30
fairface_1320_5_2_0_val.jpg,30
fairface_4200_5_3_0_val.jpg,32
fairface_4465_5_2_0_val.jpg,27
fairface_6406_0_4_1_val.jpg,30
fairface_5909_2_1_0_val.jpg,30
fairface_1650_0_3_0_val.jpg,27
fairface_9881_6_3_1_val.jpg,26
fairface_4714_0_8_0_val.jpg,50
fairface_753_4_2_0_val.jpg,36
fairface_7714_5_4_1_val.jpg,34
fairface_406_5_3_1_val.jpg,30
fairface_6_4_5_0_val.jpg,39
fairface_6111_0_3_1_val.jpg,33
fairface_3805_2_4_1_val.jpg,29
fairface_7854_5_3_1_val.jpg,29
fairface_9562_4_3_1_val.jpg,28
fairface_6521_2_6_0_val.jpg,42
fairface_3698_0_6_1_val.jpg,38
fairface_8180_4_0_0_val.jpg,28
fairface_3933_3_3_0_val.jpg,36
fairface_554_3_6_0_val.jpg,50
fairface_1263_5_0_0_val.jpg,34
fairface_9120_3_1_0_val.jpg,36
fairface_9972_6_3_1_val.jpg,28
fairface_10170_5_0_1_val.jpg,20
fairface_9812_3_2_1_val.jpg,35
fairface_1057_1_3_1_val.jpg,37
fairface_5300_6_1_1_val.jpg,20
fairface_7921_3_1_0_val.jpg,26
fairface_7145_0_1_1_val.jpg,32
fairface_3078_3_3_0_val.jpg,24
fairface_7710_5_3_0_val.jpg,27
fairface_5328_0_4_0_val.jpg,32
fairface_1104_0_4_0_val.jpg,29
fairface_10784_2_3_1_val.jpg,32
fairface_8820_6_3_1_val.jpg,29
fairface_10167_2_4_0_val.jpg,31
fairface_1397_2_1_1_val.jpg,26
fairface_9264_2_1_1_val.jpg,23
fairface_3495_2_3_1_val.jpg,35
fairface_5347_1_3_0_val.jpg,27
fairface_3744_6_4_0_val.jpg,29
fairface_9860_5_6_0_val.jpg,46
fairface_4343_5_3_0_val.jpg,29
fairface_2836_0_4_0_val.jpg,37
fairface_2052_6_3_0_val.jpg,36
fairface_2790_1_1_0_val.jpg,31
fairface_7891_2_3_1_val.jpg,32
fairface_656_5_4_0_val.jpg,26
fairface_9224_2_1_1_val.jpg,28
fairface_3860_1_4_0_val.jpg,32
fairface_6710_3_6_1_val.jpg,31
fairface_1840_5_3_1_val.jpg,33
fairface_9041_5_4_1_val.jpg,24
fairface_9768_6_4_0_val.jpg,31
fairface_7275_5_1_1_val.jpg,34
fairface_8362_2_2_0_val.jpg,33
fairface_3688_6_4_0_val.jpg,33
fairface_9563_1_4_0_val.jpg,32
fairface_7111_1_3_0_val.jpg,27
fairface_6252_5_4_0_val.jpg,30
fairface_5386_3_2_1_val.jpg,34
fairface_8308_3_4_0_val.jpg,23
fairface_5194_4_1_0_val.jpg,28
fairface_9570_5_3_1_val.jpg,32
fairface_2457_6_3_0_val.jpg,25
fairface_654_1_2_0_val.jpg,28
fairface_5844_5_5_0_val.jpg,28
fairface_1381_3_6_0_val.jpg,29
fairface_4430_2_6_1_val.jpg,36
fairface_6080_6_4_0_val.jpg,35
fairface_7868_1_3_1_val.jpg,27
fairface_1576_6_4_0_val.jpg,32
fairface_1555_3_3_0_val.jpg,34
fairface_9244_0_2_1_val.jpg,33
fairface_8022_0_4_1_val.jpg,28
fairface_2803_0_3_1_val.jpg,31
fairface_3_1_3_1_val.jpg,28
fairface_921_2_1_0_val.jpg,30
fairface_4744_1_1_0_val.jpg,27
fairface_4713_1_4_1_val.jpg,32
fairface_6696_3_6_0_val.jpg,43
fairface_996_6_4_0_val.jpg,28
fairface_2185_6_3_0_val.jpg,25
fairface_1469_5_2_1_val.jpg,25
fairface_4043_1_6_0_val.jpg,34
fairface_2781_1_2_0_val.jpg,26
fairface_7880_4_4_0_val.jpg,29
fairface_10803_6_5_0_val.jpg,25
fairface_8200_4_4_0_val.jpg,26
fairface_7934_0_5_0_val.jpg,31
fairface_5917_2_3_0_val.jpg,38
fairface_1606_5_1_0_val.jpg,38
fairface_260_5_4_0_val.jpg,34
fairface_10202_5_7_0_val.jpg,38
fairface_7216_3_4_0_val.jpg,35
fairface_10675_1_1_0_val.jpg,24
fairface_5346_1_4_0_val.jpg,24
fairface_4782_3_3_0_val.jpg,30
fairface_6585_5_4_1_val.jpg,32
fairface_6907_6_5_1_val.jpg,33
fairface_7555_2_3_0_val.jpg,30
fairface_4896_1_8_1_val.jpg,46
fairface_285_6_3_0_val.jpg,26
fairface_9546_2_4_1_val.jpg,33
fairface_2179_4_2_1_val.jpg,24
fairface_6881_6_3_0_val.jpg,27
fairface_3332_0_4_0_val.jpg,35
fairface_10878_5_3_0_val.jpg,26
fairface_8202_2_4_0_val.jpg,28
fairface_10246_5_5_0_val.jpg,41
fairface_2512_3_1_1_val.jpg,23
fairface_1226_1_1_0_val.jpg,46
fairface_933_5_3_1_val.jpg,29
fairface_7613_5_5_1_val.jpg,35
fairface_9861_1_3_1_val.jpg,30
fairface_7985_6_4_0_val.jpg,29
fairface_8205_4_5_0_val.jpg,26
fairface_7713_2_3_1_val.jpg,26
fairface_24_3_3_1_val.jpg,24
fairface_9749_0_2_1_val.jpg,30
fairface_2036_4_5_1_val.jpg,39
fairface_5011_0_4_0_val.jpg,29
fairface_1611_0_5_0_val.jpg,31
fairface_1211_2_0_0_val.jpg,28
fairface_4223_2_7_0_val.jpg,39
fairface_10894_2_3_1_val.jpg,28
fairface_10636_4_6_0_val.jpg,43
fairface_10451_0_4_0_val.jpg,25
fairface_3186_5_3_1_val.jpg,23
fairface_4716_2_7_1_val.jpg,30
fairface_9117_5_5_1_val.jpg,41
fairface_6368_3_4_1_val.jpg,37
fairface_332_3_3_0_val.jpg,31
fairface_8447_2_2_1_val.jpg,32
fairface_8066_3_3_0_val.jpg,23
fairface_8443_1_4_1_val.jpg,27
fairface_4727_6_0_1_val.jpg,31
fairface_4539_1_3_0_val.jpg,27
fairface_6938_1_6_0_val.jpg,40
fairface_102_1_5_0_val.jpg,42
fairface_4548_4_2_1_val.jpg,32
fairface_1200_2_1_0_val.jpg,39
fairface_3661_2_5_0_val.jpg,39
fairface_10432_0_4_1_val.jpg,28
fairface_2407_5_2_1_val.jpg,32
fairface_1623_3_4_0_val.jpg,33
fairface_8630_2_4_0_val.jpg,25
fairface_3930_1_3_1_val.jpg,32
fairface_7665_3_2_1_val.jpg,30
fairface_2823_1_3_0_val.jpg,35
fairface_8005_2_1_0_val.jpg,23
fairface_821_4_3_1_val.jpg,31
fairface_96_3_4_1_val.jpg,39
fairface_6568_0_4_0_val.jpg,31
fairface_7436_3_4_0_val.jpg,31
fairface_4256_3_4_1_val.jpg,39
fairface_10537_5_5_0_val.jpg,37
fairface_970_0_4_0_val.jpg,27
fairface_4870_6_7_0_val.jpg,39
fairface_1768_2_2_0_val.jpg,35
fairface_5321_5_3_0_val.jpg,28
fairface_4049_3_3_0_val.jpg,27
fairface_6540_5_5_0_val.jpg,39
fairface_3117_6_3_1_val.jpg,28
fairface_10917_3_4_0_val.jpg,35
fairface_1168_2_1_1_val.jpg,34
fairface_2305_1_5_0_val.jpg,50
fairface_9484_4_4_0_val.jpg,35
fairface_2530_1_3_0_val.jpg,29
fairface_2822_1_3_0_val.jpg,26
fairface_6948_3_4_1_val.jpg,32
fairface_10724_2_7_0_val.jpg,41
fairface_196_3_5_1_val.jpg,24
fairface_5073_4_5_1_val.jpg,43
fairface_5739_0_1_1_val.jpg,30
fairface_10461_4_4_0_val.jpg,28
fairface_5261_4_1_0_val.jpg,31
fairface_1145_6_1_1_val.jpg,30
fairface_10476_3_4_0_val.jpg,38
fairface_955_4_1_0_val.jpg,32
fairface_8908_1_4_0_val.jpg,28
fairface_10728_1_3_1_val.jpg,32
fairface_9508_3_1_1_val.jpg,38
fairface_10217_6_3_1_val.jpg,30
fairface_3307_0_2_1_val.jpg,25
fairface_7401_3_2_1_val.jpg,28
fairface_7265_3_3_0_val.jpg,40
fairface_7776_4_1_0_val.jpg,30
fairface_4794_6_4_1_val.jpg,35
fairface_2469_4_4_0_val.jpg,30
fairface_9453_0_3_0_val.jpg,34
fairface_7405_0_3_0_val.jpg,28
fairface_10017_3_3_1_val.jpg,36
fairface_2371_2_4_0_val.jpg,28
fairface_5118_5_5_1_val.jpg,35
fairface_4876_6_5_1_val.jpg,40
fairface_10785_1_2_1_val.jpg,29
fairface_3225_2_2_1_val.jpg,26
fairface_1450_6_6_1_val.jpg,44
fairface_5424_1_4_1_val.jpg,31
fairface_4952_0_8_1_val.jpg,48
fairface_204_6_1_1_val.jpg,28
fairface_5590_2_4_0_val.jpg,28
fairface_9295_1_3_1_val.jpg,27
fairface_6317_3_7_1_val.jpg,43
fairface_6578_3_3_1_val.jpg,30
fairface_7994_2_3_0_val.jpg,26
fairface_6598_5_2_1_val.jpg,35
fairface_5500_3_2_0_val.jpg,23
fairface_10124_5_4_0_val.jpg,24
fairface_2568_6_1_1_val.jpg,24
fairface_2301_5_4_1_val.jpg,37
fairface_3123_3_2_0_val.jpg,32
fairface_7385_2_5_0_val.jpg,37
fairface_1435_0_3_1_val.jpg,30
fairface_10035_5_3_1_val.jpg,33
fairface_591_2_2_0_val.jpg,27
fairface_6991_0_3_0_val.jpg,34
fairface_7041_4_4_0_val.jpg,32
fairface_10049_2_3_0_val.jpg,24
fairface_8861_1_2_0_val.jpg,30
fairface_6946_2_1_0_val.jpg,29
fairface_1426_3_6_1_val.jpg,35
fairface_7203_1_2_1_val.jpg,30
fairface_3977_6_2_0_val.jpg,23
fairface_10351_5_4_0_val.jpg,36
fairface_1906_6_2_1_val.jpg,28
fairface_8532_5_1_0_val.jpg,29
fairface_9249_4_3_0_val.jpg,34
fairface_9231_1_2_1_val.jpg,29
fairface_2624_0_3_0_val.jpg,29
fairface_1806_0_5_0_val.jpg,27
fairface_2138_3_3_1_val.jpg,31
fairface_4894_0_3_1_val.jpg,30
fairface_189_0_2_0_val.jpg,30
fairface_326_2_1_0_val.jpg,34
fairface_6028_6_2_1_val.jpg,32
fairface_6188_3_3_0_val.jpg,31
fairface_2294_6_4_0_val.jpg,35
fairface_3243_2_4_0_val.jpg,41
fairface_9085_0_4_1_val.jpg,40
fairface_6927_5_4_0_val.jpg,31
fairface_7706_6_3_1_val.jpg,30
fairface_4039_3_4_0_val.jpg,41
fairface_7660_0_3_1_val.jpg,31
fairface_8703_5_1_0_val.jpg,26
fairface_4666_0_3_0_val.jpg,25
fairface_3572_6_1_0_val.jpg,36
fairface_9969_2_3_0_val.jpg,27
fairface_343_4_1_1_val.jpg,27
fairface_5152_5_3_1_val.jpg,31
fairface_6492_2_2_0_val.jpg,31
fairface_1000_2_5_0_val.jpg,33
fairface_7635_3_3_0_val.jpg,37
fairface_10050_6_3_0_val.jpg,34
fairface_8508_5_7_0_val.jpg,35
fairface_1161_3_5_1_val.jpg,40
fairface_9134_0_4_0_val.jpg,32
fairface_995_6_2_0_val.jpg,32
fairface_7190_5_3_1_val.jpg,32
fairface_425_6_3_1_val.jpg,30
fairface_8021_6_7_1_val.jpg,46
fairface_7875_2_5_1_val.jpg,42
fairface_2975_1_1_1_val.jpg,26
fairface_1615_1_2_1_val.jpg,32
fairface_6649_0_3_1_val.jpg,28
fairface_2951_4_4_0_val.jpg,38
fairface_7494_6_2_1_val.jpg,23
fairface_6192_1_3_1_val.jpg,30
fairface_3606_4_3_0_val.jpg,28
fairface_2616_2_4_1_val.jpg,31
fairface_270_6_3_1_val.jpg,31
fairface_9145_5_3_1_val.jpg,30
fairface_5474_3_4_0_val.jpg,24
fairface_3775_6_3_1_val.jpg,30
fairface_4988_3_7_1_val.jpg,43
fairface_10613_6_3_1_val.jpg,31
fairface_2384_5_3_1_val.jpg,25
fairface_5211_3_4_1_val.jpg,29
fairface_2101_2_2_0_val.jpg,30
fairface_4048_3_3_1_val.jpg,31
fairface_560_3_0_0_val.jpg,17
fairface_9444_1_7_1_val.jpg,38
fairface_5116_6_3_0_val.jpg,41
fairface_10815_5_3_0_val.jpg,36
fairface_7836_2_3_1_val.jpg,29
fairface_9424_2_5_1_val.jpg,33
fairface_1719_2_1_0_val.jpg,28
fairface_8009_1_5_1_val.jpg,24
fairface_9747_4_2_1_val.jpg,28
fairface_10680_0_1_0_val.jpg,20
fairface_6929_3_1_1_val.jpg,15
fairface_467_3_1_0_val.jpg,33
fairface_1694_2_2_1_val.jpg,27
fairface_5121_2_6_1_val.jpg,32
fairface_5750_3_1_1_val.jpg,26
fairface_9323_2_3_1_val.jpg,38
fairface_8773_1_5_0_val.jpg,40
fairface_10623_6_4_0_val.jpg,41
fairface_2183_3_3_1_val.jpg,33
fairface_2955_1_5_0_val.jpg,34
fairface_8278_3_5_1_val.jpg,39
fairface_6170_1_1_0_val.jpg,30
fairface_2656_3_5_0_val.jpg,26
fairface_1177_3_3_0_val.jpg,28
fairface_7060_5_2_1_val.jpg,32
fairface_870_6_1_1_val.jpg,26
fairface_831_6_3_1_val.jpg,31
fairface_8299_6_2_1_val.jpg,32
fairface_4063_2_4_1_val.jpg,30
fairface_6271_4_0_0_val.jpg,23
fairface_8615_3_4_0_val.jpg,27
fairface_920_5_6_1_val.jpg,41
fairface_3883_4_7_0_val.jpg,31
fairface_1333_3_6_0_val.jpg,44
fairface_1546_1_3_0_val.jpg,35
fairface_2619_1_4_1_val.jpg,32
fairface_8204_6_3_0_val.jpg,25
fairface_4124_5_1_0_val.jpg,28
fairface_5943_3_3_0_val.jpg,32
fairface_3808_0_2_0_val.jpg,26
fairface_7318_6_3_0_val.jpg,32
fairface_1014_0_7_1_val.jpg,32
fairface_345_3_4_1_val.jpg,34
fairface_906_6_4_0_val.jpg,27
fairface_9859_6_2_0_val.jpg,24
fairface_1174_0_4_0_val.jpg,32
fairface_5001_4_2_1_val.jpg,28
fairface_10096_2_1_0_val.jpg,29
fairface_9596_2_4_1_val.jpg,26
fairface_5719_6_3_1_val.jpg,34
fairface_7191_1_7_1_val.jpg,42
fairface_6366_1_4_0_val.jpg,33
fairface_4889_5_3_1_val.jpg,29
fairface_4621_0_3_1_val.jpg,33
fairface_5294_2_6_0_val.jpg,29
fairface_277_3_1_1_val.jpg,35
fairface_2049_2_5_1_val.jpg,39
fairface_8415_3_7_0_val.jpg,43
fairface_5793_5_1_1_val.jpg,39
fairface_4348_6_6_0_val.jpg,45
fairface_3450_6_2_1_val.jpg,25
fairface_7329_3_6_0_val.jpg,42
fairface_10902_5_5_0_val.jpg,34
fairface_3026_0_4_1_val.jpg,33
fairface_4_1_3_1_val.jpg,31
fairface_2573_4_2_0_val.jpg,30
fairface_1726_4_5_0_val.jpg,30
fairface_1519_3_3_1_val.jpg,30
fairface_9607_3_3_1_val.jpg,29
fairface_7525_0_3_1_val.jpg,34
fairface_9767_0_1_0_val.jpg,26
fairface_5154_3_3_1_val.jpg,26
fairface_9195_3_4_1_val.jpg,30
fairface_5545_3_3_0_val.jpg,24
fairface_8671_3_5_0_val.jpg,32
fairface_6865_6_5_0_val.jpg,40
fairface_2259_5_1_0_val.jpg,29
fairface_6542_3_0_0_val.jpg,33
fairface_10849_4_3_1_val.jpg,28
fairface_10390_6_6_0_val.jpg,26
fairface_6157_4_4_1_val.jpg,33
fairface_2962_6_6_1_val.jpg,44
fairface_3500_5_4_0_val.jpg,30
fairface_4269_3_4_0_val.jpg,30
fairface_4601_3_4_1_val.jpg,28
fairface_9638_6_4_1_val.jpg,33
fairface_2974_1_1_0_val.jpg,28
fairface_1117_2_6_1_val.jpg,35
fairface_3368_1_3_1_val.jpg,33
fairface_10153_0_3_1_val.jpg,32
fairface_8149_4_3_0_val.jpg,41
fairface_155_5_3_0_val.jpg,22
fairface_9035_2_4_1_val.jpg,33
fairface_1856_2_1_0_val.jpg,30
fairface_2985_4_1_0_val.jpg,36
fairface_1568_1_5_0_val.jpg,32
fairface_2434_6_1_1_val.jpg,27
fairface_6023_2_1_0_val.jpg,30
fairface_1682_1_1_0_val.jpg,32
fairface_10589_3_4_1_val.jpg,34
fairface_8179_5_3_0_val.jpg,29
fairface_10234_5_5_0_val.jpg,33
fairface_8596_2_3_1_val.jpg,30
fairface_6738_2_5_1_val.jpg,36
fairface_8569_0_2_1_val.jpg,23
fairface_7772_3_6_0_val.jpg,33
fairface_6005_0_4_1_val.jpg,32
fairface_2502_6_2_0_val.jpg,28
fairface_9905_5_3_1_val.jpg,29
fairface_64_0_4_0_val.jpg,37
fairface_1570_3_2_1_val.jpg,35
fairface_8585_2_3_1_val.jpg,30
fairface_4830_0_3_0_val.jpg,29
fairface_817_1_4_0_val.jpg,28
fairface_1070_2_6_0_val.jpg,24
fairface_4084_6_6_1_val.jpg,45
fairface_7670_5_5_0_val.jpg,37
fairface_9144_1_6_0_val.jpg,36
fairface_1715_0_3_1_val.jpg,28
fairface_10091_3_5_1_val.jpg,39
fairface_144_3_4_0_val.jpg,33
fairface_3522_3_6_0_val.jpg,32
fairface_1050_3_3_1_val.jpg,38
fairface_1754_6_4_1_val.jpg,24
fairface_5071_3_3_0_val.jpg,27
fairface_6664_2_3_0_val.jpg,32
fairface_9433_3_3_1_val.jpg,31
fairface_7479_5_4_1_val.jpg,30
fairface_5672_3_4_1_val.jpg,28
fairface_9253_5_4_0_val.jpg,35
fairface_9432_5_3_0_val.jpg,34
fairface_4034_1_8_0_val.jpg,43
fairface_6400_6_4_1_val.jpg,30
fairface_7438_0_7_1_val.jpg,31
fairface_9319_6_4_1_val.jpg,25
fairface_7262_2_0_0_val.jpg,25
fairface_5630_3_1_0_val.jpg,25
fairface_8247_2_5_0_val.jpg,23
fairface_575_5_5_1_val.jpg,39
fairface_10487_6_1_1_val.jpg,32
fairface_5287_4_8_1_val.jpg,43
fairface_2720_2_6_1_val.jpg,41
fairface_2905_4_3_1_val.jpg,34
fairface_7853_4_2_0_val.jpg,32
fairface_4250_6_4_1_val.jpg,30
fairface_9387_5_6_0_val.jpg,36
fairface_2842_0_3_0_val.jpg,33
fairface_6612_3_5_1_val.jpg,37
fairface_2021_2_4_1_val.jpg,38
fairface_5077_4_5_0_val.jpg,39
fairface_10395_0_2_1_val.jpg,31
fairface_5039_2_6_1_val.jpg,36
fairface_2390_3_6_1_val.jpg,48
fairface_8164_4_5_0_val.jpg,46
fairface_10360_1_0_0_val.jpg,26
fairface_1137_5_3_1_val.jpg,30
fairface_10508_1_1_1_val.jpg,31
fairface_3381_5_3_1_val.jpg,32
fairface_1146_1_1_0_val.jpg,31
fairface_9613_0_3_1_val.jpg,32
fairface_5565_1_1_1_val.jpg,25
fairface_698_3_5_0_val.jpg,33
fairface_6623_3_1_0_val.jpg,23
fairface_2562_5_2_1_val.jpg,36
fairface_341_1_5_1_val.jpg,29
fairface_10296_2_4_0_val.jpg,33
fairface_4341_1_2_1_val.jpg,29
fairface_2882_6_3_1_val.jpg,32
fairface_92_3_4_1_val.jpg,42
fairface_9037_0_5_0_val.jpg,35
fairface_7026_1_3_1_val.jpg,31
fairface_4927_1_3_1_val.jpg,33
fairface_232_4_3_0_val.jpg,27
fairface_9895_3_3_1_val.jpg,38
fairface_6114_1_3_0_val.jpg,34
fairface_65_5_4_0_val.jpg,26
fairface_8855_3_5_1_val.jpg,36
fairface_10358_2_2_1_val.jpg,25
fairface_2472_5_3_1_val.jpg,27
fairface_10580_0_7_0_val.jpg,30
fairface_7010_3_1_1_val.jpg,24
fairface_535_0_4_0_val.jpg,31
fairface_6943_1_1_0_val.jpg,23
fairface_7626_4_6_0_val.jpg,26
fairface_6859_3_2_0_val.jpg,31
fairface_10915_0_1_0_val.jpg,29
fairface_2883_3_3_1_val.jpg,36
fairface_2070_1_6_0_val.jpg,41
fairface_10053_4_4_0_val.jpg,35
fairface_245_3_3_0_val.jpg,31
fairface_2844_2_4_0_val.jpg,28
fairface_3560_6_2_0_val.jpg,29
fairface_3737_3_2_1_val.jpg,31
fairface_10555_4_3_1_val.jpg,33
fairface_1670_6_3_1_val.jpg,33
fairface_1879_0_1_1_val.jpg,39
fairface_5389_1_2_0_val.jpg,26
fairface_6828_2_3_0_val.jpg,27
fairface_1044_1_3_0_val.jpg,28
fairface_8969_1_3_1_val.jpg,31
fairface_9948_4_4_1_val.jpg,27
fairface_9386_4_6_0_val.jpg,38
fairface_5988_6_3_1_val.jpg,29
fairface_310_0_3_1_val.jpg,32
fairface_3137_4_1_0_val.jpg,34
fairface_2108_0_3_1_val.jpg,31
fairface_5366_6_1_0_val.jpg,30
fairface_6899_1_3_1_val.jpg,25
fairface_10931_3_3_1_val.jpg,37
fairface_8546_5_1_1_val.jpg,31
fairface_4183_4_2_0_val.jpg,30
fairface_247_2_1_0_val.jpg,30
fairface_6813_0_3_1_val.jpg,34
fairface_4000_5_5_1_val.jpg,36
fairface_9763_0_3_0_val.jpg,37
fairface_10149_6_3_1_val.jpg,22
fairface_6505_1_4_1_val.jpg,26
fairface_6282_4_4_0_val.jpg,34
fairface_1001_2_4_1_val.jpg,34
fairface_2464_1_4_1_val.jpg,32
fairface_6262_5_3_1_val.jpg,32
fairface_8651_3_6_0_val.jpg,42
fairface_2212_6_4_0_val.jpg,27
fairface_4029_2_4_1_val.jpg,33
fairface_2320_5_6_1_val.jpg,34
fairface_9138_1_2_1_val.jpg,30
fairface_2663_0_1_1_val.jpg,32
fairface_9166_3_5_1_val.jpg,33
fairface_10393_2_2_1_val.jpg,28
fairface_3409_2_4_0_val.jpg,25
fairface_8791_1_5_0_val.jpg,33
fairface_50_0_1_1_val.jpg,15
fairface_9428_0_3_1_val.jpg,31
fairface_2858_5_3_0_val.jpg,25
fairface_3673_5_5_0_val.jpg,33
fairface_4668_5_5_0_val.jpg,34
fairface_948_0_4_1_val.jpg,34
fairface_1716_0_1_0_val.jpg,18
fairface_3602_0_3_1_val.jpg,31
fairface_3926_4_4_0_val.jpg,28
fairface_10321_4_6_0_val.jpg,46
fairface_10780_3_5_1_val.jpg,36
fairface_9216_3_4_0_val.jpg,30
fairface_1826_0_3_1_val.jpg,28
fairface_6460_4_4_0_val.jpg,39
fairface_6087_3_3_1_val.jpg,32
fairface_9899_0_2_0_val.jpg,30
fairface_911_1_1_0_val.jpg,33
fairface_5865_3_3_0_val.jpg,27
fairface_1105_3_4_1_val.jpg,29
fairface_1316_2_3_1_val.jpg,32
fairface_5012_6_2_1_val.jpg,30
fairface_3723_3_5_1_val.jpg,32
fairface_2068_6_6_1_val.jpg,38
fairface_7676_5_5_0_val.jpg,33
fairface_2303_2_5_1_val.jpg,33
fairface_334_0_3_1_val.jpg,30
fairface_9198_3_5_1_val.jpg,35
fairface_3090_3_4_1_val.jpg,35
fairface_8819_4_3_0_val.jpg,35
fairface_3377_2_1_0_val.jpg,23
fairface_3798_1_3_0_val.jpg,31
fairface_1120_6_3_1_val.jpg,29
fairface_3574_5_2_0_val.jpg,28
fairface_2555_1_4_1_val.jpg,33
fairface_8175_5_2_1_val.jpg,26
fairface_10660_4_7_0_val.jpg,40
fairface_214_2_4_1_val.jpg,42
fairface_9648_4_5_0_val.jpg,45
fairface_10909_2_6_0_val.jpg,40
fairface_2597_1_5_0_val.jpg,27
fairface_7466_3_5_0_val.jpg,43
fairface_7323_1_5_0_val.jpg,24
fairface_9282_5_5_1_val.jpg,34
fairface_6778_1_4_0_val.jpg,31
fairface_9636_3_6_1_val.jpg,32
fairface_7769_6_3_0_val.jpg,28
fairface_3326_2_5_0_val.jpg,36
fairface_4904_5_3_1_val.jpg,32
fairface_6175_0_4_1_val.jpg,35
fairface_7198_6_1_1_val.jpg,34
fairface_10408_3_5_1_val.jpg,34
fairface_7449_5_1_1_val.jpg,19
fairface_784_3_3_1_val.jpg,28
fairface_3074_3_4_0_val.jpg,39
fairface_9222_6_3_1_val.jpg,34
fairface_9060_2_5_0_val.jpg,28
fairface_1401_6_5_0_val.jpg,34
fairface_3563_5_3_1_val.jpg,35
fairface_9059_3_2_1_val.jpg,31
fairface_3414_3_4_1_val.jpg,34
fairface_5259_0_3_0_val.jpg,35
fairface_10515_0_2_0_val.jpg,37
fairface_5603_4_3_1_val.jpg,29
fairface_6665_6_6_1_val.jpg,41
fairface_6911_5_3_1_val.jpg,31
fairface_2653_0_1_0_val.jpg,28
fairface_6215_1_4_1_val.jpg,32
fairface_4046_2_3_1_val.jpg,25
fairface_5536_4_4_0_val.jpg,32
fairface_5471_6_3_1_val.jpg,25
fairface_1849_3_1_0_val.jpg,27
fairface_8787_2_2_1_val.jpg,25
fairface_71_5_4_0_val.jpg,40
fairface_3873_4_5_0_val.jpg,29
fairface_2524_2_0_0_val.jpg,26
fairface_5179_4_3_0_val.jpg,27
fairface_4185_1_1_0_val.jpg,25
fairface_6933_3_3_0_val.jpg,33
fairface_7951_0_1_0_val.jpg,28
fairface_3302_2_5_1_val.jpg,43
fairface_5336_1_3_1_val.jpg,28
fairface_3511_6_5_1_val.jpg,34
fairface_8879_3_1_0_val.jpg,22
fairface_4251_4_2_1_val.jpg,26
fairface_4704_1_1_1_val.jpg,34
fairface_4276_0_5_1_val.jpg,33
fairface_8054_0_3_0_val.jpg,33
fairface_1504_3_4_0_val.jpg,31
fairface_6314_6_5_0_val.jpg,33
fairface_6821_1_6_0_val.jpg,28
fairface_8498_1_6_0_val.jpg,42
fairface_569_4_6_0_val.jpg,47
fairface_10554_5_4_0_val.jpg,33
fairface_661_3_5_1_val.jpg,29
fairface_7343_4_7_0_val.jpg,39
fairface_4521_1_4_1_val.jpg,31
fairface_8333_5_2_0_val.jpg,27
fairface_9114_1_3_1_val.jpg,33
fairface_2990_1_4_1_val.jpg,36
fairface_6267_4_3_0_val.jpg,33
fairface_1094_1_1_1_val.jpg,35
fairface_5430_2_3_0_val.jpg,30
fairface_9759_0_3_0_val.jpg,28
fairface_1630_5_4_0_val.jpg,27
fairface_840_2_5_0_val.jpg,31
fairface_9560_5_6_1_val.jpg,39
fairface_8283_4_1_0_val.jpg,34
fairface_8260_5_3_0_val.jpg,25
fairface_7347_0_3_1_val.jpg,32
fairface_2240_1_4_1_val.jpg,34
fairface_9627_3_4_0_val.jpg,35
fairface_5207_0_3_1_val.jpg,46
fairface_3255_0_3_0_val.jpg,25
fairface_10881_3_6_0_val.jpg,41
fairface_9359_6_4_0_val.jpg,35
fairface_6376_5_1_1_val.jpg,22
fairface_8455_6_1_0_val.jpg,28
fairface_10511_5_3_1_val.jpg,35
fairface_9110_1_2_1_val.jpg,27
fairface_909_0_3_1_val.jpg,29
fairface_4441_3_5_0_val.jpg,31
fairface_1894_4_0_0_val.jpg,16
fairface_1151_5_3_0_val.jpg,29
fairface_10716_1_4_0_val.jpg,30
fairface_8723_1_4_1_val.jpg,44
fairface_1648_6_1_1_val.jpg,27
fairface_1295_4_6_0_val.jpg,39
fairface_433_3_4_1_val.jpg,43
fairface_6277_1_4_0_val.jpg,31
fairface_2310_5_5_0_val.jpg,37
fairface_6764_6_2_0_val.jpg,30
fairface_7753_5_4_1_val.jpg,35
fairface_8073_1_8_0_val.jpg,44
fairface_5240_0_3_1_val.jpg,33
fairface_7695_6_2_0_val.jpg,28
fairface_8117_6_6_1_val.jpg,34
fairface_9317_5_2_1_val.jpg,29
fairface_5756_1_4_0_val.jpg,25
fairface_3340_5_1_0_val.jpg,24
fairface_7990_6_6_1_val.jpg,42
fairface_1455_6_7_0_val.jpg,28
fairface_9157_5_1_1_val.jpg,37
fairface_3126_2_6_1_val.jpg,40
fairface_4203_5_3_1_val.jpg,28
fairface_1389_3_3_1_val.jpg,24
fairface_8636_2_2_0_val.jpg,24
fairface_3843_4_3_0_val.jpg,25
fairface_6401_5_1_0_val.jpg,31
fairface_8871_4_4_0_val.jpg,26
fairface_2270_0_4_0_val.jpg,26
fairface_3467_2_5_0_val.jpg,37
fairface_7657_4_4_0_val.jpg,32
fairface_10152_3_3_1_val.jpg,31
fairface_4188_5_3_1_val.jpg,26
fairface_7143_5_6_0_val.jpg,46
fairface_1652_6_3_0_val.jpg,30
fairface_10856_0_3_0_val.jpg,29
fairface_3108_5_2_0_val.jpg,34
fairface_3755_1_3_1_val.jpg,34
fairface_2182_4_3_0_val.jpg,33
fairface_7391_1_7_0_val.jpg,26
fairface_7057_1_5_0_val.jpg,45
fairface_4240_2_3_1_val.jpg,26
fairface_10385_2_2_1_val.jpg,26
fairface_3651_0_0_0_val.jpg,28
fairface_8392_1_4_1_val.jpg,32
fairface_2076_0_3_1_val.jpg,29
fairface_2986_6_4_0_val.jpg,32
fairface_2041_0_1_0_val.jpg,31
fairface_1153_0_3_0_val.jpg,22
fairface_10651_2_6_1_val.jpg,40
fairface_7850_0_3_0_val.jpg,37
fairface_5014_5_0_0_val.jpg,16
fairface_111_5_5_1_val.jpg,39
fairface_3649_0_4_1_val.jpg,37
fairface_5173_6_2_0_val.jpg,30
fairface_6628_1_2_1_val.jpg,25
fairface_7724_6_3_1_val.jpg,31
fairface_7625_5_3_1_val.jpg,30
fairface_8890_2_3_1_val.jpg,27
fairface_1173_3_4_0_val.jpg,35
fairface_4267_2_1_0_val.jpg,22
fairface_2533_2_3_1_val.jpg,33
fairface_1298_6_3_1_val.jpg,30
fairface_7117_5_4_1_val.jpg,31
fairface_1490_3_4_0_val.jpg,32
fairface_8453_1_3_0_val.jpg,27
fairface_255_0_1_0_val.jpg,24
fairface_8706_5_3_1_val.jpg,34
fairface_6629_6_4_0_val.jpg,27
fairface_7799_0_8_0_val.jpg,35
fairface_3982_4_6_0_val.jpg,32
fairface_861_4_4_0_val.jpg,37
fairface_5390_3_6_0_val.jpg,29
fairface_3713_6_3_0_val.jpg,34
fairface_4964_6_3_0_val.jpg,34
fairface_3797_0_4_0_val.jpg,25
fairface_8256_3_2_0_val.jpg,33
fairface_1251_3_3_1_val.jpg,30
fairface_8113_0_4_0_val.jpg,31
fairface_10174_6_2_1_val.jpg,23
fairface_854_1_3_0_val.jpg,29
fairface_5284_5_5_1_val.jpg,31
fairface_5380_4_4_0_val.jpg,28
fairface_9974_5_3_0_val.jpg,40
fairface_8075_3_1_0_val.jpg,35
fairface_2535_4_6_0_val.jpg,34
fairface_10084_0_2_1_val.jpg,31
fairface_5604_0_3_1_val.jpg,24
fairface_3445_6_1_1_val.jpg,29
fairface_3455_2_4_0_val.jpg,34
fairface_6692_2_3_0_val.jpg,30
fairface_392_1_2_1_val.jpg,27
fairface_6180_1_3_0_val.jpg,32
fairface_8882_5_5_0_val.jpg,30
fairface_7730_0_3_0_val.jpg,23
fairface_10044_5_4_0_val.jpg,32
fairface_7598_6_3_0_val.jpg,27
fairface_10817_6_3_1_val.jpg,31
fairface_6013_5_4_0_val.jpg,41
fairface_7192_0_3_0_val.jpg,25
fairface_265_5_2_0_val.jpg,22
fairface_10350_0_3_1_val.jpg,30
fairface_9229_2_3_1_val.jpg,33
fairface_5339_5_3_0_val.jpg,30
fairface_4906_6_1_1_val.jpg,29
fairface_6356_4_3_0_val.jpg,30
fairface_10883_5_4_1_val.jpg,41
fairface_1195_3_4_0_val.jpg,32
fairface_1622_5_2_1_val.jpg,29
fairface_1217_6_1_0_val.jpg,32
fairface_8580_6_3_1_val.jpg,33
fairface_6880_6_3_1_val.jpg,28
fairface_9162_2_5_0_val.jpg,32
fairface_1713_5_5_0_val.jpg,28
fairface_5632_2_4_0_val.jpg,39
fairface_1900_0_3_1_val.jpg,31
fairface_4434_6_8_1_val.jpg,42
fairface_8464_6_4_1_val.jpg,33
fairface_3334_5_3_0_val.jpg,28
fairface_1930_2_1_1_val.jpg,31
fairface_3487_3_7_0_val.jpg,29
fairface_3591_1_4_0_val.jpg,32
fairface_8097_0_3_0_val.jpg,35
fairface_5027_4_6_0_val.jpg,46
fairface_1234_4_4_0_val.jpg,31
fairface_5475_1_4_0_val.jpg,33
fairface_2693_5_4_0_val.jpg,35
fairface_8458_1_3_1_val.jpg,33
fairface_667_4_4_0_val.jpg,36
fairface_7988_2_1_0_val.jpg,32
fairface_2643_3_3_0_val.jpg,29
fairface_4584_2_4_1_val.jpg,31
fairface_6276_2_6_1_val.jpg,43
fairface_8263_1_4_0_val.jpg,29
fairface_556_5_4_0_val.jpg,29
fairface_1591_3_2_1_val.jpg,29
fairface_2205_3_3_1_val.jpg,27
fairface_1671_2_6_0_val.jpg,26
fairface_10197_3_3_1_val.jpg,29
fairface_6202_6_4_0_val.jpg,30
fairface_7298_4_3_0_val.jpg,25
fairface_3928_2_3_0_val.jpg,28
fairface_2679_5_6_0_val.jpg,51
fairface_7851_1_2_1_val.jpg,31
fairface_4114_3_3_0_val.jpg,33
fairface_10892_3_2_0_val.jpg,29
fairface_6499_3_7_0_val.jpg,47
fairface_2361_5_4_0_val.jpg,34
fairface_2557_1_3_0_val.jpg,25
fairface_852_4_2_0_val.jpg,34
fairface_4280_0_5_0_val.jpg,45
fairface_3774_1_3_0_val.jpg,29
fairface_10414_1_5_1_val.jpg,29
fairface_1209_6_2_0_val.jpg,28
fairface_4531_0_4_1_val.jpg,34
fairface_95_3_4_1_val.jpg,32
fairface_506_3_4_0_val.jpg,29
fairface_10134_5_4_1_val.jpg,33
fairface_9474_6_8_0_val.jpg,40
fairface_8951_6_3_0_val.jpg,27
fairface_4651_0_3_0_val.jpg,31
fairface_10172_2_4_1_val.jpg,27
fairface_1286_6_6_0_val.jpg,32
fairface_6554_0_1_0_val.jpg,29
fairface_1928_6_5_1_val.jpg,31
fairface_7379_1_8_0_val.jpg,34
fairface_4934_1_4_1_val.jpg,36
fairface_2712_1_6_1_val.jpg,32
fairface_3997_6_2_1_val.jpg,31
fairface_8286_6_5_1_val.jpg,33
fairface_1899_3_3_1_val.jpg,25
fairface_3685_1_2_1_val.jpg,29
fairface_977_0_3_1_val.jpg,30
fairface_10114_0_3_1_val.jpg,34
fairface_52_6_6_0_val.jpg,34
fairface_8742_2_6_1_val.jpg,31
fairface_8229_4_3_0_val.jpg,30
fairface_3555_2_7_0_val.jpg,32
fairface_2378_5_3_1_val.jpg,23
fairface_10111_5_2_0_val.jpg,26
fairface_10164_5_4_1_val.jpg,38
fairface_1431_2_1_0_val.jpg,29
fairface_3605_6_4_1_val.jpg,30
fairface_2286_4_3_1_val.jpg,28
fairface_11_0_3_0_val.jpg,27
fairface_10519_3_3_1_val.jpg,31
fairface_10196_0_1_1_val.jpg,30
fairface_511_0_2_1_val.jpg,30
fairface_3306_2_3_1_val.jpg,33
fairface_858_5_4_0_val.jpg,26
fairface_5076_1_2_0_val.jpg,30
fairface_1003_5_5_0_val.jpg,34
fairface_6242_4_5_0_val.jpg,29
fairface_7617_2_5_1_val.jpg,31
fairface_9181_0_3_1_val.jpg,30
fairface_4789_3_4_1_val.jpg,34
fairface_9906_2_6_1_val.jpg,35
fairface_718_3_3_0_val.jpg,23
fairface_8744_6_2_0_val.jpg,35
fairface_10445_1_2_0_val.jpg,27
fairface_10116_1_4_1_val.jpg,32
fairface_27_3_2_1_val.jpg,30
fairface_10409_3_6_0_val.jpg,40
fairface_762_3_3_1_val.jpg,34
fairface_5597_1_5_1_val.jpg,44
fairface_10715_0_4_0_val.jpg,27
fairface_9365_0_1_1_val.jpg,31
fairface_9048_4_1_0_val.jpg,27
fairface_5221_0_1_1_val.jpg,31
fairface_4720_1_8_1_val.jpg,42
fairface_639_3_3_1_val.jpg,31
fairface_1818_0_0_0_val.jpg,34
fairface_5136_6_0_0_val.jpg,31
fairface_10777_1_3_0_val.jpg,32
fairface_7059_0_2_0_val.jpg,32
fairface_3004_3_3_1_val.jpg,34
fairface_8329_6_2_0_val.jpg,32
fairface_1973_3_3_0_val.jpg,38
fairface_7764_4_2_1_val.jpg,24
fairface_6077_3_4_0_val.jpg,43
fairface_7301_5_4_0_val.jpg,32
fairface_8476_5_3_0_val.jpg,25
fairface_7795_4_4_0_val.jpg,38
fairface_7228_0_1_1_val.jpg,35
fairface_347_3_0_1_val.jpg,19
fairface_7382_6_4_0_val.jpg,34
fairface_248_1_2_0_val.jpg,28
fairface_6989_6_1_0_val.jpg,31
fairface_7723_0_5_0_val.jpg,48
fairface_3498_2_4_1_val.jpg,29
fairface_585_2_3_1_val.jpg,35
fairface_10847_4_3_0_val.jpg,30
fairface_1522_0_4_0_val.jpg,32
fairface_10306_3_5_0_val.jpg,55
fairface_10468_1_8_1_val.jpg,33
fairface_9464_5_6_0_val.jpg,41
fairface_6258_0_6_0_val.jpg,36
fairface_2471_6_3_0_val.jpg,32
fairface_4918_0_3_1_val.jpg,29
fairface_1551_1_5_0_val.jpg,35
fairface_2698_5_3_0_val.jpg,29
fairface_1279_1_4_1_val.jpg,31
fairface_9797_4_2_1_val.jpg,28
fairface_3509_0_5_0_val.jpg,41
fairface_7515_2_3_1_val.jpg,34
fairface_843_3_2_0_val.jpg,37
fairface_7507_3_4_1_val.jpg,35
fairface_10907_3_3_1_val.jpg,27
fairface_3292_6_4_1_val.jpg,27
fairface_8766_5_6_1_val.jpg,43
fairface_416_4_1_0_val.jpg,21
fairface_7965_2_1_0_val.jpg,34
fairface_6885_2_3_0_val.jpg,34
fairface_1183_5_1_0_val.jpg,29
fairface_10581_6_3_0_val.jpg,28
fairface_5891_4_4_0_val.jpg,22
fairface_335_5_4_1_val.jpg,34
fairface_4032_2_2_1_val.jpg,26
fairface_7315_5_1_0_val.jpg,26
fairface_8738_2_4_1_val.jpg,27
fairface_3138_2_1_1_val.jpg,26
fairface_1975_0_3_0_val.jpg,30
fairface_4448_1_1_0_val.jpg,31
fairface_2330_0_1_1_val.jpg,34
fairface_2066_3_6_0_val.jpg,32
fairface_2089_1_5_1_val.jpg,30
fairface_1193_4_3_0_val.jpg,26
fairface_3022_5_2_0_val.jpg,26
fairface_3916_3_4_1_val.jpg,38
fairface_3533_5_3_1_val.jpg,31
fairface_428_3_4_1_val.jpg,33
fairface_10478_3_1_1_val.jpg,20
fairface_8147_6_3_1_val.jpg,28
fairface_5174_1_3_0_val.jpg,36
fairface_9269_6_3_1_val.jpg,44
fairface_7490_0_6_1_val.jpg,41
fairface_6913_4_8_0_val.jpg,53
fairface_5567_3_6_0_val.jpg,55
fairface_891_1_2_0_val.jpg,25
fairface_7502_0_3_1_val.jpg,30
fairface_3151_0_1_1_val.jpg,24
fairface_2195_4_4_0_val.jpg,29
fairface_5364_0_3_1_val.jpg,36
fairface_6355_0_3_1_val.jpg,33
fairface_9440_1_3_1_val.jpg,30
fairface_10499_2_4_1_val.jpg,27
fairface_3438_3_3_0_val.jpg,30
fairface_4154_3_6_0_val.jpg,31
fairface_8587_4_8_0_val.jpg,47
fairface_8826_0_3_1_val.jpg,42
fairface_5021_1_6_1_val.jpg,43
fairface_4828_5_4_1_val.jpg,33
fairface_5953_0_2_1_val.jpg,33
fairface_3317_0_1_0_val.jpg,19
fairface_795_6_4_0_val.jpg,28
fairface_4067_1_3_1_val.jpg,32
fairface_447_5_8_0_val.jpg,34
fairface_1554_0_2_1_val.jpg,28
fairface_6296_5_3_0_val.jpg,35
fairface_10_0_6_0_val.jpg,28
fairface_222_5_6_0_val.jpg,45
fairface_10863_2_1_0_val.jpg,29
fairface_49_2_6_1_val.jpg,41
fairface_9738_1_1_0_val.jpg,25
fairface_6030_1_5_0_val.jpg,31
fairface_4739_2_3_1_val.jpg,24
fairface_7188_2_4_1_val.jpg,39
fairface_2715_3_7_0_val.jpg,39
fairface_8981_5_4_0_val.jpg,25
fairface_1942_2_2_1_val.jpg,32
fairface_709_5_5_0_val.jpg,38
fairface_5332_1_2_1_val.jpg,32
fairface_10539_6_3_1_val.jpg,32
fairface_1123_3_4_1_val.jpg,36
fairface_1445_5_5_1_val.jpg,38
fairface_593_5_2_1_val.jpg,29
fairface_8007_6_1_1_val.jpg,25
fairface_8322_4_1_0_val.jpg,33
fairface_10543_5_4_0_val.jpg,37
fairface_10151_1_3_0_val.jpg,23
fairface_6123_3_6_0_val.jpg,39
fairface_8218_6_3_1_val.jpg,25
fairface_4278_1_1_1_val.jpg,30
fairface_5102_5_6_0_val.jpg,51
fairface_4003_3_4_1_val.jpg,33
fairface_1586_3_5_1_val.jpg,25
fairface_6805_0_1_1_val.jpg,36
fairface_9590_6_3_1_val.jpg,26
fairface_8540_3_3_1_val.jpg,27
fairface_986_2_3_0_val.jpg,27
fairface_10248_1_1_0_val.jpg,29
fairface_9376_1_5_0_val.jpg,39
fairface_3577_4_3_1_val.jpg,31
fairface_5344_0_1_0_val.jpg,26
fairface_6289_0_3_0_val.jpg,23
fairface_889_3_7_0_val.jpg,42
fairface_5003_5_1_0_val.jpg,26
fairface_9426_5_3_0_val.jpg,33
fairface_6056_1_1_1_val.jpg,31
fairface_2249_1_5_0_val.jpg,45
fairface_10429_4_3_0_val.jpg,25
fairface_3173_2_6_1_val.jpg,39
fairface_3133_1_4_1_val.jpg,36
fairface_9468_0_1_0_val.jpg,31
fairface_9542_6_4_1_val.jpg,33
fairface_9896_2_1_0_val.jpg,26
fairface_2467_2_3_1_val.jpg,37
fairface_4493_6_4_0_val.jpg,32
fairface_116_3_4_0_val.jpg,23
fairface_9963_2_3_1_val.jpg,41
fairface_1905_4_5_0_val.jpg,44
fairface_5893_6_3_0_val.jpg,25
fairface_2943_6_4_0_val.jpg,41
fairface_2628_3_3_0_val.jpg,25
fairface_3678_5_3_0_val.jpg,37
fairface_7096_3_5_0_val.jpg,41
fairface_2381_0_4_0_val.jpg,28
fairface_10194_3_4_1_val.jpg,29
fairface_10100_4_7_0_val.jpg,37
fairface_372_0_4_0_val.jpg,29
fairface_4689_3_5_0_val.jpg,32
fairface_7681_3_4_0_val.jpg,24
fairface_1353_3_3_1_val.jpg,39
fairface_2579_0_3_1_val.jpg,32
fairface_1155_5_4_1_val.jpg,36
fairface_2903_6_3_0_val.jpg,28
fairface_10412_0_3_1_val.jpg,30
fairface_1479_2_2_1_val.jpg,32
fairface_747_0_3_1_val.jpg,31
fairface_6033_0_1_1_val.jpg,24
fairface_640_0_1_0_val.jpg,27
fairface_2856_6_6_1_val.jpg,40
fairface_8806_4_2_1_val.jpg,30
fairface_5961_6_3_1_val.jpg,28
fairface_8487_3_3_1_val.jpg,33
fairface_4575_3_2_1_val.jpg,33
fairface_8242_0_4_1_val.jpg,35
fairface_3886_3_5_0_val.jpg,43
fairface_7375_2_2_0_val.jpg,24
fairface_774_5_2_0_val.jpg,39
fairface_2977_3_3_0_val.jpg,33
fairface_7796_3_3_1_val.jpg,32
fairface_5835_0_4_0_val.jpg,33
fairface_2456_0_4_1_val.jpg,39
fairface_6884_5_1_1_val.jpg,28
fairface_8484_6_0_1_val.jpg,26
fairface_1269_1_2_0_val.jpg,30
fairface_4393_3_5_0_val.jpg,43
fairface_5178_0_6_1_val.jpg,25
fairface_8279_0_4_1_val.jpg,34
fairface_9868_1_6_1_val.jpg,30
fairface_2134_6_3_1_val.jpg,34
fairface_895_3_5_0_val.jpg,43
fairface_4685_1_5_0_val.jpg,39
fairface_1119_3_3_0_val.jpg,32
fairface_7017_1_1_0_val.jpg,24
fairface_7717_2_5_0_val.jpg,31
fairface_4406_4_7_0_val.jpg,31
fairface_5642_5_3_1_val.jpg,25
fairface_6714_2_7_1_val.jpg,36
fairface_7200_6_4_0_val.jpg,32
fairface_3945_4_4_1_val.jpg,33
fairface_7588_1_2_1_val.jpg,32
fairface_7465_0_1_0_val.jpg,26
fairface_2370_1_5_0_val.jpg,32
fairface_3440_5_3_0_val.jpg,30
fairface_7067_6_8_1_val.jpg,64
fairface_1590_2_5_0_val.jpg,37
fairface_963_4_5_0_val.jpg,45
fairface_10054_3_4_0_val.jpg,24
fairface_7310_0_3_0_val.jpg,31
fairface_10085_3_5_0_val.jpg,42
fairface_728_1_3_0_val.jpg,37
fairface_10736_3_3_0_val.jpg,31
fairface_4513_5_4_1_val.jpg,34
fairface_512_6_2_0_val.jpg,32
fairface_4210_6_3_1_val.jpg,34
fairface_1781_6_1_1_val.jpg,30
fairface_10089_2_0_0_val.jpg,23
fairface_1674_0_0_0_val.jpg,22
fairface_4855_2_3_0_val.jpg,28
fairface_3814_6_0_0_val.jpg,14
fairface_1841_4_4_0_val.jpg,43
fairface_9275_2_4_1_val.jpg,35
fairface_7590_5_3_1_val.jpg,33
fairface_10612_4_2_1_val.jpg,28
fairface_6358_1_4_1_val.jpg,27
fairface_1732_2_2_0_val.jpg,33
fairface_6870_2_0_0_val.jpg,24
fairface_7775_3_3_1_val.jpg,35
fairface_10086_5_3_0_val.jpg,31
fairface_8986_4_4_0_val.jpg,29
fairface_4893_4_1_0_val.jpg,20
fairface_4827_3_6_0_val.jpg,26
fairface_1218_1_1_0_val.jpg,26
fairface_7135_3_2_1_val.jpg,38
fairface_3035_3_3_1_val.jpg,32
fairface_10343_5_3_0_val.jpg,30
fairface_3444_0_3_1_val.jpg,33
fairface_9950_5_3_0_val.jpg,29
fairface_2641_5_4_0_val.jpg,28
fairface_3045_0_2_1_val.jpg,30
fairface_839_4_1_0_val.jpg,24
fairface_6618_3_3_0_val.jpg,34
fairface_6203_2_4_0_val.jpg,30
fairface_299_2_1_1_val.jpg,36
fairface_4994_5_3_0_val.jpg,27
fairface_4835_0_2_0_val.jpg,34
fairface_4414_1_4_1_val.jpg,32
fairface_1833_4_3_1_val.jpg,26
fairface_9804_3_7_0_val.jpg,36
fairface_3716_3_3_0_val.jpg,30
fairface_3314_6_3_0_val.jpg,35
fairface_6794_0_3_0_val.jpg,27
fairface_4349_3_4_0_val.jpg,31
fairface_4449_2_1_1_val.jpg,28
fairface_10190_0_3_0_val.jpg,28
fairface_8760_3_3_0_val.jpg,31
fairface_1692_4_3_1_val.jpg,33
fairface_10609_6_4_1_val.jpg,32
fairface_10236_1_4_1_val.jpg,27
fairface_7326_5_4_1_val.jpg,37
fairface_9686_5_1_1_val.jpg,34
fairface_7675_5_5_1_val.jpg,28
fairface_9070_5_4_1_val.jpg,23
fairface_8856_0_1_0_val.jpg,19
fairface_7470_3_3_0_val.jpg,36
fairface_3295_5_5_1_val.jpg,34
fairface_1267_2_2_0_val.jpg,30
fairface_3478_5_3_0_val.jpg,29
fairface_3646_4_4_1_val.jpg,28
fairface_4398_5_3_1_val.jpg,35
fairface_1259_6_7_0_val.jpg,40
fairface_4143_5_1_0_val.jpg,29
fairface_5829_2_7_1_val.jpg,40
fairface_3981_1_3_0_val.jpg,32
fairface_2125_3_3_0_val.jpg,23
fairface_2161_6_2_0_val.jpg,32
fairface_10552_5_3_1_val.jpg,32
fairface_5104_1_5_0_val.jpg,38
fairface_6208_3_3_0_val.jpg,35
fairface_8602_6_5_1_val.jpg,38
fairface_7823_6_1_0_val.jpg,35
fairface_7078_1_3_1_val.jpg,34
fairface_6667_2_1_0_val.jpg,26
fairface_10758_4_5_0_val.jpg,37
fairface_7865_1_4_1_val.jpg,31
fairface_4955_3_3_1_val.jpg,34
fairface_1154_4_3_0_val.jpg,30
fairface_5964_4_6_0_val.jpg,43
fairface_3131_2_5_0_val.jpg,27
fairface_10232_3_7_1_val.jpg,26
fairface_8433_2_2_1_val.jpg,30
fairface_5882_6_4_1_val.jpg,37
fairface_756_1_0_1_val.jpg,42
fairface_8114_6_4_0_val.jpg,25
fairface_7774_1_3_0_val.jpg,35
fairface_7081_4_3_1_val.jpg,29
fairface_10128_2_4_0_val.jpg,37
fairface_9594_6_4_1_val.jpg,40
fairface_1132_3_4_0_val.jpg,33
fairface_9870_3_4_0_val.jpg,38
fairface_8301_5_2_0_val.jpg,29
fairface_6886_5_6_1_val.jpg,29
fairface_3407_2_2_1_val.jpg,24
fairface_4932_2_2_1_val.jpg,27
fairface_1463_5_6_1_val.jpg,50
fairface_5409_3_3_1_val.jpg,37
fairface_6050_2_2_1_val.jpg,27
fairface_9052_4_2_0_val.jpg,25
fairface_250_2_1_0_val.jpg,26
fairface_2119_5_4_0_val.jpg,36
fairface_8748_6_2_1_val.jpg,30
fairface_5786_1_1_1_val.jpg,27
fairface_5365_5_4_1_val.jpg,27
fairface_8403_6_5_1_val.jpg,36
fairface_8264_3_1_0_val.jpg,29
fairface_1491_6_4_0_val.jpg,27
fairface_10583_5_5_0_val.jpg,32
fairface_8802_1_4_1_val.jpg,34
fairface_2338_5_4_0_val.jpg,30
fairface_7575_4_4_0_val.jpg,27
fairface_6572_3_4_1_val.jpg,27
fairface_3962_2_2_0_val.jpg,25
fairface_2357_1_2_1_val.jpg,29
fairface_4719_6_0_1_val.jpg,22
fairface_3463_0_4_1_val.jpg,32
fairface_5309_0_4_1_val.jpg,31
fairface_7694_2_4_0_val.jpg,26
fairface_9367_0_1_1_val.jpg,37
fairface_10198_2_1_1_val.jpg,24
fairface_9851_3_4_0_val.jpg,35
fairface_10373_5_3_1_val.jpg,25
fairface_7148_3_4_1_val.jpg,32
fairface_2867_1_7_0_val.jpg,26
fairface_9748_0_1_1_val.jpg,31
fairface_1620_3_3_1_val.jpg,38
fairface_1304_5_3_1_val.jpg,30
fairface_10420_5_2_0_val.jpg,26
fairface_8239_5_2_0_val.jpg,25
fairface_4560_1_4_1_val.jpg,28
fairface_4071_2_2_0_val.jpg,30
fairface_5933_4_4_0_val.jpg,31
fairface_4949_5_1_0_val.jpg,26
fairface_6573_0_1_1_val.jpg,27
fairface_1718_5_1_1_val.jpg,24
fairface_7603_5_6_0_val.jpg,33
fairface_8038_5_0_1_val.jpg,21
fairface_6799_0_4_1_val.jpg,31
fairface_941_2_1_0_val.jpg,26
fairface_572_6_1_0_val.jpg,23
fairface_9992_4_4_0_val.jpg,33
fairface_9091_3_3_1_val.jpg,35
fairface_658_5_6_0_val.jpg,43
fairface_10726_4_1_0_val.jpg,31
fairface_5886_2_3_1_val.jpg,42
fairface_3460_5_2_1_val.jpg,24
fairface_7247_0_3_1_val.jpg,32
fairface_4142_4_4_0_val.jpg,29
fairface_5158_2_3_1_val.jpg,31
fairface_6751_0_3_0_val.jpg,31
fairface_1985_2_4_0_val.jpg,31
fairface_984_5_4_1_val.jpg,30
fairface_5187_3_1_0_val.jpg,32
fairface_10753_1_1_1_val.jpg,24
fairface_4056_0_0_0_val.jpg,30
fairface_4226_3_3_1_val.jpg,23
fairface_5625_2_3_1_val.jpg,26
fairface_9223_1_1_1_val.jpg,31
fairface_4751_6_3_0_val.jpg,40
fairface_8649_0_3_0_val.jpg,31
fairface_6950_3_4_1_val.jpg,34
fairface_6517_5_4_0_val.jpg,30
fairface_2204_2_5_0_val.jpg,35
fairface_187_1_1_1_val.jpg,31
fairface_6269_6_3_1_val.jpg,30
fairface_6461_2_1_1_val.jpg,33
fairface_10768_1_2_1_val.jpg,25
fairface_4695_5_3_0_val.jpg,27
fairface_4821_5_4_1_val.jpg,32
fairface_998_4_3_1_val.jpg,28
fairface_6136_0_3_1_val.jpg,32
fairface_7273_2_3_0_val.jpg,29
fairface_2939_5_5_0_val.jpg,31
fairface_4294_2_2_0_val.jpg,25
fairface_5802_3_3_0_val.jpg,27
fairface_1131_2_0_1_val.jpg,27
fairface_9496_5_4_1_val.jpg,26
fairface_1052_5_1_1_val.jpg,29
fairface_4186_4_6_0_val.jpg,40
fairface_7609_3_3_1_val.jpg,33
fairface_3539_6_1_0_val.jpg,26
fairface_7708_6_6_0_val.jpg,30
fairface_4649_6_3_1_val.jpg,24
fairface_7746_4_1_1_val.jpg,32
fairface_4259_1_6_1_val.jpg,36
fairface_7856_0_3_1_val.jpg,29
fairface_1437_5_6_0_val.jpg,46
fairface_1194_3_7_0_val.jpg,41
fairface_1801_1_2_1_val.jpg,31
fairface_9766_6_4_0_val.jpg,33
fairface_4898_1_4_0_val.jpg,34
fairface_10010_2_1_0_val.jpg,30
fairface_10047_2_3_1_val.jpg,34
fairface_454_3_3_0_val.jpg,30
fairface_5266_6_2_1_val.jpg,32
fairface_2777_5_3_1_val.jpg,30
fairface_10051_1_2_1_val.jpg,29
fairface_2602_3_4_0_val.jpg,27
fairface_2302_6_3_0_val.jpg,30
fairface_2650_0_2_1_val.jpg,28
fairface_7719_3_3_1_val.jpg,27
fairface_7181_5_4_1_val.jpg,28
fairface_10910_1_3_1_val.jpg,32
fairface_771_0_3_0_val.jpg,30
fairface_10655_2_3_0_val.jpg,29
fairface_9318_5_2_0_val.jpg,28
fairface_5515_3_5_0_val.jpg,29
fairface_9421_1_6_0_val.jpg,34
fairface_9136_5_2_0_val.jpg,37
fairface_3938_3_4_1_val.jpg,33
fairface_6873_2_3_0_val.jpg,27
fairface_1049_2_2_1_val.jpg,29
fairface_537_3_6_1_val.jpg,31
fairface_1476_2_5_1_val.jpg,38
fairface_4474_6_8_0_val.jpg,38
fairface_9816_5_6_1_val.jpg,41
fairface_2992_4_4_1_val.jpg,27
fairface_3923_3_3_1_val.jpg,28
fairface_5463_3_3_0_val.jpg,34
fairface_9606_1_4_0_val.jpg,32
fairface_873_3_3_1_val.jpg,34
fairface_6064_4_2_0_val.jpg,22
fairface_1762_5_2_0_val.jpg,27
fairface_6434_5_4_0_val.jpg,31
fairface_1953_4_3_0_val.jpg,28
fairface_2852_0_3_1_val.jpg,31
fairface_3715_4_4_0_val.jpg,37
fairface_7389_2_4_0_val.jpg,35
fairface_3046_3_6_0_val.jpg,47
fairface_6728_3_4_1_val.jpg,25
fairface_7215_4_3_0_val.jpg,29
fairface_962_0_1_0_val.jpg,27
fairface_1821_3_6_1_val.jpg,30
fairface_555_5_7_0_val.jpg,32
fairface_215_2_6_0_val.jpg,41
fairface_1755_2_4_1_val.jpg,32
fairface_8801_3_6_1_val.jpg,25
fairface_2770_0_3_1_val.jpg,29
fairface_2754_0_3_0_val.jpg,24
fairface_787_3_4_1_val.jpg,31
fairface_4873_5_4_0_val.jpg,27
fairface_932_3_2_1_val.jpg,25
fairface_2010_5_3_1_val.jpg,25
fairface_2950_4_5_0_val.jpg,31
fairface_9168_6_3_0_val.jpg,31
fairface_4426_3_3_0_val.jpg,30
fairface_3543_3_3_1_val.jpg,29
fairface_3218_5_3_1_val.jpg,25
fairface_3077_3_3_1_val.jpg,30
fairface_785_0_3_0_val.jpg,27
fairface_7179_5_5_0_val.jpg,34
fairface_9129_6_1_1_val.jpg,36
fairface_5446_0_3_1_val.jpg,25
fairface_9803_3_4_1_val.jpg,25
fairface_587_1_2_1_val.jpg,30
fairface_4402_6_2_1_val.jpg,31
fairface_8174_0_1_1_val.jpg,31
fairface_9013_5_5_0_val.jpg,35
fairface_3610_3_3_1_val.jpg,30
fairface_293_6_1_1_val.jpg,29
fairface_2449_5_3_1_val.jpg,37
fairface_2075_6_8_0_val.jpg,32
fairface_4699_6_1_0_val.jpg,24
fairface_1396_0_5_0_val.jpg,34
fairface_10618_1_1_0_val.jpg,30
fairface_3047_3_6_0_val.jpg,37
fairface_10272_0_4_1_val.jpg,30
fairface_7257_5_4_1_val.jpg,30
fairface_594_2_4_1_val.jpg,33
fairface_238_3_4_1_val.jpg,25
fairface_6867_1_6_1_val.jpg,31
fairface_9112_0_3_1_val.jpg,33
fairface_4191_2_2_1_val.jpg,36
fairface_7062_6_4_0_val.jpg,27
fairface_2386_5_3_1_val.jpg,28
fairface_3411_5_4_0_val.jpg,27
fairface_6105_3_3_1_val.jpg,31
fairface_5087_6_4_0_val.jpg,40
fairface_2074_5_7_0_val.jpg,44
fairface_4480_1_5_1_val.jpg,27
fairface_5984_3_4_0_val.jpg,30
fairface_8980_4_4_0_val.jpg,37
fairface_722_3_3_1_val.jpg,32
fairface_2084_3_6_0_val.jpg,37
fairface_8131_6_3_1_val.jpg,33
fairface_6049_4_5_0_val.jpg,32
fairface_5508_4_3_0_val.jpg,35
fairface_8515_2_3_0_val.jpg,36
fairface_10364_3_3_1_val.jpg,31
fairface_7089_5_5_1_val.jpg,33
fairface_2241_2_5_1_val.jpg,25
fairface_9368_0_1_1_val.jpg,39
fairface_5981_5_4_0_val.jpg,25
fairface_888_1_3_0_val.jpg,28
fairface_3076_3_1_0_val.jpg,29
fairface_7007_0_6_0_val.jpg,39
fairface_8441_2_5_1_val.jpg,32
fairface_1960_6_4_1_val.jpg,30
fairface_10771_2_1_1_val.jpg,35
fairface_8548_2_3_1_val.jpg,23
fairface_9887_4_4_0_val.jpg,31
fairface_2493_2_3_1_val.jpg,30
fairface_3161_3_3_0_val.jpg,29
fairface_10762_0_5_0_val.jpg,36
fairface_8369_3_3_1_val.jpg,32
fairface_3347_5_3_1_val.jpg,30
fairface_5079_6_2_1_val.jpg,28
fairface_9405_5_1_1_val.jpg,31
fairface_6914_3_3_0_val.jpg,43
fairface_8670_1_3_1_val.jpg,33
fairface_306_0_4_1_val.jpg,35
fairface_2425_3_5_1_val.jpg,29
fairface_498_0_5_1_val.jpg,39
fairface_2819_5_2_1_val.jpg,36
fairface_5482_0_3_1_val.jpg,32
fairface_8751_4_2_0_val.jpg,29
fairface_168_0_3_0_val.jpg,36
fairface_6921_5_5_0_val.jpg,41
fairface_2439_4_0_0_val.jpg,42
fairface_8478_3_4_0_val.jpg,39
fairface_1836_3_5_0_val.jpg,36
fairface_10078_5_1_1_val.jpg,33
fairface_7434_0_1_0_val.jpg,25
fairface_9822_2_1_1_val.jpg,27
fairface_1872_3_3_1_val.jpg,27
fairface_7423_0_3_1_val.jpg,27
fairface_8280_5_3_1_val.jpg,30
fairface_4435_2_5_0_val.jpg,40
fairface_1349_1_1_0_val.jpg,41
fairface_9434_0_3_1_val.jpg,34
fairface_1747_4_6_0_val.jpg,34
fairface_4009_1_3_0_val.jpg,30
fairface_423_2_1_1_val.jpg,28
fairface_10570_6_5_1_val.jpg,28
fairface_5074_4_4_0_val.jpg,29
fairface_10492_4_3_1_val.jpg,36
fairface_3699_6_5_1_val.jpg,36
fairface_2276_5_3_1_val.jpg,29
fairface_2551_2_4_1_val.jpg,31
fairface_2099_1_3_0_val.jpg,24
fairface_10876_0_3_1_val.jpg,31
fairface_4625_2_5_1_val.jpg,36
fairface_224_4_5_0_val.jpg,37
fairface_225_6_3_1_val.jpg,31
fairface_8874_0_4_1_val.jpg,28
fairface_3901_2_4_0_val.jpg,35
fairface_1387_5_5_1_val.jpg,37
fairface_551_6_5_0_val.jpg,33
fairface_256_5_2_1_val.jpg,30
fairface_7174_1_3_1_val.jpg,30
fairface_7377_5_4_0_val.jpg,25
fairface_2499_3_4_0_val.jpg,29
fairface_7761_1_3_1_val.jpg,31
fairface_6520_2_4_1_val.jpg,28
fairface_2574_5_2_0_val.jpg,41
fairface_10294_0_4_0_val.jpg,26
fairface_5406_0_4_1_val.jpg,35
fairface_4518_6_5_0_val.jpg,46
fairface_10844_1_2_1_val.jpg,31
fairface_6760_5_3_0_val.jpg,28
fairface_8894_5_5_1_val.jpg,43
fairface_3251_0_1_0_val.jpg,29
fairface_2980_5_3_1_val.jpg,34
fairface_9501_3_4_0_val.jpg,30
fairface_4657_5_6_0_val.jpg,33
fairface_6648_3_3_0_val.jpg,25
fairface_601_3_6_1_val.jpg,36
fairface_8600_0_1_0_val.jpg,35
fairface_10823_1_1_1_val.jpg,33
fairface_4233_0_4_0_val.jpg,26
fairface_4301_2_3_1_val.jpg,25
fairface_6514_3_4_0_val.jpg,31
fairface_7808_3_1_0_val.jpg,34
fairface_9943_6_3_0_val.jpg,32
fairface_3566_5_1_0_val.jpg,30
fairface_4422_4_3_1_val.jpg,43
fairface_5936_3_0_1_val.jpg,39
fairface_4253_1_3_1_val.jpg,36
fairface_1087_0_1_1_val.jpg,24
fairface_4270_1_4_1_val.jpg,40
fairface_6849_3_3_0_val.jpg,29
fairface_2096_3_2_0_val.jpg,38
fairface_5224_0_0_0_val.jpg,26
fairface_8975_5_6_0_val.jpg,41
fairface_7793_2_1_0_val.jpg,23
fairface_3025_1_1_0_val.jpg,28
fairface_6587_5_2_0_val.jpg,34
fairface_5052_4_4_0_val.jpg,31
fairface_8266_3_1_1_val.jpg,40
fairface_10790_1_3_0_val.jpg,30
fairface_6226_5_2_1_val.jpg,35
fairface_10292_3_3_1_val.jpg,29
fairface_9218_0_5_1_val.jpg,29
fairface_1473_1_4_1_val.jpg,37
fairface_2733_5_4_0_val.jpg,30
fairface_8561_0_0_0_val.jpg,24
fairface_8394_4_6_0_val.jpg,46
fairface_158_1_4_1_val.jpg,28
fairface_2236_3_7_0_val.jpg,44
fairface_1563_6_2_1_val.jpg,26
fairface_7468_3_7_1_val.jpg,43
fairface_9170_6_3_1_val.jpg,33
fairface_9261_5_4_1_val.jpg,23
fairface_5113_2_6_0_val.jpg,29
fairface_10713_4_3_1_val.jpg,37
fairface_723_4_1_0_val.jpg,20
fairface_5333_3_3_1_val.jpg,27
fairface_8277_1_4_1_val.jpg,36
fairface_6807_2_1_0_val.jpg,28
fairface_4765_2_4_1_val.jpg,31
fairface_9155_2_4_0_val.jpg,38
fairface_1224_5_6_1_val.jpg,36
fairface_6427_6_3_0_val.jpg,30
fairface_9489_1_3_0_val.jpg,27
fairface_9509_4_5_0_val.jpg,42
fairface_4895_3_3_0_val.jpg,29
fairface_4232_5_2_0_val.jpg,32
fairface_56_2_3_0_val.jpg,28
fairface_819_3_3_0_val.jpg,35
fairface_192_3_7_0_val.jpg,51
fairface_1317_0_3_1_val.jpg,31
fairface_6016_2_3_0_val.jpg,26
fairface_9450_3_4_1_val.jpg,39
fairface_5622_6_1_0_val.jpg,25
fairface_3772_5_4_0_val.jpg,30
fairface_10214_1_5_0_val.jpg,32
fairface_1859_0_3_1_val.jpg,31
fairface_10205_5_3_0_val.jpg,26
fairface_2190_5_4_0_val.jpg,29
fairface_3113_6_4_1_val.jpg,31
fairface_9514_3_6_0_val.jpg,44
fairface_6435_2_4_1_val.jpg,29
fairface_7754_3_4_0_val.jpg,26
fairface_2335_0_3_1_val.jpg,29
fairface_4829_6_4_1_val.jpg,36
fairface_4396_2_5_1_val.jpg,36
fairface_9358_5_3_1_val.jpg,29
fairface_6655_1_5_1_val.jpg,25
fairface_6483_1_6_0_val.jpg,31
fairface_3176_3_4_1_val.jpg,31
fairface_6624_2_1_0_val.jpg,35
fairface_6361_4_2_0_val.jpg,27
fairface_4054_1_3_1_val.jpg,31
fairface_8091_1_5_1_val.jpg,33
fairface_3066_6_8_0_val.jpg,58
fairface_1990_1_5_0_val.jpg,38
fairface_1962_1_6_1_val.jpg,39
fairface_8452_4_4_1_val.jpg,31
fairface_8089_3_3_1_val.jpg,31
fairface_9733_5_4_1_val.jpg,32
fairface_4215_3_4_0_val.jpg,31
fairface_5627_3_6_0_val.jpg,36
fairface_5159_0_0_0_val.jpg,23
fairface_7236_1_4_1_val.jpg,31
fairface_26_3_6_1_val.jpg,33
fairface_460_0_3_0_val.jpg,23
fairface_2675_4_5_0_val.jpg,27
fairface_8417_0_2_1_val.jpg,32
fairface_2167_6_2_1_val.jpg,29
fairface_10483_6_2_0_val.jpg,27
fairface_4684_3_4_1_val.jpg,37
fairface_1805_2_5_1_val.jpg,28
fairface_4947_2_5_0_val.jpg,50
fairface_8167_0_4_0_val.jpg,35
fairface_987_1_3_0_val.jpg,35
fairface_9399_1_6_1_val.jpg,31
fairface_541_5_4_0_val.jpg,31
fairface_2405_0_1_1_val.jpg,32
fairface_3856_6_5_0_val.jpg,32
fairface_206_4_3_1_val.jpg,33
fairface_3810_3_6_1_val.jpg,34
fairface_8153_5_5_0_val.jpg,31
fairface_9404_4_3_1_val.jpg,28
fairface_9516_4_4_0_val.jpg,28
fairface_7973_1_3_0_val.jpg,31
fairface_8211_2_5_0_val.jpg,32
fairface_8380_2_1_0_val.jpg,29
fairface_6127_2_5_0_val.jpg,36
fairface_1184_6_2_1_val.jpg,33
fairface_1963_2_3_0_val.jpg,28
fairface_4706_3_4_0_val.jpg,30
fairface_2988_3_4_0_val.jpg,31
fairface_7337_3_3_1_val.jpg,28
fairface_3794_5_3_0_val.jpg,30
fairface_10829_6_3_1_val.jpg,30
fairface_1580_0_3_0_val.jpg,25
fairface_7042_4_3_1_val.jpg,30
fairface_9620_4_3_1_val.jpg,27
fairface_10732_3_4_1_val.jpg,42
fairface_7189_5_4_0_val.jpg,29
fairface_8757_1_4_0_val.jpg,37
fairface_4914_2_2_1_val.jpg,24
fairface_10835_2_5_1_val.jpg,32
fairface_9239_0_2_0_val.jpg,31
fairface_10204_1_3_1_val.jpg,32
fairface_5574_4_2_0_val.jpg,33
fairface_5352_3_4_0_val.jpg,29
fairface_2525_5_3_0_val.jpg,34
fairface_2393_0_0_0_val.jpg,27
fairface_9569_4_5_0_val.jpg,28
fairface_4798_5_1_1_val.jpg,28
fairface_1432_6_3_1_val.jpg,32
fairface_1739_0_4_0_val.jpg,26
fairface_10329_0_3_0_val.jpg,37
fairface_1902_0_5_1_val.jpg,34
fairface_6744_5_2_1_val.jpg,40
fairface_282_0_5_0_val.jpg,40
fairface_5897_1_4_1_val.jpg,42
fairface_2137_1_4_1_val.jpg,27
fairface_10840_0_3_0_val.jpg,31
fairface_4470_2_3_1_val.jpg,35
fairface_8082_0_3_0_val.jpg,31
fairface_1886_2_5_0_val.jpg,28
fairface_7982_1_3_1_val.jpg,31
fairface_1636_4_4_0_val.jpg,31
fairface_2991_6_1_0_val.jpg,28
fairface_3421_6_3_1_val.jpg,34
fairface_7022_5_3_1_val.jpg,29
fairface_8629_4_3_0_val.jpg,36
fairface_9028_4_4_1_val.jpg,29
fairface_8454_3_3_0_val.jpg,29
fairface_6020_2_3_1_val.jpg,35
fairface_6094_4_1_1_val.jpg,39
fairface_2598_0_3_1_val.jpg,28
fairface_9473_2_4_0_val.jpg,25
fairface_1505_1_1_0_val.jpg,30
fairface_9025_3_6_0_val.jpg,44
fairface_7291_5_7_1_val.jpg,39
fairface_2753_2_7_0_val.jpg,42
fairface_4612_5_3_1_val.jpg,25
fairface_10775_5_6_1_val.jpg,30
fairface_3061_6_3_0_val.jpg,26
fairface_959_2_4_0_val.jpg,33
fairface_2453_2_3_1_val.jpg,29
fairface_8429_1_3_0_val.jpg,30
fairface_75_6_3_0_val.jpg,33
fairface_4961_1_5_0_val.jpg,42
fairface_1125_3_4_1_val.jpg,34
fairface_1895_5_5_1_val.jpg,34
fairface_6098_1_2_1_val.jpg,26
fairface_685_5_2_1_val.jpg,31
fairface_4530_1_5_1_val.jpg,33
fairface_805_3_4_0_val.jpg,33
fairface_5359_0_3_0_val.jpg,28
fairface_2353_4_6_0_val.jpg,33
fairface_10946_5_5_1_val.jpg,29
fairface_8854_2_1_1_val.jpg,27
fairface_9914_4_1_0_val.jpg,26
fairface_4464_5_3_0_val.jpg,33
fairface_2917_6_1_0_val.jpg,22
fairface_4812_6_4_1_val.jpg,29
fairface_8110_5_5_0_val.jpg,51
fairface_7412_1_2_0_val.jpg,26
fairface_4783_5_4_0_val.jpg,30
fairface_10287_6_4_0_val.jpg,29
fairface_3494_3_3_0_val.jpg,34
fairface_9977_4_2_0_val.jpg,29
fairface_10563_5_8_0_val.jpg,35
fairface_83_2_2_1_val.jpg,23
fairface_1453_0_2_1_val.jpg,36
fairface_8849_1_5_0_val.jpg,40
fairface_2382_2_2_1_val.jpg,30
fairface_6205_0_2_0_val.jpg,38
fairface_8883_3_5_0_val.jpg,37
fairface_703_0_2_1_val.jpg,31
fairface_1738_5_7_1_val.jpg,39
fairface_4555_2_4_1_val.jpg,33
fairface_1751_0_4_0_val.jpg,28
fairface_6847_2_1_0_val.jpg,31
fairface_6858_3_6_0_val.jpg,45
fairface_9702_2_3_1_val.jpg,25
fairface_2919_4_6_0_val.jpg,35
fairface_2087_5_4_1_val.jpg,32
fairface_8015_3_7_0_val.jpg,29
fairface_6594_6_3_0_val.jpg,29
fairface_990_0_6_0_val.jpg,40
fairface_336_3_6_0_val.jpg,46
fairface_5813_4_6_0_val.jpg,35
fairface_1163_6_3_0_val.jpg,37
fairface_8624_3_3_1_val.jpg,27
fairface_5289_0_4_0_val.jpg,32
fairface_8442_2_5_0_val.jpg,34
fairface_3005_6_1_1_val.jpg,29
fairface_527_3_4_0_val.jpg,29
fairface_6645_1_5_0_val.jpg,29
fairface_547_6_2_1_val.jpg,30
fairface_8124_0_6_0_val.jpg,48
fairface_1031_5_6_0_val.jpg,34
fairface_6634_1_3_0_val.jpg,31
fairface_10007_5_3_1_val.jpg,29
fairface_10379_4_6_1_val.jpg,39
fairface_5757_3_4_0_val.jpg,28
fairface_10676_0_3_1_val.jpg,29
fairface_7256_3_6_0_val.jpg,43
fairface_9331_6_1_0_val.jpg,14
fairface_3789_0_5_1_val.jpg,33
fairface_5591_4_3_0_val.jpg,28
fairface_5296_3_4_0_val.jpg,26
fairface_5894_3_6_0_val.jpg,42
fairface_4035_4_3_0_val.jpg,27
fairface_7567_3_1_0_val.jpg,24
fairface_1875_5_4_1_val.jpg,32
fairface_2233_2_4_1_val.jpg,32
fairface_705_3_3_0_val.jpg,30
fairface_9789_1_3_0_val.jpg,30
fairface_4690_0_3_1_val.jpg,34
fairface_10661_2_2_0_val.jpg,23
fairface_3404_2_5_0_val.jpg,37
fairface_564_2_4_0_val.jpg,25
fairface_10936_1_5_1_val.jpg,33
fairface_130_4_4_1_val.jpg,34
fairface_3242_2_3_1_val.jpg,26
fairface_6753_6_5_1_val.jpg,43
fairface_6306_5_5_0_val.jpg,41
fairface_1423_3_4_0_val.jpg,23
fairface_9257_1_3_0_val.jpg,24
fairface_5199_0_1_1_val.jpg,34
fairface_8517_4_4_0_val.jpg,25
fairface_4219_0_4_1_val.jpg,32
fairface_8639_6_4_1_val.jpg,27
fairface_4271_3_6_0_val.jpg,26
fairface_4542_5_4_1_val.jpg,30
fairface_8719_0_4_0_val.jpg,33
fairface_9784_4_7_0_val.jpg,33
fairface_3201_4_5_0_val.jpg,44
fairface_2632_3_1_1_val.jpg,30
fairface_508_0_2_1_val.jpg,23
fairface_2289_3_3_1_val.jpg,29
fairface_10652_0_4_1_val.jpg,32
fairface_5613_3_6_0_val.jpg,43
fairface_2956_5_1_1_val.jpg,27
fairface_1152_2_6_0_val.jpg,38
fairface_6416_0_4_0_val.jpg,31
fairface_5664_2_1_1_val.jpg,27
fairface_3504_3_3_0_val.jpg,31
fairface_3518_0_3_1_val.jpg,32
fairface_9394_4_3_1_val.jpg,30
fairface_10014_1_4_0_val.jpg,29
fairface_340_6_3_1_val.jpg,28
fairface_4178_3_4_0_val.jpg,31
fairface_6607_3_5_1_val.jpg,39
fairface_6225_0_3_1_val.jpg,37
fairface_10644_6_4_0_val.jpg,25
fairface_890_4_5_1_val.jpg,30
fairface_4776_3_3_0_val.jpg,26
fairface_8887_2_1_1_val.jpg,26
fairface_6982_2_2_0_val.jpg,29
fairface_5043_5_4_0_val.jpg,36
fairface_8271_5_4_1_val.jpg,33
fairface_855_4_5_0_val.jpg,38
fairface_2957_0_5_1_val.jpg,28
fairface_198_5_3_1_val.jpg,27
fairface_6936_5_4_0_val.jpg,23
fairface_7631_0_4_0_val.jpg,46
fairface_5395_4_0_0_val.jpg,34
fairface_9270_1_5_0_val.jpg,32
fairface_4833_2_4_1_val.jpg,35
fairface_5729_1_3_1_val.jpg,30
fairface_2348_1_1_0_val.jpg,28
fairface_7386_5_8_1_val.jpg,45
fairface_4345_5_6_0_val.jpg,41
fairface_2784_2_3_1_val.jpg,27
fairface_10574_3_4_1_val.jpg,24
fairface_5410_3_4_0_val.jpg,37
fairface_3847_0_3_1_val.jpg,30
fairface_5605_3_1_1_val.jpg,31
fairface_8608_2_1_0_val.jpg,25
fairface_2118_5_5_1_val.jpg,32
fairface_2937_0_4_1_val.jpg,30
fairface_3248_4_2_1_val.jpg,27
fairface_755_2_1_0_val.jpg,26
fairface_338_3_3_1_val.jpg,27
fairface_3675_6_4_1_val.jpg,28
fairface_2491_2_1_0_val.jpg,30
fairface_3336_2_2_1_val.jpg,33
fairface_4997_2_4_1_val.jpg,31
fairface_6916_1_4_0_val.jpg,40
fairface_1934_0_3_1_val.jpg,39
fairface_3431_2_0_0_val.jpg,25
fairface_450_0_1_1_val.jpg,31
fairface_4806_2_1_1_val.jpg,33
fairface_72_5_4_1_val.jpg,29
fairface_4133_4_5_1_val.jpg,35
fairface_7960_6_0_1_val.jpg,24
fairface_3267_5_6_0_val.jpg,48
fairface_4428_1_2_1_val.jpg,27
fairface_892_5_1_0_val.jpg,27
fairface_1789_5_4_0_val.jpg,40
fairface_6490_5_4_1_val.jpg,35
fairface_6464_6_1_1_val.jpg,31
fairface_8932_6_2_1_val.jpg,29
fairface_8620_3_3_1_val.jpg,24
fairface_799_2_1_0_val.jpg,26
fairface_9277_1_2_0_val.jpg,30
fairface_7281_1_3_0_val.jpg,27
fairface_7887_0_4_1_val.jpg,29
fairface_10761_1_3_0_val.jpg,34
fairface_2690_1_6_0_val.jpg,45
fairface_10553_4_2_0_val.jpg,28
fairface_9712_0_3_0_val.jpg,23
fairface_3635_4_3_1_val.jpg,25
fairface_6233_5_5_0_val.jpg,42
fairface_8965_3_4_0_val.jpg,33
fairface_9461_5_3_0_val.jpg,28
fairface_6324_0_2_1_val.jpg,26
fairface_219_5_1_0_val.jpg,20
fairface_10240_5_3_1_val.jpg,27
fairface_6566_5_4_1_val.jpg,34
fairface_5398_6_6_1_val.jpg,37
fairface_402_1_4_0_val.jpg,32
fairface_1569_1_2_0_val.jpg,28
fairface_6309_0_5_1_val.jpg,39
fairface_63_6_3_0_val.jpg,26
fairface_2015_3_7_0_val.jpg,41
fairface_3557_1_5_1_val.jpg,35
fairface_10377_1_2_1_val.jpg,28
fairface_5516_2_1_1_val.jpg,22
fairface_9046_5_3_1_val.jpg,30
fairface_2732_5_5_1_val.jpg,30
fairface_794_2_1_0_val.jpg,18
fairface_7619_0_3_1_val.jpg,34
fairface_8374_3_0_1_val.jpg,22
fairface_8976_1_3_1_val.jpg,31
fairface_913_3_5_0_val.jpg,39
fairface_1390_3_7_0_val.jpg,35
fairface_5453_2_3_0_val.jpg,29
fairface_8641_2_4_1_val.jpg,34
fairface_10033_2_4_1_val.jpg,30
fairface_4998_1_1_1_val.jpg,30
fairface_2626_6_4_0_val.jpg,27
fairface_6187_1_5_1_val.jpg,32
fairface_4973_5_4_0_val.jpg,41
fairface_2230_2_4_0_val.jpg,37
fairface_6939_1_4_0_val.jpg,29
fairface_2266_1_5_0_val.jpg,46
fairface_10727_5_4_1_val.jpg,32
fairface_1660_1_4_1_val.jpg,28
fairface_1654_5_2_1_val.jpg,30
fairface_240_3_4_0_val.jpg,22
fairface_9442_2_1_1_val.jpg,28
fairface_7052_2_0_1_val.jpg,28
fairface_10517_3_3_1_val.jpg,35
fairface_8850_0_3_0_val.jpg,27
fairface_1065_3_3_0_val.jpg,24
fairface_1863_5_6_0_val.jpg,32
fairface_1414_5_2_1_val.jpg,25
fairface_10270_6_4_0_val.jpg,25
fairface_7090_3_3_1_val.jpg,26
fairface_5273_6_2_0_val.jpg,25
fairface_1042_5_6_1_val.jpg,31
fairface_6723_0_5_0_val.jpg,25
fairface_7620_5_4_1_val.jpg,35
fairface_2458_2_4_0_val.jpg,32
fairface_10073_2_5_0_val.jpg,34
fairface_9371_0_1_0_val.jpg,15
fairface_9730_1_4_0_val.jpg,26
fairface_5304_6_1_0_val.jpg,28
fairface_3436_4_7_0_val.jpg,43
fairface_6247_3_4_0_val.jpg,27
fairface_9055_2_1_1_val.jpg,32
fairface_3835_2_1_0_val.jpg,30
fairface_1282_1_4_1_val.jpg,31
fairface_2_2_1_1_val.jpg,30
fairface_10311_6_3_1_val.jpg,29
fairface_5060_6_2_1_val.jpg,26
fairface_2881_6_3_0_val.jpg,29
fairface_7953_2_4_1_val.jpg,32
fairface_5360_1_1_1_val.jpg,32
fairface_4126_3_3_0_val.jpg,36
fairface_8140_6_5_1_val.jpg,43
fairface_10895_5_5_1_val.jpg,32
fairface_9465_3_3_1_val.jpg,34
fairface_8094_5_3_0_val.jpg,38
fairface_464_0_4_0_val.jpg,28
fairface_1462_3_5_0_val.jpg,32
fairface_3410_4_3_0_val.jpg,37
fairface_6281_0_0_0_val.jpg,33
fairface_9811_6_1_1_val.jpg,26
fairface_10801_6_4_0_val.jpg,35
fairface_3268_1_7_1_val.jpg,31
fairface_4700_1_6_0_val.jpg,40
fairface_538_0_3_0_val.jpg,28
fairface_8355_1_4_1_val.jpg,31
fairface_1411_3_7_0_val.jpg,41
fairface_2274_4_4_0_val.jpg,28
fairface_384_4_5_0_val.jpg,39
fairface_2399_3_4_0_val.jpg,35
fairface_1616_0_0_0_val.jpg,37
fairface_2561_4_7_0_val.jpg,47
fairface_879_2_3_1_val.jpg,23
fairface_7704_3_3_1_val.jpg,26
fairface_7307_1_3_0_val.jpg,24
fairface_4916_2_4_1_val.jpg,34
fairface_9081_2_4_0_val.jpg,25
fairface_6632_5_2_1_val.jpg,29
fairface_1535_4_6_0_val.jpg,44
fairface_596_5_5_0_val.jpg,41
fairface_1639_5_2_1_val.jpg,30
fairface_2051_2_3_0_val.jpg,27
fairface_5368_0_6_0_val.jpg,34
fairface_9853_6_1_1_val.jpg,31
fairface_7637_3_7_1_val.jpg,34
fairface_2177_1_4_0_val.jpg,31
fairface_6134_5_4_0_val.jpg,27
fairface_5438_2_5_1_val.jpg,27
fairface_6230_2_5_0_val.jpg,34
fairface_10854_2_3_1_val.jpg,35
fairface_3954_2_5_0_val.jpg,38
fairface_5161_3_1_0_val.jpg,36
fairface_3339_6_3_1_val.jpg,24
fairface_978_3_3_0_val.jpg,30
fairface_1276_5_4_1_val.jpg,31
fairface_1202_3_5_0_val.jpg,42
fairface_3787_5_3_1_val.jpg,34
fairface_10712_4_4_0_val.jpg,23
fairface_6482_5_3_0_val.jpg,26
fairface_5971_0_3_0_val.jpg,25
fairface_814_1_3_1_val.jpg,25
fairface_9888_1_1_0_val.jpg,26
fairface_1017_5_4_0_val.jpg,33
fairface_4915_5_1_1_val.jpg,28
fairface_10397_2_3_1_val.jpg,25
fairface_1571_4_3_0_val.jpg,27
fairface_2423_3_5_1_val.jpg,37
fairface_8516_2_3_1_val.jpg,29
fairface_2845_3_7_0_val.jpg,40
fairface_7202_4_3_1_val.jpg,35
fairface_7608_3_4_1_val.jpg,25
fairface_4594_4_3_0_val.jpg,26
fairface_5788_4_6_0_val.jpg,32
fairface_5883_0_5_1_val.jpg,33
fairface_1272_4_5_1_val.jpg,39
fairface_3088_3_3_1_val.jpg,29
fairface_1940_0_3_1_val.jpg,33
fairface_7936_4_3_1_val.jpg,30
fairface_2639_3_3_1_val.jpg,23
fairface_5308_3_3_1_val.jpg,28
fairface_9167_0_5_1_val.jpg,32
fairface_5941_4_1_0_val.jpg,31
fairface_8305_3_4_1_val.jpg,45
fairface_5559_4_5_0_val.jpg,28
fairface_8028_6_4_1_val.jpg,32
fairface_9554_6_6_1_val.jpg,39
fairface_8947_0_1_0_val.jpg,28
fairface_3953_6_5_0_val.jpg,38
fairface_2505_5_2_0_val.jpg,25
fairface_3822_0_4_1_val.jpg,33
fairface_5184_3_6_1_val.jpg,43
fairface_3139_5_4_0_val.jpg,37
fairface_668_4_5_0_val.jpg,40
fairface_6210_5_3_1_val.jpg,35
fairface_9527_4_3_1_val.jpg,30
fairface_2336_3_4_1_val.jpg,31
fairface_1982_6_4_0_val.jpg,28
fairface_10241_1_2_1_val.jpg,33
fairface_9751_0_4_1_val.jpg,27
fairface_3607_5_2_0_val.jpg,25
fairface_6843_1_4_1_val.jpg,32
fairface_5824_0_3_0_val.jpg,32
fairface_7296_1_6_1_val.jpg,38
fairface_8291_0_3_1_val.jpg,39
fairface_10544_2_5_1_val.jpg,28
fairface_1631_2_2_1_val.jpg,30
fairface_2042_6_3_0_val.jpg,31
fairface_8601_5_6_0_val.jpg,37
fairface_614_0_5_1_val.jpg,29
fairface_3053_1_4_0_val.jpg,27
fairface_6889_6_3_1_val.jpg,31
fairface_3219_2_1_0_val.jpg,24
fairface_9523_3_4_0_val.jpg,33
fairface_4379_5_2_0_val.jpg,34
fairface_10497_6_6_0_val.jpg,35
fairface_2743_3_5_0_val.jpg,34
fairface_10717_1_3_0_val.jpg,37
fairface_3897_6_3_1_val.jpg,27
fairface_9039_2_1_0_val.jpg,25
fairface_371_4_4_0_val.jpg,32
fairface_9681_2_4_0_val.jpg,29
fairface_10754_6_3_1_val.jpg,31
fairface_4323_5_1_1_val.jpg,34
fairface_9027_0_5_0_val.jpg,39
fairface_153_3_4_0_val.jpg,51
fairface_6683_1_1_1_val.jpg,32
fairface_3330_6_3_0_val.jpg,28
fairface_6556_0_3_0_val.jpg,28
fairface_9156_6_4_0_val.jpg,32
fairface_4229_1_3_0_val.jpg,28
fairface_5422_5_7_1_val.jpg,27
fairface_6342_0_1_1_val.jpg,28
fairface_4192_2_2_1_val.jpg,31
fairface_563_2_3_1_val.jpg,34
fairface_3512_3_5_0_val.jpg,34
fairface_5394_6_1_0_val.jpg,29
fairface_410_5_3_1_val.jpg,32
fairface_5497_3_3_1_val.jpg,27
fairface_10258_3_6_0_val.jpg,36
fairface_7939_6_5_0_val.jpg,35
fairface_5326_0_3_0_val.jpg,30
fairface_3910_2_1_1_val.jpg,26
fairface_5357_2_7_0_val.jpg,35
fairface_9487_5_2_1_val.jpg,36
fairface_4416_1_2_0_val.jpg,25
fairface_9031_6_3_1_val.jpg,28
fairface_3754_1_5_1_val.jpg,31
fairface_10199_2_1_0_val.jpg,31
fairface_7229_5_3_1_val.jpg,32
fairface_6392_0_3_1_val.jpg,29
fairface_3658_0_4_1_val.jpg,29
fairface_8030_6_2_1_val.jpg,29
fairface_7234_4_4_0_val.jpg,26
fairface_503_0_3_1_val.jpg,30
fairface_1135_3_3_0_val.jpg,25
fairface_4265_2_4_1_val.jpg,33
fairface_927_5_5_0_val.jpg,29
fairface_5150_6_3_1_val.jpg,27
fairface_5115_5_3_1_val.jpg,31
fairface_10602_3_5_0_val.jpg,33
fairface_7940_5_3_1_val.jpg,32
fairface_3788_2_3_0_val.jpg,34
fairface_5253_2_3_1_val.jpg,29
fairface_2262_3_4_1_val.jpg,31
fairface_7759_0_3_1_val.jpg,34
fairface_3881_2_2_0_val.jpg,28
fairface_3671_1_2_1_val.jpg,28
fairface_5870_3_3_0_val.jpg,24
fairface_10025_0_3_0_val.jpg,28
fairface_4746_4_6_0_val.jpg,34
fairface_6844_3_5_0_val.jpg,44
fairface_7736_5_4_1_val.jpg,26
fairface_9397_0_6_0_val.jpg,41
fairface_9611_4_1_0_val.jpg,27
fairface_4725_6_4_1_val.jpg,32
fairface_6069_3_3_0_val.jpg,29
fairface_3625_3_6_0_val.jpg,34
fairface_3696_2_4_0_val.jpg,38
fairface_10392_6_4_1_val.jpg,29
fairface_4347_1_4_0_val.jpg,28
fairface_2548_5_4_1_val.jpg,36
fairface_2696_1_4_1_val.jpg,27
fairface_1822_0_2_0_val.jpg,31
fairface_691_0_3_0_val.jpg,34
fairface_6455_5_3_1_val.jpg,36
fairface_97_0_3_1_val.jpg,36
fairface_5248_4_4_1_val.jpg,28
fairface_9247_5_3_1_val.jpg,32
fairface_4107_2_6_0_val.jpg,41
fairface_6009_3_2_0_val.jpg,30
fairface_4624_1_4_0_val.jpg,28
fairface_1758_4_4_1_val.jpg,28
fairface_2595_3_6_1_val.jpg,46
fairface_776_2_3_0_val.jpg,31
fairface_1365_1_5_0_val.jpg,36
fairface_9480_5_3_1_val.jpg,37
fairface_5130_0_3_0_val.jpg,22
fairface_9534_6_3_1_val.jpg,32
fairface_8368_5_2_0_val.jpg,29
fairface_2789_3_2_1_val.jpg,34
fairface_8627_5_2_0_val.jpg,26
fairface_8350_5_3_0_val.jpg,25
fairface_7848_3_1_0_val.jpg,30
fairface_5635_5_6_0_val.jpg,43
fairface_6239_5_4_1_val.jpg,30
fairface_1784_2_5_0_val.jpg,36
fairface_10297_4_3_0_val.jpg,32
fairface_9123_6_1_1_val.jpg,31
fairface_5572_4_1_1_val.jpg,22
fairface_3032_5_3_1_val.jpg,31
fairface_6370_3_5_0_val.jpg,45
fairface_2514_6_3_1_val.jpg,31
fairface_5634_2_4_1_val.jpg,33
fairface_3988_1_4_0_val.jpg,33
fairface_3383_0_5_1_val.jpg,36
fairface_5741_1_1_0_val.jpg,30
fairface_7079_3_6_1_val.jpg,39
fairface_10688_1_5_0_val.jpg,34
fairface_9885_6_1_0_val.jpg,35
fairface_10113_5_1_1_val.jpg,30
fairface_7722_1_3_0_val.jpg,32
fairface_2007_4_5_0_val.jpg,37
fairface_4987_4_3_1_val.jpg,32
fairface_1760_3_7_0_val.jpg,42
fairface_2889_5_1_0_val.jpg,25
fairface_4618_3_6_0_val.jpg,37
fairface_1047_5_3_0_val.jpg,25
fairface_577_3_4_0_val.jpg,32
fairface_9653_3_4_0_val.jpg,48
fairface_5327_1_2_0_val.jpg,34
fairface_5164_1_2_1_val.jpg,26
fairface_7210_4_7_0_val.jpg,40
fairface_3725_2_4_0_val.jpg,29
fairface_3653_5_5_0_val.jpg,28
fairface_3590_3_3_0_val.jpg,29
fairface_9017_3_1_1_val.jpg,26
fairface_8877_6_6_1_val.jpg,35
fairface_4370_1_7_1_val.jpg,29
fairface_10470_5_7_1_val.jpg,41
fairface_2001_5_1_1_val.jpg,23
fairface_5922_1_1_0_val.jpg,25
fairface_9951_5_4_1_val.jpg,32
fairface_3845_1_4_1_val.jpg,41
fairface_9536_1_4_1_val.jpg,27
fairface_9285_6_6_0_val.jpg,33
fairface_5157_5_3_1_val.jpg,33
fairface_8367_0_4_1_val.jpg,31
fairface_716_3_3_0_val.jpg,28
fairface_1_1_4_1_val.jpg,34
fairface_8720_0_3_1_val.jpg,31
fairface_1243_5_2_0_val.jpg,30
fairface_631_6_1_1_val.jpg,27
fairface_5279_6_3_0_val.jpg,41
fairface_7016_2_4_1_val.jpg,36
fairface_6199_5_2_0_val.jpg,24
fairface_8450_2_0_1_val.jpg,28
fairface_4883_3_5_1_val.jpg,32
fairface_5895_6_2_0_val.jpg,23
fairface_2725_0_3_1_val.jpg,27
fairface_2053_4_4_0_val.jpg,41
fairface_3832_3_4_0_val.jpg,36
fairface_9641_4_3_0_val.jpg,25
fairface_9417_0_4_0_val.jpg,26
fairface_10559_4_4_0_val.jpg,33
fairface_4182_0_3_0_val.jpg,31
fairface_3443_1_3_1_val.jpg,35
fairface_4208_5_1_0_val.jpg,26
fairface_3657_1_6_1_val.jpg,23
fairface_10725_2_3_1_val.jpg,34
fairface_7400_2_2_0_val.jpg,24
fairface_8032_0_6_0_val.jpg,26
fairface_9482_4_5_0_val.jpg,43
fairface_8916_4_4_0_val.jpg,28
fairface_2477_2_7_1_val.jpg,30
fairface_3542_3_4_1_val.jpg,31
fairface_434_5_4_1_val.jpg,33
fairface_2365_2_4_1_val.jpg,33
fairface_500_3_1_0_val.jpg,24
fairface_4286_6_1_1_val.jpg,32
fairface_8573_4_4_0_val.jpg,25
fairface_6338_0_2_0_val.jpg,28
fairface_5047_6_3_1_val.jpg,26
fairface_6040_3_4_0_val.jpg,32
fairface_7363_3_3_0_val.jpg,24
fairface_5698_5_5_0_val.jpg,27
fairface_3427_2_4_0_val.jpg,31
fairface_431_1_7_0_val.jpg,40
fairface_5957_0_4_0_val.jpg,24
fairface_6191_1_4_0_val.jpg,32
fairface_10132_0_4_0_val.jpg,26
fairface_6860_1_3_1_val.jpg,29
fairface_9392_2_5_0_val.jpg,25
fairface_2688_3_4_0_val.jpg,35
fairface_10924_6_6_0_val.jpg,33
fairface_2995_3_1_1_val.jpg,25
fairface_1128_2_3_0_val.jpg,34
fairface_7130_4_1_0_val.jpg,28
fairface_3919_3_0_0_val.jpg,31
fairface_6003_3_3_1_val.jpg,27
fairface_3623_0_1_0_val.jpg,25
fairface_9692_6_3_0_val.jpg,27
fairface_5772_1_1_1_val.jpg,31
fairface_8488_5_5_0_val.jpg,35
fairface_5123_3_4_1_val.jpg,32
fairface_241_1_3_1_val.jpg,27
fairface_2958_6_4_0_val.jpg,25
fairface_5282_3_3_0_val.jpg,36
fairface_4315_5_3_1_val.jpg,30
fairface_6604_5_2_1_val.jpg,30
fairface_10166_4_3_1_val.jpg,31
fairface_7415_3_3_0_val.jpg,26
fairface_493_5_4_1_val.jpg,29
fairface_8221_2_2_0_val.jpg,25
fairface_4254_4_4_0_val.jpg,29
fairface_3476_4_1_1_val.jpg,25
fairface_8323_1_4_1_val.jpg,31
fairface_2232_4_2_1_val.jpg,30
fairface_6110_3_3_0_val.jpg,26
fairface_6569_2_4_1_val.jpg,25
fairface_5709_0_3_1_val.jpg,29
fairface_151_4_3_0_val.jpg,33
fairface_6007_3_2_1_val.jpg,41
fairface_8328_5_5_0_val.jpg,37
fairface_10568_1_2_1_val.jpg,31
fairface_8170_1_3_0_val.jpg,40
fairface_9919_5_3_1_val.jpg,28
fairface_4500_2_4_1_val.jpg,37
fairface_10281_2_3_0_val.jpg,32
fairface_3551_1_1_0_val.jpg,29
fairface_3817_5_4_0_val.jpg,28
fairface_4571_0_1_0_val.jpg,28
fairface_6340_6_4_0_val.jpg,27
fairface_478_5_1_1_val.jpg,16
fairface_8191_3_3_1_val.jpg,37
fairface_8377_5_3_1_val.jpg,26
fairface_6636_3_5_1_val.jpg,31
fairface_1610_4_2_0_val.jpg,23
fairface_7828_0_7_0_val.jpg,41
fairface_10491_5_3_1_val.jpg,30
fairface_6834_1_4_0_val.jpg,39
fairface_10871_5_4_0_val.jpg,32
fairface_2582_2_3_0_val.jpg,29
fairface_3040_2_6_0_val.jpg,48
fairface_6593_2_2_0_val.jpg,34
fairface_3637_2_4_0_val.jpg,29
fairface_1656_5_0_1_val.jpg,19
fairface_4823_2_6_1_val.jpg,35
fairface_8934_1_1_1_val.jpg,29
fairface_10454_5_2_1_val.jpg,31
fairface_2744_0_4_0_val.jpg,36
fairface_9061_3_3_1_val.jpg,30
fairface_3378_6_1_1_val.jpg,25
fairface_10529_6_2_1_val.jpg,31
fairface_6132_3_4_1_val.jpg,41
fairface_10457_3_3_1_val.jpg,31
fairface_882_2_6_1_val.jpg,39
fairface_5683_4_4_0_val.jpg,33
fairface_3464_5_5_1_val.jpg,29
fairface_1393_2_1_0_val.jpg,33
fairface_3597_6_1_0_val.jpg,23
fairface_7858_1_4_1_val.jpg,25
fairface_7872_6_3_1_val.jpg,28
fairface_6093_0_3_1_val.jpg,37
fairface_6147_1_3_0_val.jpg,25
fairface_930_3_2_0_val.jpg,27
fairface_145_6_5_0_val.jpg,45
fairface_6506_6_4_0_val.jpg,28
fairface_10222_4_4_0_val.jpg,33
fairface_6339_6_5_0_val.jpg,43
fairface_5995_4_5_0_val.jpg,39
fairface_10550_2_4_0_val.jpg,38
fairface_10137_3_3_0_val.jpg,31
fairface_6892_1_4_0_val.jpg,33
fairface_9862_5_3_0_val.jpg,23
fairface_3488_0_3_0_val.jpg,28
fairface_3471_6_3_1_val.jpg,35
fairface_10280_1_3_0_val.jpg,28
fairface_10760_6_1_1_val.jpg,23
fairface_6082_3_5_0_val.jpg,39
fairface_5083_1_5_0_val.jpg,49
fairface_9957_1_1_0_val.jpg,32
fairface_3399_4_5_0_val.jpg,40
fairface_10677_2_5_0_val.jpg,34
fairface_7069_2_4_0_val.jpg,37
fairface_6378_3_4_1_val.jpg,32
fairface_1341_1_3_0_val.jpg,26
fairface_7548_6_1_0_val.jpg,27
fairface_7549_6_5_1_val.jpg,31
fairface_5583_1_5_1_val.jpg,35
fairface_1558_1_6_0_val.jpg,43
fairface_1557_0_3_1_val.jpg,41
fairface_2026_3_3_1_val.jpg,25
fairface_10187_1_1_0_val.jpg,33
fairface_7992_6_6_0_val.jpg,48
fairface_4108_2_3_1_val.jpg,32
fairface_8500_3_4_1_val.jpg,28
fairface_8807_0_1_1_val.jpg,35
fairface_4321_5_3_1_val.jpg,29
fairface_2039_1_5_0_val.jpg,40
fairface_7274_5_7_0_val.jpg,37
fairface_6010_4_5_0_val.jpg,36
fairface_5560_5_5_0_val.jpg,43
fairface_6769_2_1_0_val.jpg,32
fairface_2648_2_4_1_val.jpg,27
fairface_3609_2_4_1_val.jpg,38
fairface_3111_1_3_1_val.jpg,27
fairface_9510_2_3_0_val.jpg,27
fairface_10901_0_1_1_val.jpg,35
fairface_674_2_5_1_val.jpg,33
fairface_9543_2_1_1_val.jpg,32
fairface_2682_1_5_0_val.jpg,33
fairface_4986_6_1_0_val.jpg,25
fairface_5349_0_3_1_val.jpg,39
fairface_5661_0_4_0_val.jpg,32
fairface_7762_2_6_0_val.jpg,41
fairface_4318_4_1_0_val.jpg,23
fairface_3951_2_8_1_val.jpg,49
fairface_1167_1_2_1_val.jpg,32
fairface_2689_1_2_1_val.jpg,31
fairface_3730_0_1_0_val.jpg,27
fairface_5831_6_4_0_val.jpg,29
fairface_8225_2_1_1_val.jpg,30
fairface_10464_0_1_0_val.jpg,28
fairface_5916_2_3_1_val.jpg,28
fairface_763_3_4_0_val.jpg,24
fairface_6432_1_7_1_val.jpg,36
fairface_327_1_6_0_val.jpg,44
fairface_3813_2_0_0_val.jpg,30
fairface_6259_2_4_0_val.jpg,29
fairface_3050_3_3_1_val.jpg,31
fairface_10126_3_3_0_val.jpg,29
fairface_952_2_1_0_val.jpg,30
fairface_1176_0_0_0_val.jpg,19
fairface_8184_6_4_0_val.jpg,27
fairface_69_1_4_0_val.jpg,39
fairface_9290_4_3_0_val.jpg,30
fairface_993_2_5_0_val.jpg,36
fairface_976_4_1_0_val.jpg,32
fairface_3802_2_3_1_val.jpg,33
fairface_8483_1_5_0_val.jpg,43
fairface_7642_6_4_1_val.jpg,32
fairface_1511_0_2_0_val.jpg,33
fairface_1180_1_2_0_val.jpg,28
fairface_2843_5_5_1_val.jpg,29
fairface_1488_1_3_1_val.jpg,34
fairface_5230_2_5_1_val.jpg,29
fairface_1379_1_5_0_val.jpg,42
fairface_6940_1_3_1_val.jpg,31
fairface_4738_5_5_0_val.jpg,26
fairface_8531_4_3_1_val.jpg,23
fairface_2455_2_4_0_val.jpg,32
fairface_1302_1_0_1_val.jpg,19
fairface_6021_3_3_1_val.jpg,29
fairface_8304_5_5_1_val.jpg,29
fairface_1041_6_1_0_val.jpg,20
fairface_2142_6_5_1_val.jpg,32
fairface_9649_3_4_0_val.jpg,33
fairface_4980_5_5_0_val.jpg,29
fairface_381_0_4_1_val.jpg,33
fairface_4038_2_1_0_val.jpg,34
fairface_9068_6_3_0_val.jpg,34
fairface_5738_1_3_1_val.jpg,33
fairface_3890_6_4_0_val.jpg,33
fairface_7288_4_4_0_val.jpg,31
fairface_5543_6_4_0_val.jpg,34
fairface_2164_0_6_1_val.jpg,32
fairface_5892_2_3_1_val.jpg,27
fairface_308_3_5_1_val.jpg,28
fairface_2120_6_7_1_val.jpg,31
fairface_3501_2_4_1_val.jpg,30
fairface_2366_0_4_0_val.jpg,30
fairface_7677_6_3_0_val.jpg,29
fairface_5795_5_6_0_val.jpg,45
fairface_3785_2_5_0_val.jpg,25
fairface_2092_1_5_0_val.jpg,31
fairface_8655_1_3_0_val.jpg,41
fairface_5702_5_4_0_val.jpg,34
fairface_9071_2_2_1_val.jpg,32
fairface_2948_5_6_1_val.jpg,26
fairface_1810_4_2_0_val.jpg,34
fairface_3615_3_4_1_val.jpg,26
fairface_4095_2_2_0_val.jpg,24
fairface_1227_3_2_0_val.jpg,33
fairface_8642_3_6_1_val.jpg,43
fairface_2035_2_5_1_val.jpg,30
fairface_6591_1_1_0_val.jpg,30
fairface_3425_0_5_0_val.jpg,34
fairface_8259_0_4_1_val.jpg,36
fairface_9693_3_1_0_val.jpg,27
fairface_8358_5_4_1_val.jpg,27
fairface_2897_2_2_1_val.jpg,41
fairface_5990_0_3_1_val.jpg,40
fairface_9776_2_3_0_val.jpg,34
fairface_2594_6_5_1_val.jpg,38
fairface_9810_4_8_0_val.jpg,45
fairface_1408_1_2_0_val.jpg,27
fairface_10301_0_3_0_val.jpg,34
fairface_5810_5_2_1_val.jpg,31
fairface_6008_5_1_0_val.jpg,32
fairface_5659_2_3_1_val.jpg,30
fairface_1594_4_6_1_val.jpg,38
fairface_9076_5_5_0_val.jpg,41
fairface_8169_3_3_1_val.jpg,32
fairface_4982_3_4_0_val.jpg,29
fairface_311_4_3_1_val.jpg,26
fairface_9728_0_1_1_val.jpg,21
fairface_3496_1_5_0_val.jpg,34
fairface_513_3_3_1_val.jpg,38
fairface_8489_0_3_1_val.jpg,30
fairface_10219_5_3_0_val.jpg,25
fairface_2184_0_3_1_val.jpg,32
fairface_3894_0_4_0_val.jpg,28
fairface_7439_5_4_1_val.jpg,32
fairface_4098_3_6_0_val.jpg,28
fairface_2133_6_1_1_val.jpg,29
fairface_1010_0_5_1_val.jpg,28
fairface_6475_4_4_1_val.jpg,34
fairface_1115_3_3_0_val.jpg,26
fairface_7842_3_4_0_val.jpg,32
fairface_5801_4_6_0_val.jpg,35
fairface_9033_3_4_1_val.jpg,31
fairface_3323_3_3_1_val.jpg,29
fairface_5480_6_3_0_val.jpg,32
fairface_7645_4_4_0_val.jpg,32
fairface_5721_1_3_0_val.jpg,24
fairface_8614_1_3_1_val.jpg,28
fairface_9964_3_4_1_val.jpg,39
fairface_737_5_5_0_val.jpg,43
fairface_10701_1_3_1_val.jpg,31
fairface_3232_6_4_0_val.jpg,26
fairface_1678_1_2_1_val.jpg,24
fairface_5239_2_4_0_val.jpg,31
fairface_4064_5_4_1_val.jpg,31
fairface_7207_2_4_0_val.jpg,31
fairface_2006_4_2_0_val.jpg,25
fairface_8232_0_1_1_val.jpg,30
fairface_4805_0_1_0_val.jpg,25
fairface_3877_5_4_1_val.jpg,37
fairface_9744_5_1_0_val.jpg,25
fairface_10080_6_7_0_val.jpg,39
fairface_1345_5_1_1_val.jpg,28
fairface_73_6_3_1_val.jpg,33
fairface_7602_5_3_0_val.jpg,33
fairface_10289_2_3_1_val.jpg,25
fairface_7624_0_3_0_val.jpg,28
fairface_9882_5_2_0_val.jpg,27
fairface_1346_3_6_0_val.jpg,25
fairface_9848_4_2_1_val.jpg,28
fairface_4244_6_0_0_val.jpg,28
fairface_10778_3_5_1_val.jpg,39
fairface_1459_6_3_0_val.jpg,27
fairface_7530_2_1_0_val.jpg,28
fairface_5085_1_0_0_val.jpg,33
fairface_5931_6_2_0_val.jpg,33
fairface_9696_3_2_1_val.jpg,32
fairface_10549_4_2_0_val.jpg,43
fairface_5242_3_4_0_val.jpg,34
fairface_10706_3_2_0_val.jpg,27
fairface_5035_5_7_0_val.jpg,38
fairface_7476_5_3_0_val.jpg,27
fairface_4822_5_2_0_val.jpg,23
fairface_10452_3_4_1_val.jpg,34
fairface_8129_4_5_0_val.jpg,26
fairface_9131_2_4_0_val.jpg,29
fairface_6195_4_3_0_val.jpg,29
fairface_2306_4_6_0_val.jpg,38
fairface_6925_1_3_1_val.jpg,27
fairface_9670_3_2_1_val.jpg,37
fairface_7718_1_5_1_val.jpg,42
fairface_6274_4_4_0_val.jpg,31
fairface_2606_6_4_0_val.jpg,28
fairface_9314_0_6_0_val.jpg,30
fairface_10788_0_4_0_val.jpg,35
fairface_7785_3_2_1_val.jpg,29
fairface_7726_3_3_1_val.jpg,29
fairface_3365_2_2_0_val.jpg,27
fairface_8162_4_6_1_val.jpg,44
fairface_5614_2_3_0_val.jpg,28
fairface_10903_3_2_0_val.jpg,28
fairface_1807_6_3_0_val.jpg,27
fairface_9220_3_5_0_val.jpg,47
fairface_6265_4_4_1_val.jpg,32
fairface_1976_1_7_0_val.jpg,40
fairface_6383_1_5_0_val.jpg,33
fairface_8962_0_3_1_val.jpg,26
fairface_2139_2_2_0_val.jpg,25
fairface_4615_1_4_0_val.jpg,24
fairface_375_2_3_0_val.jpg,34
fairface_8269_3_4_1_val.jpg,29
fairface_10177_5_4_1_val.jpg,32
fairface_8737_0_8_1_val.jpg,47
fairface_5529_6_3_0_val.jpg,38
fairface_6354_6_6_0_val.jpg,41
fairface_9699_0_0_0_val.jpg,29
fairface_7020_4_1_1_val.jpg,35
fairface_1977_3_6_1_val.jpg,37
fairface_4372_0_3_1_val.jpg,29
fairface_6485_2_4_0_val.jpg,27
fairface_9986_6_3_0_val.jpg,30
fairface_9186_1_6_0_val.jpg,39
fairface_5641_3_1_0_val.jpg,39
fairface_10614_3_4_1_val.jpg,39
fairface_1032_3_5_0_val.jpg,27
fairface_10542_1_5_0_val.jpg,44
fairface_10237_1_1_0_val.jpg,24
fairface_227_1_3_1_val.jpg,25
fairface_6337_3_1_1_val.jpg,34
fairface_4257_6_1_1_val.jpg,23
fairface_1118_5_1_0_val.jpg,35
fairface_1334_5_3_0_val.jpg,32
fairface_8161_1_2_0_val.jpg,30
fairface_2862_2_3_0_val.jpg,33
fairface_5351_0_3_0_val.jpg,31
fairface_7064_4_3_1_val.jpg,27
fairface_2924_2_3_0_val.jpg,30
fairface_6133_1_1_0_val.jpg,27
fairface_3457_3_5_0_val.jpg,39
fairface_3412_5_1_0_val.jpg,20
fairface_4956_1_1_1_val.jpg,30
fairface_2247_2_4_1_val.jpg,31
fairface_10308_1_3_0_val.jpg,26
fairface_3904_6_4_0_val.jpg,33
fairface_4577_6_3_1_val.jpg,32
fairface_3994_3_3_1_val.jpg,37
fairface_2672_0_1_0_val.jpg,31
fairface_2191_3_1_1_val.jpg,20
fairface_8057_3_3_1_val.jpg,32
fairface_1186_2_2_0_val.jpg,30
fairface_4502_1_3_1_val.jpg,31
fairface_5644_1_6_0_val.jpg,31
fairface_386_4_4_0_val.jpg,33
fairface_6478_4_5_0_val.jpg,36
fairface_4156_4_5_0_val.jpg,27
fairface_405_3_7_0_val.jpg,61
fairface_3044_1_7_1_val.jpg,32
fairface_2470_1_3_1_val.jpg,40
fairface_10305_3_5_0_val.jpg,46
fairface_8058_0_4_0_val.jpg,29
fairface_9719_5_3_1_val.jpg,33
fairface_3955_2_2_0_val.jpg,27
fairface_1330_3_4_1_val.jpg,27
fairface_561_4_4_1_val.jpg,30
fairface_4362_4_1_0_val.jpg,28
fairface_10119_5_4_0_val.jpg,30
fairface_2608_6_1_0_val.jpg,31
fairface_5809_5_3_0_val.jpg,27
fairface_8554_3_4_1_val.jpg,38
fairface_2580_6_7_0_val.jpg,46
fairface_10595_5_4_0_val.jpg,29
fairface_1260_1_1_1_val.jpg,32
fairface_2647_1_3_0_val.jpg,30
fairface_7474_0_3_1_val.jpg,31
fairface_4981_5_2_1_val.jpg,29
fairface_2282_2_3_0_val.jpg,26
fairface_10218_4_2_0_val.jpg,26
fairface_5432_5_1_1_val.jpg,33
fairface_9726_5_6_1_val.jpg,43
fairface_8724_4_3_0_val.jpg,27
fairface_7513_5_3_0_val.jpg,28
fairface_6621_4_5_0_val.jpg,31
fairface_2719_5_4_0_val.jpg,26
fairface_2489_3_4_0_val.jpg,32
fairface_8987_5_4_0_val.jpg,34
fairface_7882_2_4_1_val.jpg,29
fairface_3068_3_2_1_val.jpg,25
fairface_3792_4_5_0_val.jpg,43
fairface_2385_2_1_0_val.jpg,27
fairface_9687_0_3_0_val.jpg,30
fairface_309_4_4_0_val.jpg,26
fairface_6895_3_4_1_val.jpg,26
fairface_1290_5_4_0_val.jpg,42
fairface_1556_3_4_1_val.jpg,33
fairface_10399_5_3_1_val.jpg,31
fairface_3039_4_3_0_val.jpg,34
fairface_6532_4_3_1_val.jpg,31
fairface_1693_1_3_1_val.jpg,32
fairface_3743_1_2_1_val.jpg,24
fairface_1329_1_5_1_val.jpg,33
fairface_8780_0_1_0_val.jpg,27
fairface_4164_1_3_1_val.jpg,33
fairface_10585_5_4_0_val.jpg,26
fairface_445_0_3_0_val.jpg,28
fairface_5134_6_3_1_val.jpg,34
fairface_10442_1_4_0_val.jpg,33
fairface_6253_2_1_0_val.jpg,33
fairface_10852_5_6_0_val.jpg,46
fairface_5175_2_3_1_val.jpg,25
fairface_973_2_4_1_val.jpg,29
fairface_10622_0_6_0_val.jpg,39
fairface_2437_1_3_0_val.jpg,26
fairface_3601_3_6_1_val.jpg,36
fairface_1483_2_0_0_val.jpg,35
fairface_6045_6_0_0_val.jpg,23
fairface_626_0_3_1_val.jpg,33
fairface_1736_0_1_1_val.jpg,16
fairface_1748_6_3_0_val.jpg,27
fairface_7250_1_5_0_val.jpg,25
fairface_9938_2_4_1_val.jpg,35
fairface_9965_0_5_0_val.jpg,37
fairface_9645_0_4_0_val.jpg,35
fairface_6959_6_2_0_val.jpg,26
fairface_8219_3_4_0_val.jpg,36
fairface_1500_6_3_1_val.jpg,33
fairface_7028_2_2_0_val.jpg,29
fairface_5879_1_4_0_val.jpg,38
fairface_1773_5_3_0_val.jpg,26
fairface_9420_5_3_1_val.jpg,32
fairface_8228_1_3_0_val.jpg,27
fairface_8190_3_4_1_val.jpg,33
fairface_2428_0_3_1_val.jpg,34
fairface_2709_6_1_1_val.jpg,31
fairface_988_0_3_0_val.jpg,32
fairface_7932_3_4_0_val.jpg,29
fairface_3276_5_3_1_val.jpg,32
fairface_5522_2_2_1_val.jpg,32
fairface_8728_2_4_1_val.jpg,31
fairface_5412_0_3_1_val.jpg,27
fairface_8462_0_1_1_val.jpg,25
fairface_2288_5_0_0_val.jpg,31
fairface_8014_5_4_1_val.jpg,33
fairface_3416_3_3_0_val.jpg,31
fairface_1039_4_5_0_val.jpg,45
fairface_2757_4_6_0_val.jpg,59
fairface_4572_5_3_0_val.jpg,24
fairface_9792_4_3_1_val.jpg,34
fairface_6613_6_1_0_val.jpg,24
fairface_5587_6_1_1_val.jpg,31
fairface_10534_3_4_1_val.jpg,30
fairface_5980_5_5_0_val.jpg,40
fairface_2850_6_4_0_val.jpg,27
fairface_1322_1_6_0_val.jpg,40
fairface_10003_1_5_0_val.jpg,36
fairface_2654_3_3_0_val.jpg,28
fairface_6441_4_4_0_val.jpg,33
fairface_9603_3_2_1_val.jpg,33
fairface_6504_0_4_1_val.jpg,33
fairface_1233_3_3_0_val.jpg,31
fairface_5584_3_4_1_val.jpg,29
fairface_9324_2_3_0_val.jpg,32
fairface_549_5_6_0_val.jpg,40
fairface_7607_5_3_0_val.jpg,23
fairface_7508_3_3_1_val.jpg,31
fairface_2017_1_5_1_val.jpg,35
fairface_1531_4_3_0_val.jpg,27
fairface_3949_6_1_0_val.jpg,26
fairface_194_2_5_0_val.jpg,39
fairface_4520_2_3_1_val.jpg,25
fairface_6978_2_3_1_val.jpg,27
fairface_5057_4_4_1_val.jpg,32
fairface_1745_2_4_1_val.jpg,35
fairface_7116_6_2_0_val.jpg,26
fairface_2879_0_3_0_val.jpg,39
fairface_5920_2_2_1_val.jpg,23
fairface_5192_1_3_1_val.jpg,29
fairface_1798_6_7_1_val.jpg,35
fairface_6051_3_6_0_val.jpg,37
fairface_7766_1_4_0_val.jpg,36
fairface_418_3_4_0_val.jpg,31
fairface_5056_6_3_1_val.jpg,34
fairface_6173_5_6_1_val.jpg,37
fairface_5905_2_1_1_val.jpg,33
fairface_9080_0_3_1_val.jpg,29
fairface_3624_6_8_1_val.jpg,43
fairface_9777_5_1_1_val.jpg,25
fairface_3350_4_6_0_val.jpg,45
fairface_8404_3_4_0_val.jpg,25
fairface_3920_0_4_0_val.jpg,33
fairface_2664_3_2_1_val.jpg,29
fairface_5939_3_3_1_val.jpg,30
fairface_6495_6_5_0_val.jpg,35
fairface_3640_5_5_0_val.jpg,33
fairface_1600_0_2_0_val.jpg,30
fairface_1156_3_4_0_val.jpg,27
fairface_4838_3_4_1_val.jpg,32
fairface_3102_2_4_1_val.jpg,41
fairface_7910_3_7_0_val.jpg,38
fairface_6234_3_4_0_val.jpg,36
fairface_6066_3_4_0_val.jpg,29
fairface_7885_0_3_1_val.jpg,29
fairface_6770_2_4_1_val.jpg,30
fairface_6584_6_6_0_val.jpg,42
fairface_1465_4_4_0_val.jpg,38
fairface_2890_3_3_1_val.jpg,38
fairface_7113_2_2_0_val.jpg,29
fairface_9854_2_6_0_val.jpg,32
fairface_7521_5_2_1_val.jpg,38
fairface_1848_3_4_1_val.jpg,37
fairface_6668_0_3_1_val.jpg,28
fairface_5538_2_4_1_val.jpg,29
fairface_10398_2_3_1_val.jpg,32
fairface_9463_1_4_1_val.jpg,31
fairface_8845_2_5_0_val.jpg,29
fairface_9451_0_5_0_val.jpg,33
fairface_9122_5_5_1_val.jpg,33
fairface_8119_1_2_1_val.jpg,25
fairface_7249_5_2_1_val.jpg,37
fairface_6567_0_3_1_val.jpg,28
fairface_2734_2_3_0_val.jpg,25
fairface_4298_0_3_0_val.jpg,28
fairface_8285_3_6_0_val.jpg,30
fairface_2788_1_2_1_val.jpg,30
fairface_8809_4_3_0_val.jpg,25
fairface_2354_2_1_1_val.jpg,31
fairface_4392_4_5_0_val.jpg,32
fairface_6721_6_5_0_val.jpg,34
fairface_18_2_0_1_val.jpg,31
fairface_2795_3_4_0_val.jpg,36
fairface_9416_0_4_0_val.jpg,28
fairface_1983_1_3_1_val.jpg,30
fairface_2343_0_3_0_val.jpg,35
fairface_2173_5_3_1_val.jpg,32
fairface_3747_0_1_0_val.jpg,25
fairface_7407_3_2_1_val.jpg,32
fairface_7867_3_3_1_val.jpg,35
fairface_10105_3_3_1_val.jpg,28
fairface_2678_3_1_1_val.jpg,31
fairface_9119_0_3_0_val.jpg,30
fairface_438_1_3_1_val.jpg,33
fairface_7547_2_2_1_val.jpg,27
fairface_5343_1_3_1_val.jpg,38
fairface_10919_2_4_0_val.jpg,28
fairface_5787_3_3_1_val.jpg,31
fairface_3422_2_4_1_val.jpg,28
fairface_7771_1_6_1_val.jpg,33
fairface_3917_4_7_0_val.jpg,45
fairface_4724_0_1_0_val.jpg,34
fairface_6334_5_5_0_val.jpg,42
fairface_6837_3_2_0_val.jpg,31
fairface_9280_1_4_1_val.jpg,39
fairface_734_0_0_0_val.jpg,15
fairface_8621_3_3_0_val.jpg,31
fairface_9921_1_4_0_val.jpg,24
fairface_5923_6_2_0_val.jpg,28
fairface_1885_1_3_1_val.jpg,39
fairface_8485_3_6_0_val.jpg,38
fairface_10834_1_4_1_val.jpg,28
fairface_3134_4_7_0_val.jpg,39
fairface_5682_5_4_1_val.jpg,33
fairface_9307_1_4_1_val.jpg,30
fairface_7827_0_4_1_val.jpg,32
fairface_9355_0_1_0_val.jpg,30
fairface_968_6_5_0_val.jpg,30
fairface_10670_0_3_0_val.jpg,28
fairface_7101_1_3_1_val.jpg,34
fairface_1066_1_4_1_val.jpg,26
fairface_10285_6_1_1_val.jpg,36
fairface_2559_6_3_0_val.jpg,27
fairface_5078_2_2_1_val.jpg,31
fairface_4473_1_1_0_val.jpg,27
fairface_7980_4_1_0_val.jpg,23
fairface_4842_5_4_1_val.jpg,28
fairface_2979_6_4_1_val.jpg,30
fairface_10175_3_1_1_val.jpg,36
fairface_1742_1_4_0_val.jpg,36
fairface_5609_1_6_0_val.jpg,31
fairface_4248_3_6_0_val.jpg,33
fairface_9072_3_4_1_val.jpg,37
fairface_2113_0_0_1_val.jpg,25
fairface_6217_2_7_0_val.jpg,38
fairface_5162_5_6_1_val.jpg,44
fairface_3862_2_5_1_val.jpg,34
fairface_1722_4_1_1_val.jpg,31
fairface_9958_2_3_1_val.jpg,33
fairface_6323_6_4_0_val.jpg,44
fairface_3008_1_3_1_val.jpg,29
fairface_9874_2_3_0_val.jpg,27
fairface_826_3_4_0_val.jpg,40
fairface_6413_6_1_0_val.jpg,32
fairface_10535_3_3_1_val.jpg,31
fairface_9241_1_4_1_val.jpg,34
fairface_8324_4_3_1_val.jpg,36
fairface_9783_0_3_0_val.jpg,32
fairface_7384_1_7_1_val.jpg,39
fairface_1084_2_2_1_val.jpg,33
fairface_9531_6_6_1_val.jpg,31
fairface_4012_3_4_0_val.jpg,33
fairface_729_5_7_1_val.jpg,36
fairface_81_1_4_0_val.jpg,36
fairface_1076_3_5_0_val.jpg,41
fairface_6845_0_3_0_val.jpg,26
fairface_6044_6_4_0_val.jpg,45
fairface_8866_4_5_0_val.jpg,31
fairface_5594_3_0_1_val.jpg,33
fairface_7105_4_5_0_val.jpg,33
fairface_2589_1_7_1_val.jpg,40
fairface_3468_6_4_0_val.jpg,31
fairface_6670_5_3_1_val.jpg,31
fairface_1112_2_1_0_val.jpg,28
fairface_9746_6_1_1_val.jpg,35
fairface_10859_3_1_0_val.jpg,32
fairface_1831_4_6_0_val.jpg,38
fairface_2323_5_4_1_val.jpg,42
fairface_9045_3_4_0_val.jpg,30
fairface_8077_5_4_1_val.jpg,32
fairface_9492_5_4_0_val.jpg,31
fairface_10122_6_5_1_val.jpg,26
fairface_3586_5_3_0_val.jpg,30
fairface_9518_3_5_1_val.jpg,31
fairface_3185_1_4_0_val.jpg,27
fairface_10416_1_2_0_val.jpg,30
fairface_10422_1_2_1_val.jpg,24
fairface_8749_0_4_0_val.jpg,34
fairface_3239_1_4_1_val.jpg,33
fairface_7634_1_2_1_val.jpg,33
fairface_5804_3_3_1_val.jpg,32
fairface_7050_0_3_1_val.jpg,23
fairface_619_2_5_1_val.jpg,37
fairface_10357_3_5_1_val.jpg,39
fairface_5109_0_1_0_val.jpg,29
fairface_4517_3_4_0_val.jpg,32
fairface_2401_5_5_0_val.jpg,40
fairface_3300_4_8_1_val.jpg,43
fairface_7818_6_5_0_val.jpg,46
fairface_2809_3_0_1_val.jpg,23
fairface_1470_5_2_1_val.jpg,28
fairface_1428_3_0_0_val.jpg,35
fairface_5942_3_4_0_val.jpg,25
fairface_9592_4_2_0_val.jpg,26
fairface_469_6_1_0_val.jpg,19
fairface_9328_3_3_0_val.jpg,29
fairface_4019_1_6_0_val.jpg,25
fairface_4662_5_4_1_val.jpg,25
fairface_5338_4_4_1_val.jpg,32
fairface_10406_5_2_1_val.jpg,27
fairface_10027_3_1_1_val.jpg,23
fairface_3820_2_3_1_val.jpg,34
fairface_10820_5_3_0_val.jpg,28
fairface_6200_5_3_0_val.jpg,26
fairface_10708_1_3_0_val.jpg,33
fairface_2197_3_1_0_val.jpg,36
fairface_10696_6_1_1_val.jpg,21
fairface_2625_5_1_0_val.jpg,29
fairface_6534_2_3_0_val.jpg,31
fairface_3812_3_4_0_val.jpg,38
fairface_8063_0_4_0_val.jpg,37
fairface_3776_3_5_1_val.jpg,24
fairface_3611_6_1_1_val.jpg,34
fairface_8668_3_6_0_val.jpg,39
fairface_690_3_6_0_val.jpg,44
fairface_6588_3_4_0_val.jpg,30
fairface_10489_0_3_0_val.jpg,30
fairface_9513_5_1_1_val.jpg,33
fairface_3824_0_5_1_val.jpg,30
fairface_3386_0_7_0_val.jpg,29
fairface_4917_4_4_0_val.jpg,34
fairface_1534_1_1_0_val.jpg,27
fairface_4380_0_1_0_val.jpg,26
fairface_3183_1_1_1_val.jpg,23
fairface_415_6_1_1_val.jpg,27
fairface_7324_1_3_1_val.jpg,34
fairface_4141_0_2_0_val.jpg,26
fairface_8628_0_5_0_val.jpg,36
fairface_5467_3_4_0_val.jpg,36
fairface_9109_4_6_0_val.jpg,35
fairface_1945_6_8_1_val.jpg,52
fairface_6083_0_3_1_val.jpg,25
fairface_7935_5_3_1_val.jpg,31
fairface_357_0_3_1_val.jpg,29
fairface_9287_3_2_0_val.jpg,30
fairface_557_1_1_0_val.jpg,37
fairface_5761_2_2_1_val.jpg,34
fairface_1061_3_3_1_val.jpg,32
fairface_1182_5_2_1_val.jpg,23
fairface_8713_6_3_1_val.jpg,34
fairface_8837_3_3_1_val.jpg,33
fairface_10869_0_3_0_val.jpg,28
fairface_5640_0_3_1_val.jpg,35
fairface_4526_1_4_0_val.jpg,33
fairface_7569_3_1_0_val.jpg,33
fairface_3037_2_4_1_val.jpg,33
fairface_5979_2_4_1_val.jpg,35
fairface_7745_1_3_0_val.jpg,35
fairface_10812_1_3_1_val.jpg,31
fairface_1079_3_4_1_val.jpg,30
fairface_5318_5_4_0_val.jpg,27
fairface_7768_5_6_1_val.jpg,50
fairface_1310_5_6_1_val.jpg,37
fairface_5549_1_2_0_val.jpg,25
fairface_5736_3_5_0_val.jpg,34
fairface_6061_6_5_1_val.jpg,36
fairface_2588_2_1_1_val.jpg,33
fairface_622_0_4_1_val.jpg,29
fairface_9356_3_3_0_val.jpg,32
fairface_10023_5_4_1_val.jpg,35
fairface_732_1_3_1_val.jpg,30
fairface_2034_3_4_0_val.jpg,38
fairface_9395_6_4_0_val.jpg,27
fairface_9589_4_1_0_val.jpg,21
fairface_1837_3_2_0_val.jpg,30
fairface_5486_3_2_1_val.jpg,28
fairface_4197_6_6_0_val.jpg,36
fairface_4628_2_3_0_val.jpg,29
fairface_4028_6_3_0_val.jpg,33
fairface_9913_3_4_0_val.jpg,26
fairface_2916_1_1_0_val.jpg,25
fairface_4977_3_5_0_val.jpg,26
fairface_7544_4_4_0_val.jpg,28
fairface_1830_2_4_1_val.jpg,27
fairface_7232_3_5_1_val.jpg,24
fairface_8992_3_4_0_val.jpg,29
fairface_4174_0_1_1_val.jpg,29
fairface_7767_0_3_0_val.jpg,27
fairface_7458_1_2_0_val.jpg,29
fairface_833_6_3_0_val.jpg,27
fairface_4072_2_3_0_val.jpg,28
fairface_5869_4_2_0_val.jpg,31
fairface_1913_5_3_0_val.jpg,30
fairface_3846_5_2_1_val.jpg,33
fairface_4275_0_5_0_val.jpg,34
fairface_6766_6_2_0_val.jpg,31
fairface_8335_4_8_0_val.jpg,42
fairface_6522_6_3_1_val.jpg,32
fairface_4303_0_3_1_val.jpg,33
fairface_9778_1_4_0_val.jpg,30
fairface_696_5_5_0_val.jpg,45
fairface_5663_0_8_1_val.jpg,37
fairface_6603_1_3_0_val.jpg,34
fairface_8910_6_5_1_val.jpg,39
fairface_10802_6_3_1_val.jpg,25
fairface_8376_3_3_1_val.jpg,32
fairface_5007_3_3_0_val.jpg,27
fairface_5740_2_1_0_val.jpg,28
fairface_6144_2_6_0_val.jpg,37
fairface_4239_2_3_1_val.jpg,29
fairface_1734_1_4_1_val.jpg,32
fairface_2615_3_3_0_val.jpg,33
fairface_1241_2_6_1_val.jpg,33
fairface_3596_3_3_0_val.jpg,27
fairface_2479_1_2_0_val.jpg,27
fairface_9966_6_3_0_val.jpg,30
fairface_2827_0_6_1_val.jpg,42
fairface_7309_2_2_0_val.jpg,28
fairface_5966_3_3_1_val.jpg,32
fairface_4234_0_7_0_val.jpg,35
fairface_1727_4_3_0_val.jpg,25
fairface_5363_6_0_1_val.jpg,27
fairface_576_5_4_0_val.jpg,29
fairface_1968_6_5_1_val.jpg,33
fairface_3656_1_3_0_val.jpg,31
fairface_4329_5_4_0_val.jpg,32
fairface_7402_2_2_1_val.jpg,27
fairface_1185_6_2_1_val.jpg,38
fairface_7938_5_4_0_val.jpg,30
fairface_9774_5_6_1_val.jpg,41
fairface_5716_3_4_1_val.jpg,30
fairface_7005_2_5_0_val.jpg,35
fairface_5888_6_2_1_val.jpg,24
fairface_1016_3_7_1_val.jpg,39
fairface_4325_3_4_0_val.jpg,34
fairface_8685_2_1_0_val.jpg,28
fairface_3777_5_7_0_val.jpg,60
fairface_1508_1_1_0_val.jpg,23
fairface_5710_6_1_1_val.jpg,34
fairface_8667_3_3_1_val.jpg,29
fairface_9107_3_5_1_val.jpg,40
fairface_3065_1_5_0_val.jpg,27
fairface_7264_6_4_1_val.jpg,38
fairface_6004_3_4_0_val.jpg,32
fairface_6704_2_3_0_val.jpg,34
fairface_4737_4_1_1_val.jpg,21
fairface_5707_4_5_0_val.jpg,43
fairface_4907_2_7_1_val.jpg,48
fairface_8273_0_7_0_val.jpg,42
fairface_10159_5_4_1_val.jpg,32
fairface_781_5_6_0_val.jpg,38
fairface_9680_5_4_1_val.jpg,28
fairface_6403_0_1_0_val.jpg,25
fairface_7963_0_1_1_val.jpg,36
fairface_504_0_1_0_val.jpg,37
fairface_5026_4_0_0_val.jpg,20
fairface_6035_3_3_1_val.jpg,27
fairface_7054_6_8_1_val.jpg,36
fairface_8770_3_3_1_val.jpg,32
fairface_1774_3_3_0_val.jpg,27
fairface_4371_3_2_1_val.jpg,24
fairface_7344_4_4_0_val.jpg,25
fairface_8048_2_3_1_val.jpg,36
fairface_8213_5_4_0_val.jpg,27
fairface_6429_6_3_0_val.jpg,25
fairface_10939_0_2_1_val.jpg,26
fairface_473_3_5_0_val.jpg,35
fairface_7527_6_5_1_val.jpg,39
fairface_4217_0_3_1_val.jpg,32
fairface_9990_5_3_0_val.jpg,28
fairface_2094_3_4_1_val.jpg,27
fairface_3016_1_4_0_val.jpg,30
fairface_6487_6_4_0_val.jpg,29
fairface_3110_4_3_0_val.jpg,37
fairface_707_5_3_0_val.jpg,26
fairface_731_1_3_1_val.jpg,33
fairface_3316_3_5_1_val.jpg,34
fairface_1420_0_5_1_val.jpg,33
fairface_3162_1_2_1_val.jpg,35
fairface_7072_0_0_0_val.jpg,32
fairface_1888_3_4_0_val.jpg,45
fairface_525_2_5_1_val.jpg,34
fairface_2830_1_6_1_val.jpg,41
fairface_3956_4_1_0_val.jpg,32
fairface_1825_1_4_0_val.jpg,28
fairface_10572_2_1_0_val.jpg,29
fairface_8582_2_3_0_val.jpg,30
fairface_7701_6_4_0_val.jpg,27
fairface_1564_1_2_1_val.jpg,25
fairface_6466_3_5_1_val.jpg,39
fairface_8203_0_2_0_val.jpg,32
fairface_2307_3_3_1_val.jpg,34
fairface_488_2_4_1_val.jpg,31
fairface_5329_5_1_0_val.jpg,32
fairface_5225_6_5_0_val.jpg,44
fairface_10037_5_3_1_val.jpg,32
fairface_9929_3_3_1_val.jpg,38
fairface_7487_2_2_0_val.jpg,29
fairface_6686_1_5_0_val.jpg,33
fairface_4041_6_5_1_val.jpg,33
fairface_8739_1_2_1_val.jpg,29
fairface_7558_3_4_1_val.jpg,32
fairface_5094_6_3_1_val.jpg,33
fairface_10608_5_5_0_val.jpg,36
fairface_4665_0_5_0_val.jpg,41
fairface_236_1_4_0_val.jpg,28
fairface_712_4_3_1_val.jpg,26
fairface_8125_4_5_1_val.jpg,33
fairface_9721_6_4_1_val.jpg,33
fairface_1271_5_4_1_val.jpg,28
fairface_8544_1_4_0_val.jpg,29
fairface_2527_0_3_1_val.jpg,35
fairface_2143_3_3_0_val.jpg,25
fairface_5247_3_4_0_val.jpg,33
fairface_351_2_6_0_val.jpg,27
fairface_6500_6_4_1_val.jpg,35
fairface_5619_0_5_0_val.jpg,36
fairface_5491_4_4_1_val.jpg,39
fairface_3202_0_4_0_val.jpg,31
fairface_6697_0_3_1_val.jpg,35
fairface_8864_6_3_1_val.jpg,32
fairface_10158_5_7_1_val.jpg,35
fairface_5769_0_4_0_val.jpg,26
fairface_9034_4_2_0_val.jpg,27
fairface_4983_3_6_0_val.jpg,44
fairface_6084_1_2_1_val.jpg,29
fairface_3284_0_3_1_val.jpg,31
fairface_5800_2_3_1_val.jpg,26
fairface_6570_2_4_0_val.jpg,33
fairface_8334_0_3_1_val.jpg,29
fairface_5904_1_5_0_val.jpg,29
fairface_758_1_1_0_val.jpg,31
fairface_2949_0_4_0_val.jpg,32
fairface_8574_2_4_0_val.jpg,26
fairface_5753_3_5_0_val.jpg,41
fairface_9953_5_4_1_val.jpg,33
fairface_9790_2_1_0_val.jpg,30
fairface_7027_6_1_0_val.jpg,33
fairface_10851_3_3_0_val.jpg,22
fairface_6557_3_4_0_val.jpg,32
fairface_7532_3_5_0_val.jpg,28
fairface_9723_3_5_1_val.jpg,44
fairface_3241_2_7_1_val.jpg,39
fairface_608_2_5_0_val.jpg,40
fairface_211_0_1_0_val.jpg,28
fairface_2925_3_3_0_val.jpg,32
fairface_4137_4_4_0_val.jpg,33
fairface_841_2_1_0_val.jpg,32
fairface_7366_0_2_1_val.jpg,36
fairface_9116_2_4_1_val.jpg,33
fairface_1281_2_4_1_val.jpg,30
fairface_8565_3_4_0_val.jpg,33
fairface_5542_0_4_0_val.jpg,30
fairface_721_2_1_1_val.jpg,30
fairface_9049_0_3_0_val.jpg,29
fairface_3265_3_3_1_val.jpg,28
fairface_2565_5_1_0_val.jpg,26
fairface_2782_2_5_1_val.jpg,39
fairface_5816_3_3_1_val.jpg,31
fairface_10117_3_6_1_val.jpg,41
fairface_7099_1_5_1_val.jpg,32
fairface_4467_2_2_0_val.jpg,28
fairface_8543_2_3_0_val.jpg,35
fairface_9211_5_4_1_val.jpg,34
fairface_7457_3_3_1_val.jpg,22
fairface_3523_5_2_0_val.jpg,23
fairface_57_5_5_1_val.jpg,42
fairface_3106_2_3_1_val.jpg,31
fairface_4196_6_3_1_val.jpg,23
fairface_3975_5_6_0_val.jpg,37
fairface_809_0_5_0_val.jpg,36
fairface_3433_5_3_1_val.jpg,32
fairface_9322_1_6_0_val.jpg,30
fairface_8249_5_4_0_val.jpg,52
fairface_1222_6_3_0_val.jpg,27
fairface_6027_0_1_1_val.jpg,36
fairface_4132_3_2_1_val.jpg,39
fairface_10235_4_1_0_val.jpg,33
fairface_3254_6_4_1_val.jpg,30
fairface_6653_3_4_1_val.jpg,45
fairface_8978_4_2_1_val.jpg,23
fairface_6232_1_1_1_val.jpg,27
fairface_3978_1_5_0_val.jpg,28
fairface_884_1_7_1_val.jpg,29
fairface_6001_6_3_0_val.jpg,28
fairface_2893_2_3_1_val.jpg,29
fairface_8675_0_3_0_val.jpg,30
fairface_5803_4_7_1_val.jpg,31
fairface_10807_3_1_1_val.jpg,33
fairface_7481_5_4_1_val.jpg,21
fairface_10028_0_3_1_val.jpg,36
fairface_7138_3_5_1_val.jpg,31
fairface_7178_5_5_1_val.jpg,31
fairface_1040_4_4_1_val.jpg,31
fairface_6841_2_4_0_val.jpg,28
fairface_2424_6_2_1_val.jpg,29
fairface_4825_5_4_0_val.jpg,39
fairface_9030_5_3_1_val.jpg,27
fairface_209_2_1_0_val.jpg,34
fairface_869_2_4_1_val.jpg,30
fairface_2523_5_4_1_val.jpg,36
fairface_4230_0_5_1_val.jpg,32
fairface_3398_1_5_0_val.jpg,36
fairface_8068_6_3_1_val.jpg,29
fairface_8501_5_4_0_val.jpg,35
fairface_2731_6_1_1_val.jpg,26
fairface_4008_2_4_0_val.jpg,33
fairface_9221_6_6_0_val.jpg,57
fairface_9981_5_4_0_val.jpg,27
fairface_606_6_1_1_val.jpg,31
fairface_6523_0_4_1_val.jpg,24
fairface_60_0_1_0_val.jpg,28
fairface_4523_6_1_1_val.jpg,25
fairface_1190_6_2_0_val.jpg,29
fairface_6801_0_1_1_val.jpg,29
fairface_7913_0_2_1_val.jpg,34
fairface_6108_4_3_0_val.jpg,25
fairface_7629_1_1_0_val.jpg,31
fairface_2969_1_2_0_val.jpg,28
fairface_188_0_1_1_val.jpg,30
fairface_8560_6_4_0_val.jpg,38
fairface_5646_4_4_1_val.jpg,29
fairface_8603_6_3_1_val.jpg,32
fairface_4728_6_5_0_val.jpg,40
fairface_6684_0_1_0_val.jpg,26
fairface_5650_3_5_1_val.jpg,39
fairface_7606_5_2_1_val.jpg,28
fairface_2546_2_3_0_val.jpg,25
fairface_413_2_1_0_val.jpg,26
fairface_3127_2_0_1_val.jpg,24
fairface_2351_0_6_0_val.jpg,44
fairface_2409_1_3_1_val.jpg,32
fairface_1743_1_2_1_val.jpg,32
fairface_10295_6_5_1_val.jpg,29
fairface_1672_6_1_0_val.jpg,20
fairface_5551_6_3_1_val.jpg,34
fairface_9771_3_6_1_val.jpg,39
fairface_8731_6_3_0_val.jpg,29
fairface_2112_1_3_1_val.jpg,28
fairface_2481_0_6_0_val.jpg,57
fairface_7166_2_2_0_val.jpg,27
fairface_8477_4_3_1_val.jpg,30
fairface_5778_5_5_1_val.jpg,31
fairface_8702_5_1_1_val.jpg,39
fairface_7993_0_2_0_val.jpg,26
fairface_1068_6_3_0_val.jpg,32
fairface_2927_1_4_0_val.jpg,39
fairface_1143_3_0_1_val.jpg,31
fairface_4322_2_2_0_val.jpg,30
fairface_8786_2_2_0_val.jpg,25
fairface_5442_6_2_0_val.jpg,32
fairface_9741_5_7_0_val.jpg,41
fairface_2808_5_5_0_val.jpg,36
fairface_4693_3_6_0_val.jpg,42
fairface_620_6_2_0_val.jpg,30
fairface_7686_5_4_1_val.jpg,29
fairface_5911_0_2_1_val.jpg,30
fairface_3829_2_5_1_val.jpg,32
fairface_7492_1_4_0_val.jpg,31
fairface_6994_0_4_0_val.jpg,44
fairface_3435_6_5_1_val.jpg,31
fairface_4698_6_2_1_val.jpg,30
fairface_8526_0_3_1_val.jpg,31
fairface_221_4_4_0_val.jpg,39
fairface_6254_0_0_1_val.jpg,28
fairface_7114_3_4_0_val.jpg,39
fairface_5434_2_3_1_val.jpg,32
fairface_10020_2_3_0_val.jpg,30
fairface_3553_0_7_0_val.jpg,36
fairface_2140_5_3_1_val.jpg,29
fairface_8936_6_2_1_val.jpg,27
fairface_10745_0_3_0_val.jpg,29
fairface_559_3_5_1_val.jpg,28
fairface_1457_4_4_1_val.jpg,38
fairface_9234_6_2_1_val.jpg,30
fairface_4979_6_2_0_val.jpg,29
fairface_1074_5_5_0_val.jpg,29
fairface_4335_4_4_0_val.jpg,29
fairface_4030_6_2_1_val.jpg,29
fairface_10738_2_1_1_val.jpg,33
fairface_66_5_2_1_val.jpg,30
fairface_1645_0_1_1_val.jpg,27
fairface_3970_1_3_0_val.jpg,34
fairface_5734_3_3_0_val.jpg,32
fairface_8041_1_5_0_val.jpg,42
fairface_10857_5_3_1_val.jpg,26
fairface_1700_6_2_1_val.jpg,28
fairface_7760_4_5_0_val.jpg,25
fairface_10562_2_7_1_val.jpg,33
fairface_4417_0_3_1_val.jpg,34
fairface_3249_0_3_0_val.jpg,28
fairface_6595_3_5_0_val.jpg,33
fairface_9363_2_1_0_val.jpg,27
fairface_176_3_4_1_val.jpg,38
fairface_3320_4_8_0_val.jpg,46
fairface_9362_1_1_0_val.jpg,25
fairface_9993_0_3_0_val.jpg,27
fairface_8817_3_3_1_val.jpg,32
fairface_5700_1_1_1_val.jpg,25
fairface_6852_3_3_1_val.jpg,38
fairface_637_0_2_1_val.jpg,35
fairface_6115_6_6_0_val.jpg,40
fairface_2016_1_4_0_val.jpg,41
fairface_10371_2_2_1_val.jpg,24
fairface_4682_5_3_0_val.jpg,29
fairface_2547_3_1_1_val.jpg,36
fairface_4306_0_3_1_val.jpg,26
fairface_565_0_2_1_val.jpg,26
fairface_1710_0_3_0_val.jpg,33
fairface_8583_0_4_0_val.jpg,29
fairface_7443_2_3_1_val.jpg,34
fairface_9682_0_1_0_val.jpg,25
fairface_7556_0_3_0_val.jpg,41
fairface_6491_2_4_1_val.jpg,30
fairface_8145_2_5_0_val.jpg,32
fairface_2707_0_5_1_val.jpg,35
fairface_9354_2_3_1_val.jpg,31
fairface_7171_0_1_1_val.jpg,36
fairface_163_0_3_1_val.jpg,32
fairface_10192_0_1_0_val.jpg,33
fairface_8001_3_0_0_val.jpg,22
fairface_1701_0_4_0_val.jpg,27
fairface_4287_0_4_1_val.jpg,31
fairface_2231_0_1_1_val.jpg,30
fairface_1603_2_3_1_val.jpg,29
fairface_2537_3_1_1_val.jpg,28
fairface_1098_3_1_0_val.jpg,18
fairface_9149_4_4_0_val.jpg,35
fairface_4966_4_6_0_val.jpg,41
fairface_10378_5_3_0_val.jpg,30
fairface_2796_1_3_1_val.jpg,29
fairface_8090_5_1_1_val.jpg,25
fairface_220_3_1_1_val.jpg,25
fairface_9478_2_4_1_val.jpg,26
fairface_358_3_3_1_val.jpg,29
fairface_10453_4_4_0_val.jpg,28
fairface_10870_2_1_1_val.jpg,26
fairface_8788_1_2_1_val.jpg,31
fairface_6798_4_3_0_val.jpg,25
fairface_1604_1_7_1_val.jpg,44
fairface_2452_4_3_1_val.jpg,31
fairface_9015_3_3_0_val.jpg,29
fairface_5845_1_6_0_val.jpg,48
fairface_5556_1_6_0_val.jpg,40
fairface_9549_4_3_0_val.jpg,31
fairface_9688_5_7_0_val.jpg,36
fairface_7959_2_5_0_val.jpg,30
fairface_6129_1_1_1_val.jpg,35
fairface_5144_4_3_0_val.jpg,30
fairface_4576_3_4_0_val.jpg,35
fairface_3384_6_4_0_val.jpg,28
fairface_3474_1_2_1_val.jpg,36
fairface_4432_4_6_0_val.jpg,45
fairface_8885_0_3_1_val.jpg,28
fairface_4639_2_4_0_val.jpg,29
fairface_5493_4_5_1_val.jpg,35
fairface_9075_0_2_1_val.jpg,30
fairface_8880_0_4_0_val.jpg,37
fairface_682_6_3_1_val.jpg,28
fairface_9775_1_3_1_val.jpg,35
fairface_2578_5_6_1_val.jpg,33
fairface_6833_2_1_1_val.jpg,27
fairface_5992_6_2_0_val.jpg,28
fairface_5862_3_3_1_val.jpg,33
fairface_280_1_4_0_val.jpg,31
fairface_10561_3_3_0_val.jpg,27
fairface_1680_3_7_0_val.jpg,46
fairface_8993_1_2_0_val.jpg,32
fairface_3948_5_6_0_val.jpg,40
fairface_7242_4_2_0_val.jpg,27
fairface_5596_6_3_1_val.jpg,28
fairface_3281_2_4_0_val.jpg,26
fairface_7663_3_5_0_val.jpg,33
fairface_3924_6_2_0_val.jpg,30
fairface_6614_5_5_0_val.jpg,33
fairface_4638_4_5_1_val.jpg,32
fairface_5726_5_6_1_val.jpg,27
fairface_2936_4_2_0_val.jpg,24
fairface_6497_3_4_0_val.jpg,26
fairface_10006_1_1_0_val.jpg,29
fairface_1430_2_3_1_val.jpg,31
fairface_3426_5_3_1_val.jpg,36
fairface_6790_4_2_1_val.jpg,30
fairface_4610_2_5_1_val.jpg,33
fairface_2896_5_6_0_val.jpg,40
fairface_4786_5_6_1_val.jpg,29
fairface_9262_1_1_0_val.jpg,30
fairface_10264_0_2_1_val.jpg,35
fairface_8457_2_6_1_val.jpg,41
fairface_9734_6_3_1_val.jpg,38
fairface_8470_5_4_1_val.jpg,28
fairface_10493_2_4_0_val.jpg,47
fairface_8990_0_6_1_val.jpg,36
fairface_8201_5_1_1_val.jpg,41
fairface_10079_2_4_1_val.jpg,25
fairface_5041_1_2_1_val.jpg,25
fairface_2265_3_2_1_val.jpg,30
fairface_1331_3_5_0_val.jpg,32
fairface_9171_4_1_0_val.jpg,27
fairface_9128_3_3_1_val.jpg,27
fairface_4284_3_4_1_val.jpg,34
fairface_9855_2_5_0_val.jpg,36
fairface_582_0_1_1_val.jpg,27
fairface_10070_2_5_1_val.jpg,30
fairface_3823_2_1_1_val.jpg,23
fairface_6552_1_3_1_val.jpg,29
fairface_4469_0_4_0_val.jpg,33
fairface_5283_2_3_0_val.jpg,32
fairface_2747_6_7_1_val.jpg,35
fairface_9388_5_5_1_val.jpg,31
fairface_3968_6_5_1_val.jpg,37
fairface_2528_1_4_1_val.jpg,33
fairface_540_5_1_0_val.jpg,26
fairface_235_6_3_1_val.jpg,35
fairface_5686_3_5_0_val.jpg,34
fairface_6125_4_3_0_val.jpg,24
fairface_5884_2_5_0_val.jpg,42
fairface_7460_2_4_1_val.jpg,35
fairface_6815_3_1_1_val.jpg,36
fairface_5616_5_3_0_val.jpg,27
fairface_544_5_4_1_val.jpg,38
fairface_7053_1_4_1_val.jpg,34
fairface_10345_0_3_1_val.jpg,33
fairface_6544_4_6_0_val.jpg,23
fairface_3903_2_0_0_val.jpg,28
fairface_3866_6_6_1_val.jpg,36
fairface_8553_2_6_1_val.jpg,33
fairface_3196_6_2_0_val.jpg,27
fairface_2062_0_3_0_val.jpg,26
fairface_9271_0_4_0_val.jpg,26
fairface_3230_3_5_1_val.jpg,34
fairface_2825_3_3_0_val.jpg,35
fairface_10355_0_3_0_val.jpg,26
fairface_3969_5_5_0_val.jpg,37
fairface_4921_3_3_0_val.jpg,28
fairface_4439_5_4_0_val.jpg,40
fairface_7562_4_3_1_val.jpg,32
fairface_9988_1_2_1_val.jpg,24
fairface_8686_3_4_1_val.jpg,35
fairface_974_1_1_0_val.jpg,30
fairface_4646_2_5_1_val.jpg,37
fairface_10940_2_1_0_val.jpg,22
fairface_2325_3_5_0_val.jpg,41
fairface_7824_6_2_0_val.jpg,29
fairface_4088_0_1_0_val.jpg,20
fairface_4926_6_1_1_val.jpg,25
fairface_6824_1_2_1_val.jpg,30
fairface_939_3_4_1_val.jpg,30
fairface_8663_0_6_0_val.jpg,43
fairface_4865_4_5_1_val.jpg,29
fairface_4892_0_6_0_val.jpg,43
fairface_6352_3_3_0_val.jpg,27
fairface_4563_0_2_1_val.jpg,31
fairface_7259_3_4_0_val.jpg,33
fairface_5037_3_4_0_val.jpg,33
fairface_7797_3_3_1_val.jpg,35
fairface_5232_5_7_0_val.jpg,37
fairface_9928_3_7_0_val.jpg,49
fairface_694_1_5_0_val.jpg,30
fairface_4061_5_7_0_val.jpg,37
fairface_10709_0_4_1_val.jpg,29
fairface_4016_0_2_1_val.jpg,24
fairface_2868_0_3_1_val.jpg,31
fairface_6830_1_3_1_val.jpg,27
fairface_6518_2_6_1_val.jpg,31
fairface_9663_4_4_0_val.jpg,26
fairface_1256_1_2_1_val.jpg,29
fairface_10061_5_3_1_val.jpg,31
fairface_1348_6_6_0_val.jpg,36
fairface_3760_2_4_0_val.jpg,28
fairface_7564_0_4_1_val.jpg,33
fairface_4537_3_6_0_val.jpg,41
fairface_5054_2_6_1_val.jpg,37
fairface_1662_1_2_0_val.jpg,26
fairface_2188_3_4_1_val.jpg,30
fairface_4755_6_3_0_val.jpg,31
fairface_6359_4_2_1_val.jpg,36
fairface_4077_2_6_1_val.jpg,32
fairface_3731_6_1_1_val.jpg,23
fairface_2225_2_4_1_val.jpg,27
fairface_5848_3_4_0_val.jpg,30
fairface_1489_0_3_1_val.jpg,28
fairface_9366_4_3_0_val.jpg,32
fairface_6246_0_5_0_val.jpg,34
fairface_2609_1_6_0_val.jpg,42
fairface_5452_4_3_0_val.jpg,31
fairface_2485_4_3_0_val.jpg,29
fairface_9761_3_6_0_val.jpg,33
fairface_10520_2_1_1_val.jpg,24
fairface_9736_5_4_1_val.jpg,33
fairface_2576_0_3_1_val.jpg,29
fairface_7705_6_4_1_val.jpg,32
fairface_9805_5_1_0_val.jpg,24
fairface_10110_5_4_0_val.jpg,29
fairface_8673_0_3_1_val.jpg,29
fairface_1765_1_1_0_val.jpg,27
fairface_8393_2_4_1_val.jpg,36
fairface_8261_3_5_1_val.jpg,41
fairface_8134_3_3_1_val.jpg,25
fairface_3154_4_5_0_val.jpg,44
fairface_2181_6_3_1_val.jpg,34
fairface_4971_0_5_1_val.jpg,36
fairface_10335_1_4_0_val.jpg,30
fairface_2759_1_2_1_val.jpg,24
fairface_5837_4_4_0_val.jpg,27
fairface_10229_3_1_0_val.jpg,34
fairface_5110_2_5_0_val.jpg,30
fairface_10720_2_4_1_val.jpg,32
fairface_9912_5_3_1_val.jpg,29
fairface_609_4_5_0_val.jpg,33
fairface_7168_2_1_0_val.jpg,28
fairface_6117_2_2_0_val.jpg,36
fairface_4556_2_1_0_val.jpg,26
fairface_2536_1_6_0_val.jpg,27
fairface_6407_2_3_1_val.jpg,36
fairface_3369_5_1_1_val.jpg,26
fairface_43_5_5_0_val.jpg,41
fairface_6922_0_4_0_val.jpg,30
fairface_4803_3_6_1_val.jpg,36
fairface_6546_1_5_0_val.jpg,33
fairface_7065_1_4_0_val.jpg,27
fairface_7743_4_5_0_val.jpg,32
fairface_6439_3_2_1_val.jpg,26
fairface_7782_4_7_0_val.jpg,41
fairface_9500_4_4_0_val.jpg,29
fairface_2947_1_3_0_val.jpg,26
fairface_4383_4_5_0_val.jpg,34
fairface_1706_0_3_1_val.jpg,36
fairface_5176_2_2_1_val.jpg,27
fairface_7950_2_3_1_val.jpg,31
fairface_3259_0_3_1_val.jpg,25
fairface_7791_3_3_1_val.jpg,32
fairface_4515_6_2_0_val.jpg,23
fairface_5454_2_4_1_val.jpg,33
fairface_3641_4_3_1_val.jpg,33
fairface_463_2_1_0_val.jpg,29
fairface_9254_5_1_1_val.jpg,23
fairface_10855_0_3_1_val.jpg,34
fairface_6967_4_7_0_val.jpg,43
fairface_1187_5_6_1_val.jpg,35
fairface_9178_0_2_1_val.jpg,25
fairface_9337_4_4_0_val.jpg,27
fairface_2960_4_5_1_val.jpg,38
fairface_259_2_3_0_val.jpg,26
fairface_5470_0_4_1_val.jpg,29
fairface_8660_6_4_1_val.jpg,37
fairface_5658_2_0_0_val.jpg,29
fairface_5122_6_3_1_val.jpg,32
fairface_7088_2_3_1_val.jpg,30
fairface_4292_6_3_1_val.jpg,29
fairface_6218_3_3_0_val.jpg,39
fairface_4146_2_5_1_val.jpg,34
fairface_7741_5_3_1_val.jpg,31
fairface_3865_2_4_1_val.jpg,34
fairface_7622_4_6_0_val.jpg,48
fairface_1776_4_4_0_val.jpg,43
fairface_17_6_5_0_val.jpg,41
fairface_1429_0_5_0_val.jpg,41
fairface_8212_4_1_0_val.jpg,25
fairface_2219_0_3_0_val.jpg,37
fairface_10941_3_3_1_val.jpg,31
fairface_7942_6_1_0_val.jpg,30
fairface_8115_5_3_1_val.jpg,32
fairface_5694_3_4_0_val.jpg,29
fairface_8056_0_6_0_val.jpg,28
fairface_295_5_3_1_val.jpg,30
fairface_1326_5_3_1_val.jpg,40
fairface_3576_1_1_0_val.jpg,33
fairface_3170_2_1_0_val.jpg,28
fairface_8876_4_6_0_val.jpg,46
fairface_7299_3_3_0_val.jpg,41
fairface_9044_6_5_0_val.jpg,34
fairface_476_5_4_0_val.jpg,37
fairface_394_4_6_0_val.jpg,36
fairface_6335_0_3_0_val.jpg,27
fairface_10415_0_3_1_val.jpg,34
fairface_4453_2_2_0_val.jpg,27
fairface_4808_1_4_1_val.jpg,37
fairface_5539_3_4_0_val.jpg,34
fairface_10879_5_4_1_val.jpg,27
fairface_5760_3_4_0_val.jpg,28
fairface_3595_0_4_1_val.jpg,34
fairface_4708_2_3_1_val.jpg,32
fairface_2837_3_3_0_val.jpg,34
fairface_522_3_3_1_val.jpg,31
fairface_1948_4_6_1_val.jpg,35
fairface_10503_6_3_0_val.jpg,33
fairface_929_5_3_1_val.jpg,30
fairface_8013_3_3_1_val.jpg,33
fairface_4225_3_3_1_val.jpg,25
fairface_4963_3_3_0_val.jpg,27
fairface_1614_3_3_0_val.jpg,35
fairface_7616_5_6_0_val.jpg,51
fairface_2318_3_4_0_val.jpg,24
fairface_136_5_5_0_val.jpg,30
fairface_4027_2_1_0_val.jpg,30
fairface_6222_4_4_0_val.jpg,29
fairface_9089_5_3_0_val.jpg,33
fairface_496_0_3_1_val.jpg,32
fairface_4722_5_4_1_val.jpg,24
fairface_6803_6_6_1_val.jpg,32
fairface_8449_5_5_1_val.jpg,26
fairface_7451_4_5_0_val.jpg,28
fairface_10615_4_4_1_val.jpg,31
fairface_9173_0_3_0_val.jpg,30
fairface_7397_2_3_0_val.jpg,27
fairface_7100_2_1_0_val.jpg,31
fairface_4733_3_6_0_val.jpg,39
fairface_4189_2_6_1_val.jpg,28
fairface_4311_3_3_1_val.jpg,32
fairface_9863_2_4_0_val.jpg,28
fairface_9614_2_0_0_val.jpg,33
fairface_7004_5_4_0_val.jpg,29
fairface_5575_3_6_0_val.jpg,29
fairface_5046_6_3_0_val.jpg,34
fairface_5991_2_0_1_val.jpg,28
fairface_9835_1_4_0_val.jpg,37
fairface_6116_4_7_0_val.jpg,37
fairface_2993_1_4_0_val.jpg,39
fairface_9332_1_2_1_val.jpg,27
fairface_8631_0_3_1_val.jpg,39
fairface_8044_3_6_1_val.jpg,33
fairface_8682_0_3_0_val.jpg,29
fairface_1712_1_6_1_val.jpg,38
fairface_10426_3_4_0_val.jpg,32
fairface_8463_6_5_0_val.jpg,25
fairface_7123_0_1_1_val.jpg,28
fairface_7819_1_5_1_val.jpg,31
fairface_6615_0_4_1_val.jpg,25
fairface_7184_0_3_1_val.jpg,39
fairface_1880_3_5_1_val.jpg,28
fairface_4139_3_3_0_val.jpg,23
fairface_739_2_3_1_val.jpg,28
fairface_9799_2_2_1_val.jpg,25
fairface_8848_1_4_0_val.jpg,34
fairface_6015_1_4_0_val.jpg,34
fairface_4397_0_3_1_val.jpg,34
fairface_10640_0_1_1_val.jpg,35
fairface_4355_4_4_0_val.jpg,31
fairface_3692_4_6_0_val.jpg,34
fairface_362_6_4_0_val.jpg,32
fairface_1416_3_5_0_val.jpg,40
fairface_6811_1_7_0_val.jpg,35
fairface_902_3_5_0_val.jpg,31
fairface_2926_5_1_0_val.jpg,24
fairface_10359_2_6_1_val.jpg,31
fairface_7667_3_4_0_val.jpg,29
fairface_5841_2_2_0_val.jpg,29
fairface_4261_0_2_1_val.jpg,27
fairface_1292_5_4_1_val.jpg,31
fairface_10407_0_4_1_val.jpg,34
fairface_7822_2_1_0_val.jpg,32
fairface_322_3_7_0_val.jpg,34
fairface_2873_3_3_1_val.jpg,36
fairface_8251_3_3_1_val.jpg,30
fairface_5268_3_5_0_val.jpg,31
fairface_4198_4_6_0_val.jpg,29
fairface_7983_5_6_1_val.jpg,29
fairface_5851_4_6_0_val.jpg,37
fairface_1424_2_2_0_val.jpg,30
fairface_4750_2_5_0_val.jpg,25
fairface_6212_0_3_0_val.jpg,26
fairface_5350_5_4_0_val.jpg,26
fairface_3019_5_3_1_val.jpg,27
fairface_9866_0_0_0_val.jpg,28
fairface_1142_0_7_0_val.jpg,49
fairface_8107_0_4_0_val.jpg,28
fairface_767_3_6_0_val.jpg,39
fairface_4673_5_3_0_val.jpg,26
fairface_2100_4_6_0_val.jpg,43
fairface_185_6_6_1_val.jpg,31
fairface_2590_4_4_1_val.jpg,36
fairface_437_4_3_1_val.jpg,28
fairface_2717_2_2_1_val.jpg,29
fairface_10352_2_2_1_val.jpg,26
fairface_10571_1_4_0_val.jpg,29
fairface_9083_5_4_1_val.jpg,39
fairface_9530_3_5_1_val.jpg,31
fairface_3939_3_2_0_val.jpg,26
fairface_9840_2_4_0_val.jpg,25
fairface_1579_6_4_1_val.jpg,38
fairface_5932_4_5_0_val.jpg,42
fairface_7673_2_6_0_val.jpg,39
fairface_5485_6_7_0_val.jpg,45
fairface_3346_0_3_0_val.jpg,35
fairface_6440_5_2_1_val.jpg,29
fairface_4079_3_4_1_val.jpg,31
fairface_6100_0_3_1_val.jpg,36
fairface_7183_1_6_1_val.jpg,48
fairface_571_2_4_0_val.jpg,33
fairface_9647_1_1_0_val.jpg,25
fairface_7499_3_3_1_val.jpg,32
fairface_5017_3_2_0_val.jpg,29
fairface_2141_4_4_0_val.jpg,38
fairface_8842_2_6_1_val.jpg,28
fairface_6857_6_2_1_val.jpg,33
fairface_6235_0_6_1_val.jpg,31
fairface_4778_6_4_0_val.jpg,31
fairface_7104_5_4_0_val.jpg,28
fairface_7231_3_5_1_val.jpg,24
fairface_8436_1_6_1_val.jpg,38
fairface_10155_4_3_1_val.jpg,31
fairface_9217_0_2_0_val.jpg,29
fairface_7433_0_2_1_val.jpg,27
fairface_4353_4_5_1_val.jpg,36
fairface_6758_1_3_1_val.jpg,32
fairface_10090_4_3_0_val.jpg,25
fairface_8680_4_4_0_val.jpg,35
fairface_6763_0_3_0_val.jpg,27
fairface_4654_1_4_0_val.jpg,33
fairface_7287_0_4_1_val.jpg,34
fairface_1139_4_4_0_val.jpg,32
fairface_4245_0_2_1_val.jpg,32
fairface_5541_3_0_0_val.jpg,37
fairface_9997_6_5_0_val.jpg,35
fairface_6316_3_2_1_val.jpg,31
fairface_4903_3_2_0_val.jpg,33
fairface_3204_5_7_1_val.jpg,45
fairface_1252_5_7_0_val.jpg,40
fairface_1107_3_3_1_val.jpg,35
fairface_1192_1_1_0_val.jpg,27
fairface_2085_1_5_0_val.jpg,29
fairface_6601_0_1_0_val.jpg,30
fairface_4620_4_3_0_val.jpg,33
fairface_6705_6_8_1_val.jpg,39
fairface_3272_2_3_0_val.jpg,28
fairface_5799_4_4_0_val.jpg,33
fairface_8257_1_4_0_val.jpg,24
fairface_8831_5_4_0_val.jpg,34
fairface_6171_5_1_0_val.jpg,32
fairface_9266_0_3_0_val.jpg,38
fairface_10273_4_4_0_val.jpg,32
fairface_9289_6_4_0_val.jpg,30
fairface_7829_0_3_1_val.jpg,28
fairface_7417_6_3_1_val.jpg,25
fairface_8982_3_3_1_val.jpg,31
fairface_10759_3_5_0_val.jpg,34
fairface_5506_4_4_0_val.jpg,32
fairface_5496_4_4_1_val.jpg,31
fairface_4948_2_3_0_val.jpg,28
fairface_938_1_4_0_val.jpg,28
fairface_10324_6_3_1_val.jpg,28
fairface_10163_3_5_0_val.jpg,38
fairface_1447_1_4_0_val.jpg,39
fairface_9989_4_3_0_val.jpg,29
fairface_3753_1_2_1_val.jpg,26
fairface_10789_5_3_1_val.jpg,36
fairface_10143_3_0_0_val.jpg,28
fairface_2030_3_4_0_val.jpg,26
fairface_10752_0_3_1_val.jpg,33
fairface_3261_1_3_1_val.jpg,36
fairface_1651_3_0_1_val.jpg,30
fairface_201_2_5_0_val.jpg,29
fairface_4960_5_1_1_val.jpg,33
fairface_2898_6_4_1_val.jpg,33
fairface_291_3_3_1_val.jpg,35
fairface_9377_3_4_0_val.jpg,30
fairface_1486_2_4_0_val.jpg,26
fairface_1573_3_3_0_val.jpg,28
fairface_7577_6_5_0_val.jpg,48
fairface_8805_4_5_0_val.jpg,28
fairface_2296_6_3_0_val.jpg,28
fairface_7133_0_4_1_val.jpg,32
fairface_1093_2_2_1_val.jpg,32
fairface_1096_3_3_0_val.jpg,28
fairface_999_3_4_0_val.jpg,25
fairface_8838_3_7_0_val.jpg,45
fairface_10473_0_4_0_val.jpg,30
fairface_4384_2_4_1_val.jpg,31
fairface_7408_0_2_0_val.jpg,29
fairface_1565_2_3_0_val.jpg,24
fairface_2248_0_3_0_val.jpg,33
fairface_4165_5_6_0_val.jpg,45
fairface_8578_3_0_0_val.jpg,27
fairface_1045_1_4_0_val.jpg,25
fairface_1665_2_1_1_val.jpg,28
fairface_4749_0_2_1_val.jpg,31
fairface_9610_5_6_0_val.jpg,38
fairface_4804_2_0_0_val.jpg,41
fairface_48_6_2_1_val.jpg,26
fairface_2728_3_5_1_val.jpg,27
fairface_6349_4_3_1_val.jpg,35
fairface_1772_1_3_1_val.jpg,33
fairface_1598_6_1_0_val.jpg,27
fairface_10336_1_3_1_val.jpg,32
fairface_7452_3_3_1_val.jpg,34
fairface_2012_6_5_0_val.jpg,24
fairface_1340_3_3_1_val.jpg,33
fairface_5737_2_4_1_val.jpg,33
fairface_2352_5_6_1_val.jpg,24
fairface_5473_3_4_0_val.jpg,35
fairface_2834_5_4_1_val.jpg,31
fairface_9520_1_2_0_val.jpg,33
fairface_2056_3_6_1_val.jpg,40
fairface_7351_6_4_1_val.jpg,34
fairface_943_6_7_1_val.jpg,34
fairface_7807_0_2_1_val.jpg,27
fairface_8459_3_7_0_val.jpg,44
fairface_412_3_4_1_val.jpg,34
fairface_1485_6_4_1_val.jpg,31
fairface_8194_3_2_1_val.jpg,30
fairface_8754_4_5_1_val.jpg,34
fairface_5262_2_4_1_val.jpg,32
fairface_1605_3_5_1_val.jpg,34
fairface_4752_6_2_0_val.jpg,31
fairface_3072_5_4_1_val.jpg,24
fairface_10135_2_3_1_val.jpg,32
fairface_7845_2_4_1_val.jpg,33
fairface_3109_3_4_1_val.jpg,44
fairface_363_1_1_1_val.jpg,22
fairface_7883_1_3_0_val.jpg,26
fairface_9279_6_2_0_val.jpg,27
fairface_8985_6_4_0_val.jpg,38
fairface_7636_1_2_0_val.jpg,26
fairface_710_3_3_1_val.jpg,34
fairface_8331_2_1_1_val.jpg,33
fairface_2466_2_4_1_val.jpg,30
fairface_9001_3_5_0_val.jpg,46
fairface_6166_0_4_0_val.jpg,35
fairface_6211_6_4_0_val.jpg,29
fairface_9930_3_2_0_val.jpg,28
fairface_9100_0_3_0_val.jpg,26
fairface_3146_6_1_0_val.jpg,27
fairface_6761_1_4_1_val.jpg,32
fairface_373_6_3_1_val.jpg,28
fairface_5945_6_3_0_val.jpg,36
fairface_2772_2_5_0_val.jpg,31
fairface_489_0_4_1_val.jpg,34
fairface_6201_1_0_0_val.jpg,20
fairface_5732_5_1_0_val.jpg,26
fairface_9401_2_1_1_val.jpg,30
fairface_4910_4_4_0_val.jpg,34
fairface_2253_4_7_0_val.jpg,38
fairface_6580_0_5_0_val.jpg,50
fairface_9956_4_4_0_val.jpg,32
fairface_10576_2_3_1_val.jpg,32
fairface_3290_6_4_1_val.jpg,31
fairface_10625_0_3_1_val.jpg,34
fairface_2129_5_5_0_val.jpg,28
fairface_2345_5_3_1_val.jpg,37
fairface_1215_0_6_1_val.jpg,31
fairface_10627_4_6_0_val.jpg,39
fairface_5790_2_1_0_val.jpg,31
fairface_8095_4_7_0_val.jpg,43
fairface_9242_6_4_1_val.jpg,34
fairface_1711_6_4_0_val.jpg,29
fairface_10326_5_5_1_val.jpg,31
fairface_874_1_3_1_val.jpg,35
fairface_8657_5_6_1_val.jpg,32
fairface_4262_5_1_1_val.jpg,28
fairface_6479_1_4_1_val.jpg,36
fairface_8511_3_4_0_val.jpg,34
fairface_5629_0_1_0_val.jpg,25
fairface_3900_5_3_0_val.jpg,27
fairface_5096_6_7_0_val.jpg,42
fairface_4291_2_4_1_val.jpg,34
fairface_5636_1_1_0_val.jpg,37
fairface_636_5_4_0_val.jpg,28
fairface_510_3_4_0_val.jpg,34
fairface_1133_3_3_1_val.jpg,30
fairface_8732_5_4_0_val.jpg,36
fairface_7852_3_6_0_val.jpg,33
fairface_6213_5_6_0_val.jpg,42
fairface_3763_5_4_0_val.jpg,26
fairface_1677_4_2_0_val.jpg,25
fairface_7227_5_4_0_val.jpg,33
fairface_9529_3_1_0_val.jpg,35
fairface_8944_4_3_1_val.jpg,34
fairface_2421_4_3_1_val.jpg,24
fairface_9351_3_3_0_val.jpg,26
fairface_6047_3_3_1_val.jpg,30
fairface_6961_2_1_0_val.jpg,33
fairface_8469_3_4_1_val.jpg,25
fairface_246_1_3_1_val.jpg,28
fairface_9588_1_3_0_val.jpg,26
fairface_2227_3_4_1_val.jpg,25
fairface_1839_3_4_0_val.jpg,36
fairface_6154_1_4_1_val.jpg,30
fairface_8759_1_2_0_val.jpg,30
fairface_9005_3_4_1_val.jpg,35
fairface_5585_5_5_0_val.jpg,30
fairface_2273_5_3_1_val.jpg,33
fairface_4687_6_1_1_val.jpg,30
fairface_9926_3_4_0_val.jpg,35
fairface_6654_3_4_0_val.jpg,33
fairface_2340_1_3_1_val.jpg,30
fairface_5385_1_5_0_val.jpg,25
fairface_8471_5_3_1_val.jpg,27
fairface_6216_0_1_0_val.jpg,34
fairface_2760_1_5_0_val.jpg,40
fairface_4650_4_3_1_val.jpg,32
fairface_8146_0_5_1_val.jpg,36
fairface_1978_5_3_1_val.jpg,31
fairface_9235_2_4_1_val.jpg,30
fairface_1892_3_1_1_val.jpg,25
fairface_9458_3_3_1_val.jpg,32
fairface_8439_3_3_0_val.jpg,30
fairface_6329_6_3_0_val.jpg,27
fairface_5948_0_3_1_val.jpg,45
fairface_3830_5_4_0_val.jpg,32
fairface_10830_0_2_1_val.jpg,31
fairface_9023_5_5_0_val.jpg,35
fairface_2686_5_2_1_val.jpg,16
fairface_951_5_5_0_val.jpg,25
fairface_8865_0_4_0_val.jpg,33
fairface_1170_3_7_0_val.jpg,34
fairface_10950_1_5_0_val.jpg,49
fairface_278_5_3_1_val.jpg,36
fairface_9194_3_3_1_val.jpg,25
fairface_6221_3_5_0_val.jpg,39
fairface_8410_1_1_0_val.jpg,27
fairface_8199_2_1_0_val.jpg,32
fairface_2350_6_3_0_val.jpg,26
fairface_286_2_1_0_val.jpg,22
fairface_4296_6_2_0_val.jpg,26
fairface_90_5_4_0_val.jpg,33
fairface_5208_3_7_1_val.jpg,51
fairface_4455_5_5_0_val.jpg,32
fairface_6241_3_5_0_val.jpg,38
fairface_1991_5_1_0_val.jpg,34
fairface_4969_4_3_1_val.jpg,27
fairface_3342_3_3_0_val.jpg,25
fairface_706_6_4_1_val.jpg,33
fairface_1413_5_4_0_val.jpg,28
fairface_3695_3_3_0_val.jpg,30
fairface_4120_6_4_1_val.jpg,36
fairface_10148_1_3_1_val.jpg,34
fairface_6709_4_7_1_val.jpg,31
fairface_7941_2_3_0_val.jpg,29
fairface_5348_1_4_1_val.jpg,30
fairface_9151_2_3_0_val.jpg,28
fairface_2586_1_5_0_val.jpg,33
fairface_5797_4_6_0_val.jpg,32
fairface_4150_6_3_1_val.jpg,32
fairface_1229_0_4_0_val.jpg,39
fairface_10620_6_3_1_val.jpg,34
fairface_10530_1_3_0_val.jpg,28
fairface_9092_1_4_0_val.jpg,33
fairface_9598_5_3_0_val.jpg,27
fairface_218_6_4_1_val.jpg,32
fairface_3490_5_3_0_val.jpg,31
fairface_8828_3_2_0_val.jpg,23
fairface_3489_5_4_1_val.jpg,43
fairface_2976_3_5_0_val.jpg,42
fairface_3619_3_3_0_val.jpg,35
fairface_9020_3_0_1_val.jpg,30
fairface_10932_5_6_1_val.jpg,37
fairface_9559_3_3_1_val.jpg,30
fairface_10719_0_1_0_val.jpg,18
fairface_1643_4_5_0_val.jpg,34
fairface_3013_3_5_1_val.jpg,44
fairface_3778_5_5_1_val.jpg,34
fairface_2894_3_4_0_val.jpg,26
fairface_10512_0_4_1_val.jpg,33
fairface_3844_0_4_1_val.jpg,37
fairface_10436_3_3_0_val.jpg,29
fairface_738_2_3_1_val.jpg,32
fairface_10700_2_5_0_val.jpg,30
fairface_1013_3_6_0_val.jpg,31
fairface_1313_6_2_0_val.jpg,24
fairface_5217_5_4_0_val.jpg,39
fairface_6928_2_2_0_val.jpg,37
fairface_1109_3_5_1_val.jpg,33
fairface_2416_5_4_1_val.jpg,25
fairface_3582_5_4_0_val.jpg,32
fairface_4514_2_3_1_val.jpg,28
fairface_2504_2_5_1_val.jpg,31
fairface_207_1_4_1_val.jpg,28
fairface_2646_0_1_1_val.jpg,29
fairface_183_3_3_0_val.jpg,23
fairface_10710_2_1_0_val.jpg,24
fairface_6606_2_0_0_val.jpg,31
fairface_1352_0_3_1_val.jpg,32
fairface_2670_3_2_0_val.jpg,26
fairface_9303_6_3_0_val.jpg,30
fairface_760_0_4_0_val.jpg,27
fairface_8217_3_3_1_val.jpg,33
fairface_5666_5_1_1_val.jpg,32
fairface_8672_3_1_1_val.jpg,27
fairface_7770_3_1_0_val.jpg,23
fairface_3099_2_3_1_val.jpg,27
fairface_9327_6_2_0_val.jpg,29
fairface_4036_0_0_0_val.jpg,36
fairface_10532_1_2_0_val.jpg,31
fairface_4357_5_1_0_val.jpg,31
fairface_8019_6_2_0_val.jpg,34
fairface_6393_1_4_0_val.jpg,26
fairface_5000_4_4_1_val.jpg,34
fairface_9286_4_3_1_val.jpg,30
fairface_7141_1_1_0_val.jpg,30
fairface_836_5_5_1_val.jpg,41
fairface_697_3_2_1_val.jpg,25
fairface_2228_2_5_1_val.jpg,35
fairface_3043_0_3_0_val.jpg,38
fairface_6086_3_7_1_val.jpg,49
fairface_9190_5_3_0_val.jpg,25
fairface_5728_5_5_1_val.jpg,32
fairface_3164_6_4_0_val.jpg,27
fairface_7246_2_7_0_val.jpg,42
fairface_1911_4_6_0_val.jpg,35
fairface_2750_2_3_0_val.jpg,30
fairface_8784_4_0_0_val.jpg,27
fairface_532_2_3_1_val.jpg,38
fairface_6772_6_4_1_val.jpg,29
fairface_1242_1_2_1_val.jpg,29
fairface_3921_5_5_0_val.jpg,39
fairface_7139_2_3_1_val.jpg,32
fairface_7947_0_0_0_val.jpg,30
fairface_10180_5_2_1_val.jpg,32
fairface_866_1_5_0_val.jpg,27
fairface_9655_0_3_1_val.jpg,28
fairface_1300_3_3_1_val.jpg,29
fairface_7220_5_3_1_val.jpg,27
fairface_8995_4_1_1_val.jpg,27
fairface_6541_5_2_1_val.jpg,32
fairface_5378_1_6_1_val.jpg,38
fairface_9382_2_2_0_val.jpg,32
fairface_7396_1_2_1_val.jpg,25
fairface_10039_5_2_1_val.jpg,25
fairface_5286_0_6_0_val.jpg,41
fairface_9183_5_1_0_val.jpg,33
fairface_7550_3_3_0_val.jpg,31
fairface_926_5_3_0_val.jpg,33
fairface_7962_2_5_1_val.jpg,33
fairface_4913_0_3_0_val.jpg,25
fairface_8647_3_7_1_val.jpg,39
fairface_4081_3_6_1_val.jpg,48
fairface_2666_5_2_0_val.jpg,23
fairface_8745_6_3_0_val.jpg,27
fairface_1597_4_4_1_val.jpg,30
fairface_1539_6_4_0_val.jpg,26
fairface_8588_2_1_0_val.jpg,25
fairface_3174_1_5_0_val.jpg,29
fairface_3115_3_3_1_val.jpg,30
fairface_7097_0_4_1_val.jpg,33
fairface_7414_5_5_1_val.jpg,40
fairface_10443_0_2_0_val.jpg,29
fairface_2821_3_5_1_val.jpg,30
fairface_133_3_4_0_val.jpg,35
fairface_10875_0_3_0_val.jpg,35
fairface_10547_1_1_1_val.jpg,28
fairface_9340_3_1_1_val.jpg,26
fairface_777_5_1_1_val.jpg,26
fairface_918_2_3_1_val.jpg,29
fairface_4824_6_6_0_val.jpg,32
fairface_824_5_1_1_val.jpg,20
fairface_6268_3_3_1_val.jpg,37
fairface_4011_1_2_1_val.jpg,27
fairface_6934_5_4_1_val.jpg,31
fairface_8207_4_8_0_val.jpg,42
fairface_9557_4_4_0_val.jpg,36
fairface_3023_3_3_1_val.jpg,39
fairface_1409_5_3_1_val.jpg,32
fairface_4629_2_3_0_val.jpg,24
fairface_5099_1_1_1_val.jpg,39
fairface_9616_2_2_0_val.jpg,25
fairface_7110_5_5_1_val.jpg,36
fairface_3878_2_4_1_val.jpg,32
fairface_497_5_4_0_val.jpg,30
fairface_6681_1_5_0_val.jpg,44
fairface_475_3_3_1_val.jpg,30
fairface_3003_4_0_0_val.jpg,32
fairface_1997_0_3_1_val.jpg,32
fairface_3530_1_3_0_val.jpg,27
fairface_9667_4_3_1_val.jpg,34
fairface_4078_0_1_1_val.jpg,37
fairface_6553_3_6_1_val.jpg,34
fairface_4487_1_8_0_val.jpg,47
fairface_1493_6_6_0_val.jpg,43
fairface_2186_3_5_0_val.jpg,40
fairface_2835_6_3_1_val.jpg,24
fairface_9284_1_4_0_val.jpg,30
fairface_914_5_5_0_val.jpg,33
fairface_9374_2_4_1_val.jpg,31
fairface_8698_6_2_1_val.jpg,28
fairface_5018_4_3_0_val.jpg,39
fairface_8537_3_0_1_val.jpg,24
fairface_2328_2_1_0_val.jpg,29
fairface_3153_5_1_1_val.jpg,28
fairface_2321_0_3_1_val.jpg,32
fairface_3089_5_1_1_val.jpg,27
fairface_3739_2_2_0_val.jpg,25
fairface_3567_1_6_0_val.jpg,35
fairface_9908_4_6_0_val.jpg,48
fairface_10798_3_3_0_val.jpg,36
fairface_3700_6_1_0_val.jpg,38
fairface_3380_2_4_1_val.jpg,33
fairface_5209_0_5_0_val.jpg,32
fairface_2767_5_4_0_val.jpg,28
fairface_4743_0_4_0_val.jpg,34
fairface_1382_3_4_0_val.jpg,27
fairface_8298_6_2_1_val.jpg,29
fairface_1746_3_7_1_val.jpg,41
fairface_8466_1_5_1_val.jpg,33
fairface_8468_5_5_0_val.jpg,31
fairface_10496_3_5_0_val.jpg,33
fairface_4943_5_1_1_val.jpg,29
fairface_10610_0_4_1_val.jpg,30
fairface_3324_0_3_1_val.jpg,32
fairface_1802_3_2_1_val.jpg,25
fairface_7446_6_1_1_val.jpg,29
fairface_9711_0_0_0_val.jpg,29
fairface_5415_4_1_1_val.jpg,41
fairface_2116_5_6_0_val.jpg,33
fairface_830_2_3_1_val.jpg,27
fairface_5148_6_5_0_val.jpg,30
fairface_2644_4_5_0_val.jpg,30
fairface_9088_3_4_0_val.jpg,26
fairface_6000_3_0_0_val.jpg,35
fairface_118_1_5_0_val.jpg,45
fairface_6472_6_5_1_val.jpg,33
fairface_1903_3_4_1_val.jpg,38
fairface_9161_2_4_0_val.jpg,40
fairface_7844_1_8_1_val.jpg,39
fairface_8236_6_1_1_val.jpg,45
fairface_8065_0_1_1_val.jpg,15
fairface_1778_3_3_1_val.jpg,24
fairface_4784_1_1_1_val.jpg,36
fairface_9937_2_3_1_val.jpg,26
fairface_10002_0_1_0_val.jpg,39
fairface_8093_0_3_1_val.jpg,31
fairface_9852_1_4_1_val.jpg,33
fairface_4112_2_7_1_val.jpg,39
fairface_9301_0_1_1_val.jpg,20
fairface_7611_6_3_1_val.jpg,28
fairface_10129_1_5_1_val.jpg,49
fairface_5697_1_4_1_val.jpg,29
fairface_7687_4_8_0_val.jpg,41
fairface_717_4_8_0_val.jpg,26
fairface_1731_1_3_1_val.jpg,30
fairface_4588_2_4_1_val.jpg,30
fairface_6379_0_3_1_val.jpg,30
fairface_300_4_4_0_val.jpg,32
fairface_3782_0_3_0_val.jpg,28
fairface_4807_1_1_0_val.jpg,30
fairface_8491_0_3_1_val.jpg,30
fairface_2311_6_3_1_val.jpg,31
fairface_3208_0_4_0_val.jpg,30
fairface_2695_4_6_0_val.jpg,37
fairface_6293_1_2_1_val.jpg,30
fairface_8137_0_3_1_val.jpg,28
fairface_4598_6_3_0_val.jpg,25
fairface_10015_5_6_0_val.jpg,41
fairface_8499_4_6_1_val.jpg,34
fairface_3231_1_4_1_val.jpg,30
fairface_5675_4_0_0_val.jpg,32
fairface_10943_6_4_1_val.jpg,32
fairface_2083_5_4_1_val.jpg,33
fairface_635_1_3_1_val.jpg,33
fairface_7792_6_5_0_val.jpg,34
fairface_2339_3_2_1_val.jpg,32
fairface_10635_6_4_0_val.jpg,25
fairface_9900_6_1_0_val.jpg,39
fairface_1024_2_4_0_val.jpg,25
fairface_9477_1_5_1_val.jpg,27
fairface_7464_3_5_0_val.jpg,43
fairface_4290_2_0_0_val.jpg,31
fairface_8514_3_3_0_val.jpg,32
fairface_8456_3_4_1_val.jpg,35
fairface_10233_5_2_0_val.jpg,35
fairface_5138_3_5_0_val.jpg,43
fairface_7627_3_3_1_val.jpg,31
fairface_8104_0_3_1_val.jpg,33
fairface_618_0_7_1_val.jpg,42
fairface_1343_0_3_0_val.jpg,42
fairface_6228_6_4_1_val.jpg,27
fairface_8158_3_3_1_val.jpg,29
fairface_6672_5_3_0_val.jpg,36
fairface_4938_1_2_1_val.jpg,22
fairface_3179_2_5_1_val.jpg,28
fairface_9452_0_3_1_val.jpg,41
fairface_4950_2_4_0_val.jpg,28
fairface_9583_0_1_1_val.jpg,21
fairface_5747_0_5_0_val.jpg,39
fairface_3861_0_2_1_val.jpg,24
fairface_10505_6_7_0_val.jpg,39
fairface_4533_3_3_1_val.jpg,29
fairface_2063_4_6_0_val.jpg,38
fairface_864_2_2_0_val.jpg,24
fairface_5781_6_3_0_val.jpg,33
fairface_711_3_5_0_val.jpg,38
fairface_6367_3_5_1_val.jpg,28
fairface_2316_2_3_0_val.jpg,34
fairface_1658_3_4_0_val.jpg,28
fairface_8342_1_2_1_val.jpg,31
fairface_5272_4_4_0_val.jpg,27
fairface_7224_2_2_1_val.jpg,30
fairface_10288_1_4_0_val.jpg,29
fairface_10313_0_6_0_val.jpg,27
fairface_751_6_2_0_val.jpg,24
fairface_7692_1_3_1_val.jpg,29
fairface_10245_5_3_1_val.jpg,30
fairface_10279_4_1_1_val.jpg,37
fairface_584_5_2_0_val.jpg,31
fairface_9283_0_3_1_val.jpg,32
fairface_205_3_6_1_val.jpg,28
fairface_4159_3_3_0_val.jpg,34
fairface_8100_3_5_0_val.jpg,43
fairface_3749_2_5_1_val.jpg,32
fairface_8523_0_3_1_val.jpg,31
fairface_318_1_2_1_val.jpg,28
fairface_4018_1_3_1_val.jpg,30
fairface_9633_6_4_1_val.jpg,39
fairface_7604_2_4_0_val.jpg,29
fairface_8840_5_1_1_val.jpg,34
fairface_4444_3_4_1_val.jpg,30
fairface_5863_0_2_0_val.jpg,34
fairface_199_1_2_0_val.jpg,23
fairface_6214_0_5_0_val.jpg,50
fairface_8070_3_3_0_val.jpg,25
fairface_5526_6_6_0_val.jpg,31
fairface_5258_3_5_0_val.jpg,35
fairface_8193_6_3_1_val.jpg,27
fairface_4382_6_4_1_val.jpg,33
fairface_10465_0_3_0_val.jpg,37
fairface_1036_3_2_1_val.jpg,32
fairface_4770_3_3_0_val.jpg,37
fairface_4726_6_7_0_val.jpg,49
fairface_263_6_2_0_val.jpg,25
fairface_983_1_3_1_val.jpg,31
fairface_451_0_3_1_val.jpg,33
fairface_3041_2_3_0_val.jpg,34
fairface_10275_5_1_1_val.jpg,30
fairface_4340_6_5_1_val.jpg,31
fairface_5265_4_7_1_val.jpg,43
fairface_9864_0_4_1_val.jpg,28
fairface_9402_6_2_1_val.jpg,38
fairface_4886_0_0_1_val.jpg,29
fairface_5510_0_2_0_val.jpg,32
fairface_5419_2_2_0_val.jpg,27
fairface_7367_0_5_0_val.jpg,41
fairface_4747_5_1_1_val.jpg,40
fairface_2055_6_6_0_val.jpg,47
fairface_9063_5_3_0_val.jpg,29
fairface_9141_0_5_0_val.jpg,36
fairface_1487_2_3_0_val.jpg,30
fairface_6503_2_5_1_val.jpg,52
fairface_10186_1_3_1_val.jpg,29
fairface_3818_6_3_0_val.jpg,25
fairface_2157_2_2_0_val.jpg,31
fairface_7685_4_1_1_val.jpg,31
fairface_9809_1_3_1_val.jpg,32
fairface_4540_1_4_1_val.jpg,36
fairface_8430_2_3_0_val.jpg,27
fairface_6388_0_3_0_val.jpg,32
fairface_3084_6_4_1_val.jpg,36
fairface_3974_3_3_0_val.jpg,28
fairface_727_6_4_1_val.jpg,31
fairface_9189_3_4_0_val.jpg,36
fairface_4395_0_3_0_val.jpg,26
fairface_8716_5_3_1_val.jpg,31
fairface_7058_2_7_0_val.jpg,29
fairface_6286_4_5_0_val.jpg,34
fairface_315_5_4_0_val.jpg,33
fairface_2674_2_2_1_val.jpg,25
fairface_3415_2_3_1_val.jpg,44
fairface_2959_2_1_0_val.jpg,27
fairface_307_4_3_0_val.jpg,25
fairface_7013_0_3_0_val.jpg,25
fairface_8506_3_3_1_val.jpg,26
fairface_2497_1_4_0_val.jpg,40
fairface_5947_1_3_1_val.jpg,31
fairface_8234_0_2_1_val.jpg,30
fairface_4135_2_3_1_val.jpg,30
fairface_7311_6_4_0_val.jpg,27
fairface_7978_3_5_1_val.jpg,28
fairface_269_5_3_1_val.jpg,30
fairface_3549_0_2_0_val.jpg,37
fairface_9099_3_4_0_val.jpg,27
fairface_5840_3_7_1_val.jpg,26
fairface_1666_3_3_1_val.jpg,29
fairface_7908_3_7_1_val.jpg,43
fairface_10836_2_7_1_val.jpg,50
fairface_6053_0_3_1_val.jpg,32
fairface_991_5_3_1_val.jpg,41
fairface_10481_3_4_1_val.jpg,32
fairface_4642_3_3_0_val.jpg,31
fairface_6467_5_4_1_val.jpg,32
fairface_407_5_2_0_val.jpg,25
fairface_7552_1_5_1_val.jpg,27
fairface_2061_1_4_1_val.jpg,30
fairface_9800_6_4_1_val.jpg,33
fairface_3889_3_1_0_val.jpg,24
fairface_1162_2_2_0_val.jpg,29
fairface_7350_0_1_0_val.jpg,22
fairface_5126_2_3_0_val.jpg,30
fairface_4468_0_3_1_val.jpg,29
fairface_7395_5_5_0_val.jpg,33
fairface_4492_2_4_1_val.jpg,32
fairface_6486_2_4_1_val.jpg,32
fairface_1337_5_4_0_val.jpg,33
fairface_9193_2_3_1_val.jpg,29
fairface_4351_6_8_0_val.jpg,44
fairface_4476_5_4_1_val.jpg,27
fairface_1708_3_0_0_val.jpg,30
fairface_4074_4_6_1_val.jpg,28
fairface_7817_2_4_0_val.jpg,29
fairface_9050_5_5_1_val.jpg,40
fairface_4670_1_4_1_val.jpg,27
fairface_6538_6_3_1_val.jpg,30
fairface_5195_3_4_0_val.jpg,41
fairface_4425_1_1_0_val.jpg,29
fairface_5645_5_4_0_val.jpg,32
fairface_5657_6_2_1_val.jpg,40
fairface_3168_2_3_1_val.jpg,26
fairface_7543_5_1_0_val.jpg,39
fairface_1851_3_3_1_val.jpg,37
fairface_7258_4_3_1_val.jpg,33
fairface_113_3_4_1_val.jpg,33
fairface_5124_0_3_0_val.jpg,32
fairface_8130_3_3_1_val.jpg,33
fairface_4978_3_6_0_val.jpg,36
fairface_8593_1_1_0_val.jpg,29
fairface_3325_5_2_1_val.jpg,28
fairface_10277_6_2_1_val.jpg,28
fairface_1257_3_4_0_val.jpg,32
fairface_10206_0_3_1_val.jpg,29
fairface_3947_3_5_0_val.jpg,34
fairface_9019_4_5_0_val.jpg,39
fairface_4181_3_6_0_val.jpg,43
fairface_3366_6_8_1_val.jpg,44
fairface_4591_6_1_0_val.jpg,36
fairface_9717_4_5_0_val.jpg,48
fairface_4199_2_5_0_val.jpg,28
fairface_2342_3_7_0_val.jpg,41
fairface_6420_1_4_0_val.jpg,30
fairface_376_5_6_1_val.jpg,41
fairface_5745_1_2_0_val.jpg,28
fairface_4974_0_1_0_val.jpg,31
fairface_3143_0_3_0_val.jpg,28
fairface_3575_1_4_1_val.jpg,27
fairface_4268_3_6_0_val.jpg,40
fairface_9880_2_3_1_val.jpg,37
fairface_815_1_1_0_val.jpg,24
fairface_6602_6_6_0_val.jpg,33
fairface_4562_1_5_1_val.jpg,31
fairface_4582_2_5_0_val.jpg,47
fairface_8868_6_3_0_val.jpg,24
fairface_10594_0_6_0_val.jpg,42
fairface_3996_3_4_0_val.jpg,36
fairface_2412_0_5_1_val.jpg,33
fairface_3546_6_3_0_val.jpg,30
fairface_5633_0_3_1_val.jpg,32
fairface_2220_3_4_1_val.jpg,32
fairface_8829_6_6_0_val.jpg,44
fairface_8092_2_3_1_val.jpg,25
fairface_10522_4_3_0_val.jpg,29
fairface_520_5_3_0_val.jpg,30
fairface_4656_2_3_1_val.jpg,26
fairface_5774_6_3_1_val.jpg,35
fairface_9299_6_5_0_val.jpg,35
fairface_8172_2_1_0_val.jpg,28
fairface_2887_5_1_0_val.jpg,46
fairface_1494_4_3_0_val.jpg,33
fairface_8157_3_3_1_val.jpg,30
fairface_898_3_5_0_val.jpg,39
fairface_3895_6_3_1_val.jpg,29
fairface_9403_0_3_0_val.jpg,34
fairface_3922_6_3_1_val.jpg,32
fairface_4681_1_5_0_val.jpg,31
fairface_7399_2_1_0_val.jpg,41
fairface_7223_2_1_1_val.jpg,35
fairface_1735_0_4_0_val.jpg,33
fairface_9093_6_5_0_val.jpg,40
fairface_5183_1_7_1_val.jpg,38
fairface_5423_4_5_0_val.jpg,41
fairface_6494_6_5_1_val.jpg,42
fairface_6981_3_1_1_val.jpg,28
fairface_397_0_6_0_val.jpg,32
fairface_5004_2_6_0_val.jpg,41
fairface_4607_5_2_1_val.jpg,28
fairface_10646_2_3_0_val.jpg,28
fairface_6701_0_4_0_val.jpg,39
fairface_7838_0_4_0_val.jpg,27
fairface_8412_6_3_0_val.jpg,28
fairface_5129_6_5_0_val.jpg,29
fairface_2966_3_2_1_val.jpg,29
fairface_10809_1_1_0_val.jpg,22
fairface_4031_1_6_0_val.jpg,50
fairface_1922_5_5_0_val.jpg,25
fairface_4546_0_4_1_val.jpg,34
fairface_1912_2_1_0_val.jpg,29
fairface_9177_2_2_0_val.jpg,26
fairface_2773_3_5_1_val.jpg,25
fairface_7778_0_1_0_val.jpg,19
fairface_4212_2_8_1_val.jpg,49
fairface_8581_2_1_0_val.jpg,24
fairface_4732_5_5_0_val.jpg,45
fairface_2999_3_1_1_val.jpg,24
fairface_1264_6_3_1_val.jpg,30
fairface_352_0_6_0_val.jpg,58
fairface_8895_2_6_0_val.jpg,37
fairface_7944_6_3_1_val.jpg,27
fairface_2570_6_1_0_val.jpg,25
fairface_9716_6_3_1_val.jpg,33
fairface_1461_4_4_0_val.jpg,33
fairface_5443_6_3_1_val.jpg,26
fairface_6575_5_3_1_val.jpg,26
fairface_1063_0_3_0_val.jpg,25
fairface_7644_6_5_0_val.jpg,25
fairface_4832_1_5_1_val.jpg,33
fairface_1051_6_0_1_val.jpg,35
fairface_2766_4_2_1_val.jpg,35
fairface_6364_3_6_0_val.jpg,34
fairface_5127_5_1_0_val.jpg,28
fairface_4216_0_0_0_val.jpg,29
fairface_9455_4_3_1_val.jpg,32
fairface_3092_5_5_0_val.jpg,27
fairface_896_2_5_1_val.jpg,35
fairface_4366_2_1_1_val.jpg,28
fairface_7091_3_3_0_val.jpg,27
fairface_8098_0_3_0_val.jpg,28
fairface_3135_3_6_0_val.jpg,32
fairface_4923_2_3_0_val.jpg,29
fairface_7855_5_2_0_val.jpg,25
fairface_10191_1_3_0_val.jpg,37
fairface_6793_5_3_1_val.jpg,29
fairface_1404_5_3_0_val.jpg,25
fairface_1559_0_5_0_val.jpg,44
fairface_1567_3_2_0_val.jpg,27
fairface_6436_0_2_0_val.jpg,29
fairface_9329_3_5_0_val.jpg,41
fairface_9605_1_5_1_val.jpg,44
fairface_10486_6_4_1_val.jpg,39
fairface_3100_1_4_1_val.jpg,33
fairface_3594_6_2_0_val.jpg,31
fairface_3807_1_3_1_val.jpg,36
fairface_573_6_1_1_val.jpg,31
fairface_5494_6_2_1_val.jpg,39
fairface_806_3_2_1_val.jpg,29
fairface_7702_4_6_0_val.jpg,37
fairface_3182_1_3_1_val.jpg,31
fairface_9163_4_4_1_val.jpg,31
fairface_6474_1_0_0_val.jpg,30
fairface_6741_3_4_0_val.jpg,34
fairface_7573_5_5_1_val.jpg,32
fairface_1717_2_3_0_val.jpg,25
fairface_9600_4_6_0_val.jpg,40
fairface_6196_2_3_1_val.jpg,24
fairface_5771_5_3_1_val.jpg,32
fairface_4578_4_3_0_val.jpg,31
fairface_9551_6_3_1_val.jpg,33
fairface_7253_5_3_1_val.jpg,29
fairface_8420_4_4_0_val.jpg,33
fairface_2152_3_3_1_val.jpg,35
fairface_8687_3_3_1_val.jpg,33
fairface_281_2_5_1_val.jpg,38
fairface_8346_0_4_1_val.jpg,32
fairface_5637_1_7_1_val.jpg,35
fairface_6283_1_6_1_val.jpg,39
fairface_7958_5_6_0_val.jpg,26
fairface_681_5_3_1_val.jpg,33
fairface_9954_6_3_0_val.jpg,35
fairface_10013_5_4_1_val.jpg,33
fairface_7360_0_3_0_val.jpg,25
fairface_7801_5_3_0_val.jpg,29
fairface_7511_0_6_0_val.jpg,34
fairface_4091_2_6_1_val.jpg,28
fairface_9907_3_6_0_val.jpg,39
fairface_5656_3_1_0_val.jpg,42
fairface_6426_1_4_0_val.jpg,29
fairface_8566_1_4_1_val.jpg,35
fairface_10127_2_4_1_val.jpg,44
fairface_10890_5_3_1_val.jpg,30
fairface_9227_2_4_1_val.jpg,32
fairface_7475_0_6_1_val.jpg,33
fairface_791_3_4_1_val.jpg,35
fairface_2603_1_3_0_val.jpg,25
fairface_8619_6_3_1_val.jpg,37
fairface_6969_3_4_0_val.jpg,37
fairface_8409_6_4_0_val.jpg,25
fairface_1073_1_3_1_val.jpg,35
fairface_2811_0_3_1_val.jpg,31
fairface_9587_6_7_1_val.jpg,46
fairface_7820_0_3_1_val.jpg,31
fairface_1275_5_6_1_val.jpg,45
fairface_8128_4_4_1_val.jpg,26
fairface_3898_0_3_1_val.jpg,31
fairface_1936_3_4_0_val.jpg,34
fairface_846_5_1_1_val.jpg,27
fairface_3984_2_7_1_val.jpg,32
fairface_4238_2_3_1_val.jpg,36
fairface_5370_5_1_0_val.jpg,24
fairface_5361_1_4_1_val.jpg,26
fairface_7427_1_3_0_val.jpg,29
fairface_8083_6_1_1_val.jpg,22
fairface_5972_2_4_1_val.jpg,39
fairface_1464_5_4_1_val.jpg,33
fairface_495_6_4_1_val.jpg,31
fairface_9326_2_4_0_val.jpg,29
fairface_9961_5_3_0_val.jpg,29
fairface_3631_1_3_1_val.jpg,33
fairface_8222_6_4_1_val.jpg,31
fairface_10181_3_7_1_val.jpg,40
fairface_5503_3_2_0_val.jpg,24
fairface_8385_3_4_0_val.jpg,29
fairface_2735_6_3_0_val.jpg,25
fairface_40_3_3_0_val.jpg,21
fairface_6152_2_4_0_val.jpg,29
fairface_2861_3_6_1_val.jpg,32
fairface_7071_0_3_0_val.jpg,26
fairface_5204_2_6_1_val.jpg,36
fairface_10145_1_1_0_val.jpg,29
fairface_985_0_5_1_val.jpg,31
fairface_9758_0_3_1_val.jpg,33
fairface_8996_1_0_1_val.jpg,25
fairface_6365_1_2_0_val.jpg,29
fairface_4105_2_1_0_val.jpg,29
fairface_10893_0_1_1_val.jpg,29
fairface_2040_3_3_0_val.jpg,31
fairface_9651_4_6_0_val.jpg,48
fairface_1058_2_8_1_val.jpg,57
fairface_2934_0_3_1_val.jpg,28
fairface_3742_3_3_0_val.jpg,33
fairface_9780_5_4_0_val.jpg,33
fairface_2315_4_5_1_val.jpg,34
fairface_10209_1_1_0_val.jpg,26
fairface_4475_5_8_1_val.jpg,38
fairface_1661_5_4_0_val.jpg,30
fairface_1069_3_3_1_val.jpg,25
fairface_8654_3_6_0_val.jpg,39
fairface_8549_3_3_0_val.jpg,29
fairface_4864_3_3_1_val.jpg,31
fairface_360_5_4_1_val.jpg,30
fairface_9691_6_7_1_val.jpg,62
fairface_25_2_4_1_val.jpg,27
fairface_2420_2_6_0_val.jpg,28
fairface_2224_2_4_1_val.jpg,45
fairface_8340_4_5_0_val.jpg,39
fairface_6775_3_3_0_val.jpg,39
fairface_7416_6_4_0_val.jpg,32
fairface_2726_2_4_1_val.jpg,25
fairface_3124_3_4_1_val.jpg,30
fairface_3223_2_5_1_val.jpg,28
fairface_5821_2_3_1_val.jpg,37
fairface_7727_6_1_1_val.jpg,26
fairface_6476_3_7_0_val.jpg,39
fairface_9845_5_5_0_val.jpg,37
fairface_5212_5_4_0_val.jpg,27
fairface_7330_5_5_0_val.jpg,27
fairface_4295_3_6_0_val.jpg,43
fairface_3189_1_4_1_val.jpg,31
fairface_4338_0_5_0_val.jpg,30
fairface_8949_6_3_0_val.jpg,31
fairface_2013_4_4_0_val.jpg,27
fairface_2003_3_1_1_val.jpg,19
fairface_7338_3_4_1_val.jpg,31
fairface_9274_4_4_0_val.jpg,30
fairface_5918_6_2_0_val.jpg,29
fairface_748_2_3_1_val.jpg,28
fairface_3632_3_3_0_val.jpg,25
fairface_3659_6_3_1_val.jpg,32
fairface_7628_3_4_1_val.jpg,41
fairface_1986_2_2_1_val.jpg,32
fairface_9130_1_4_1_val.jpg,32
fairface_7589_5_5_1_val.jpg,30
fairface_4696_0_4_0_val.jpg,34
fairface_10533_2_3_0_val.jpg,34
fairface_4309_6_4_0_val.jpg,36
fairface_5190_6_0_0_val.jpg,26
fairface_8042_3_3_1_val.jpg,30
fairface_5880_2_5_1_val.jpg,32
fairface_2054_5_5_0_val.jpg,46
fairface_3263_4_3_1_val.jpg,31
fairface_5387_1_3_0_val.jpg,28
fairface_1283_0_7_0_val.jpg,56
fairface_7580_0_3_1_val.jpg,26
fairface_10437_1_4_1_val.jpg,26
fairface_2011_3_4_0_val.jpg,30
fairface_2652_5_3_1_val.jpg,32
fairface_1870_0_8_0_val.jpg,39
fairface_2915_1_4_1_val.jpg,32
fairface_1201_1_6_1_val.jpg,38
fairface_3237_3_3_0_val.jpg,33
fairface_1443_5_5_0_val.jpg,29
fairface_3752_0_3_1_val.jpg,26
fairface_8235_2_3_1_val.jpg,31
fairface_1838_4_6_0_val.jpg,47
fairface_5269_6_0_1_val.jpg,29
fairface_10108_3_5_0_val.jpg,39
fairface_7369_5_2_1_val.jpg,30
fairface_5149_2_3_0_val.jpg,27
fairface_4634_1_3_0_val.jpg,31
fairface_3163_2_2_1_val.jpg,34
fairface_8319_3_3_0_val.jpg,27
fairface_4661_5_3_0_val.jpg,27
fairface_8832_3_4_1_val.jpg,28
fairface_8564_5_4_0_val.jpg,34
fairface_8272_4_3_0_val.jpg,22
fairface_8878_3_4_0_val.jpg,33
fairface_6640_1_2_0_val.jpg,28
fairface_4505_6_3_1_val.jpg,29
fairface_6284_4_3_1_val.jpg,31
fairface_5954_6_3_1_val.jpg,33
fairface_6597_6_4_0_val.jpg,31
fairface_4888_4_7_1_val.jpg,31
fairface_9701_3_4_0_val.jpg,26
fairface_5299_0_5_0_val.jpg,34
fairface_1018_5_4_0_val.jpg,30
fairface_2077_1_3_0_val.jpg,28
fairface_10346_0_3_1_val.jpg,30
fairface_6893_4_2_1_val.jpg,30
fairface_4711_2_3_1_val.jpg,30
fairface_1667_6_3_1_val.jpg,28
fairface_6711_1_4_1_val.jpg,36
fairface_7948_2_2_0_val.jpg,29
fairface_886_6_4_0_val.jpg,39
fairface_2968_2_5_0_val.jpg,29
fairface_5514_5_1_1_val.jpg,23
fairface_3516_5_4_1_val.jpg,40
fairface_271_3_5_0_val.jpg,37
fairface_7997_0_3_1_val.jpg,26
fairface_9418_2_4_0_val.jpg,25
fairface_8576_5_5_0_val.jpg,34
fairface_7585_1_3_1_val.jpg,32
fairface_5858_1_3_0_val.jpg,31
fairface_313_2_5_0_val.jpg,26
fairface_6437_1_3_1_val.jpg,31
fairface_6223_1_4_1_val.jpg,30
fairface_7568_4_1_1_val.jpg,25
fairface_4535_1_3_1_val.jpg,29
fairface_5712_1_3_0_val.jpg,32
fairface_4177_0_3_0_val.jpg,24
fairface_693_4_5_1_val.jpg,34
fairface_8361_6_3_1_val.jpg,33
fairface_783_3_3_0_val.jpg,32
fairface_3406_3_7_1_val.jpg,27
fairface_9547_0_3_0_val.jpg,34
fairface_6446_5_1_1_val.jpg,25
fairface_1587_2_3_0_val.jpg,25
fairface_9497_3_5_0_val.jpg,33
fairface_780_5_4_0_val.jpg,36
fairface_9431_2_5_1_val.jpg,26
fairface_8551_0_4_0_val.jpg,30
fairface_9467_5_5_0_val.jpg,34
fairface_7037_5_2_1_val.jpg,27
fairface_7158_5_2_0_val.jpg,29
fairface_7594_3_1_0_val.jpg,30
fairface_8101_3_4_0_val.jpg,36
fairface_8843_1_5_0_val.jpg,27
fairface_10154_1_1_0_val.jpg,28
fairface_992_3_5_0_val.jpg,38
fairface_9940_1_4_0_val.jpg,27
fairface_3207_1_5_0_val.jpg,40
fairface_6163_5_3_1_val.jpg,27
fairface_1777_2_2_1_val.jpg,30
fairface_583_0_5_0_val.jpg,33
fairface_7456_5_6_1_val.jpg,48
fairface_10168_0_2_1_val.jpg,33
fairface_6641_0_3_1_val.jpg,30
fairface_6519_3_4_1_val.jpg,29
fairface_604_2_4_0_val.jpg,33
fairface_1943_5_1_0_val.jpg,34
fairface_4878_3_2_1_val.jpg,34
fairface_10012_4_3_1_val.jpg,31
fairface_6842_4_4_0_val.jpg,33
fairface_8326_1_3_1_val.jpg,30
fairface_2332_0_3_0_val.jpg,27
fairface_8756_3_3_1_val.jpg,34
fairface_9471_0_3_1_val.jpg,28
fairface_8931_3_3_0_val.jpg,25
fairface_6702_5_4_1_val.jpg,32
fairface_567_3_4_1_val.jpg,34
fairface_7021_3_3_0_val.jpg,29
fairface_9762_4_3_1_val.jpg,30
fairface_4709_3_4_1_val.jpg,32
fairface_8497_3_3_1_val.jpg,33
fairface_10268_3_4_0_val.jpg,37
fairface_740_5_2_1_val.jpg,26
fairface_3177_2_1_0_val.jpg,28
fairface_1278_5_2_0_val.jpg,24
fairface_5243_4_2_0_val.jpg,23
fairface_6930_5_1_0_val.jpg,26
fairface_7030_2_5_0_val.jpg,39
fairface_5628_5_3_1_val.jpg,31
fairface_1325_0_1_0_val.jpg,24
fairface_516_2_2_1_val.jpg,27
fairface_7789_3_4_0_val.jpg,38
fairface_9018_3_5_0_val.jpg,38
fairface_10611_0_4_0_val.jpg,36
fairface_3194_2_3_0_val.jpg,26
fairface_1617_3_3_0_val.jpg,26
fairface_329_0_3_1_val.jpg,24
fairface_422_5_3_0_val.jpg,36
fairface_10650_1_4_0_val.jpg,32
fairface_2987_4_4_1_val.jpg,31
fairface_4967_4_6_1_val.jpg,27
fairface_10729_3_1_1_val.jpg,23
fairface_6791_2_2_1_val.jpg,36
fairface_9226_2_4_0_val.jpg,24
fairface_1970_5_6_0_val.jpg,42
fairface_8918_5_3_1_val.jpg,26
fairface_1456_0_2_0_val.jpg,36
fairface_7368_3_3_1_val.jpg,32
fairface_1541_1_3_0_val.jpg,29
fairface_8316_3_6_0_val.jpg,38
fairface_10042_3_3_0_val.jpg,25
fairface_5780_5_2_1_val.jpg,33
fairface_9393_1_1_1_val.jpg,25
fairface_6041_2_3_1_val.jpg,39
fairface_400_1_5_0_val.jpg,35
fairface_3014_5_4_0_val.jpg,34
fairface_5065_5_3_0_val.jpg,29
fairface_6774_2_1_0_val.jpg,22
fairface_10423_2_3_0_val.jpg,29
fairface_2106_4_5_0_val.jpg,29
fairface_3214_3_4_0_val.jpg,24
fairface_9_4_4_0_val.jpg,33
fairface_3217_6_3_0_val.jpg,32
fairface_663_5_2_0_val.jpg,28
fairface_4557_0_5_0_val.jpg,36
fairface_6690_6_3_0_val.jpg,30
fairface_7711_0_4_1_val.jpg,35
fairface_5764_1_3_1_val.jpg,37
fairface_6706_4_4_0_val.jpg,37
fairface_6545_3_6_0_val.jpg,28
fairface_3454_3_5_0_val.jpg,35
fairface_5928_0_4_1_val.jpg,27
fairface_7621_2_4_1_val.jpg,34
fairface_3707_5_4_1_val.jpg,35
fairface_8397_1_2_1_val.jpg,26
fairface_2193_6_1_0_val.jpg,28
fairface_3600_1_1_1_val.jpg,32
fairface_10353_1_4_1_val.jpg,30
fairface_1578_3_4_0_val.jpg,41
fairface_7825_1_4_1_val.jpg,26
fairface_5490_3_0_0_val.jpg,33
fairface_3724_3_1_1_val.jpg,29
fairface_766_0_3_0_val.jpg,36
fairface_5142_3_4_0_val.jpg,30
fairface_7531_6_4_1_val.jpg,38
fairface_5290_5_2_0_val.jpg,24
fairface_7967_5_3_1_val.jpg,31
fairface_3211_4_3_0_val.jpg,32
fairface_6851_3_6_1_val.jpg,33
fairface_4023_6_5_1_val.jpg,32
fairface_3819_1_6_1_val.jpg,38
fairface_5315_5_3_1_val.jpg,31
fairface_4632_2_5_0_val.jpg,24
fairface_3908_3_6_1_val.jpg,39
fairface_3868_5_3_0_val.jpg,32
fairface_733_1_3_0_val.jpg,26
fairface_3858_2_3_1_val.jpg,35
fairface_51_5_7_0_val.jpg,38
fairface_4066_1_4_1_val.jpg,39
fairface_4420_3_3_1_val.jpg,32
fairface_9175_2_5_1_val.jpg,39
fairface_3791_3_4_1_val.jpg,27
fairface_5168_1_6_1_val.jpg,32
fairface_1448_1_2_0_val.jpg,31
fairface_387_2_2_1_val.jpg,33
fairface_6990_0_3_1_val.jpg,32
fairface_10310_1_3_0_val.jpg,26
fairface_3944_3_3_1_val.jpg,38
fairface_2284_1_4_0_val.jpg,28
fairface_5852_5_6_0_val.jpg,36
fairface_9622_4_5_0_val.jpg,38
fairface_1165_2_4_0_val.jpg,29
fairface_7497_1_3_1_val.jpg,27
fairface_5381_5_3_0_val.jpg,36
fairface_5925_3_5_0_val.jpg,39
fairface_9599_5_2_0_val.jpg,25
fairface_10123_1_5_0_val.jpg,32
fairface_8811_2_4_0_val.jpg,27
fairface_6529_3_4_0_val.jpg,35
fairface_2031_6_8_1_val.jpg,34
fairface_8741_4_4_0_val.jpg,29
fairface_4589_3_3_0_val.jpg,32
fairface_6822_1_5_0_val.jpg,33
fairface_3701_5_6_1_val.jpg,48
fairface_6831_4_2_0_val.jpg,39
fairface_1679_1_1_0_val.jpg,23
fairface_3423_3_4_1_val.jpg,37
fairface_2091_3_3_1_val.jpg,32
fairface_2215_6_4_0_val.jpg,34
fairface_2360_1_5_0_val.jpg,39
fairface_3561_1_5_0_val.jpg,24
fairface_10188_5_4_1_val.jpg,34
fairface_1887_5_6_1_val.jpg,35
fairface_7643_2_1_0_val.jpg,26
fairface_5822_2_3_1_val.jpg,28
fairface_258_5_2_1_val.jpg,29
fairface_7720_4_4_0_val.jpg,31
fairface_8939_3_4_0_val.jpg,33
fairface_6535_0_3_1_val.jpg,25
fairface_3266_4_5_0_val.jpg,35
fairface_10927_6_3_1_val.jpg,26
fairface_5731_5_6_0_val.jpg,50
fairface_8297_3_3_0_val.jpg,29
fairface_10424_5_3_1_val.jpg,29
fairface_9042_0_3_1_val.jpg,33
fairface_1858_6_7_0_val.jpg,27
fairface_4845_3_3_1_val.jpg,30
fairface_9022_6_4_0_val.jpg,37
fairface_5107_3_4_1_val.jpg,39
fairface_10208_4_7_0_val.jpg,52
fairface_5501_1_4_1_val.jpg,37
fairface_1969_4_4_1_val.jpg,31
fairface_339_3_1_0_val.jpg,32
fairface_3184_1_4_0_val.jpg,25
fairface_3120_5_1_1_val.jpg,28
fairface_9980_6_2_1_val.jpg,26
fairface_6204_2_3_0_val.jpg,30
fairface_1988_3_3_0_val.jpg,39
fairface_7087_1_3_1_val.jpg,38
fairface_1253_3_2_0_val.jpg,27
fairface_1240_6_2_1_val.jpg,32
fairface_10448_4_7_0_val.jpg,41
fairface_6489_3_3_0_val.jpg,24
fairface_6450_3_3_0_val.jpg,27
fairface_5568_1_4_1_val.jpg,32
fairface_9006_1_1_0_val.jpg,33
fairface_802_2_4_1_val.jpg,37
fairface_10861_0_3_1_val.jpg,33
fairface_7197_1_1_1_val.jpg,20
fairface_7529_6_3_1_val.jpg,32
fairface_9755_2_1_0_val.jpg,26
fairface_2846_4_6_0_val.jpg,24
fairface_4768_2_1_0_val.jpg,31
fairface_8536_3_5_1_val.jpg,45
fairface_519_3_3_0_val.jpg,23
fairface_4544_2_2_1_val.jpg,25
fairface_8812_0_4_1_val.jpg,27
fairface_3668_3_6_1_val.jpg,39
fairface_6457_6_3_0_val.jpg,23
fairface_7911_1_4_0_val.jpg,27
fairface_7424_1_3_1_val.jpg,32
fairface_2404_1_3_1_val.jpg,31
fairface_9637_3_5_1_val.jpg,31
fairface_4757_6_3_0_val.jpg,31
fairface_354_0_4_1_val.jpg,30
fairface_5487_1_0_1_val.jpg,22
fairface_5808_1_1_0_val.jpg,27
fairface_1124_0_2_1_val.jpg,28
fairface_10365_0_3_1_val.jpg,27
fairface_4313_3_3_1_val.jpg,34
fairface_3418_1_3_1_val.jpg,24
fairface_10733_3_5_1_val.jpg,25
fairface_6835_0_4_0_val.jpg,30
fairface_5983_4_3_0_val.jpg,31
fairface_922_2_4_0_val.jpg,27
fairface_10088_3_3_1_val.jpg,39
fairface_4153_6_3_1_val.jpg,28
fairface_10388_3_3_1_val.jpg,34
fairface_2761_5_3_0_val.jpg,33
fairface_9781_6_3_0_val.jpg,27
fairface_10369_1_2_1_val.jpg,36
fairface_4759_2_5_0_val.jpg,31
fairface_9666_6_4_0_val.jpg,34
fairface_4552_0_3_0_val.jpg,30
fairface_1812_5_4_1_val.jpg,33
fairface_10404_5_8_0_val.jpg,49
fairface_5291_3_3_1_val.jpg,34
fairface_10095_0_6_0_val.jpg,39
fairface_2326_2_2_0_val.jpg,31
fairface_3880_3_5_0_val.jpg,31
fairface_472_0_3_1_val.jpg,29
fairface_5044_3_3_1_val.jpg,38
fairface_8399_0_4_0_val.jpg,39
fairface_10548_0_3_0_val.jpg,24
fairface_1550_5_4_0_val.jpg,30
fairface_10624_3_3_0_val.jpg,32
fairface_2716_5_6_1_val.jpg,37
fairface_9526_4_3_1_val.jpg,31
fairface_5469_3_3_0_val.jpg,26
fairface_2427_3_4_1_val.jpg,33
fairface_8729_6_2_1_val.jpg,25
fairface_10663_3_5_0_val.jpg,42
fairface_9449_1_4_1_val.jpg,28
fairface_10112_3_3_0_val.jpg,27
fairface_3236_1_6_1_val.jpg,30
fairface_994_1_3_1_val.jpg,29
fairface_10150_4_3_0_val.jpg,34
fairface_5660_2_3_1_val.jpg,28
fairface_9801_2_3_1_val.jpg,29
fairface_8611_4_3_1_val.jpg,32
fairface_4443_6_5_0_val.jpg,26
fairface_1021_1_2_0_val.jpg,26
fairface_1134_5_3_1_val.jpg,32
fairface_8315_5_3_1_val.jpg,39
fairface_9867_6_4_1_val.jpg,31
fairface_8607_5_6_1_val.jpg,30
fairface_7306_2_3_0_val.jpg,32
fairface_390_0_1_1_val.jpg,33
fairface_1935_2_3_1_val.jpg,34
fairface_9538_0_1_0_val.jpg,31
fairface_9347_0_3_1_val.jpg,30
fairface_7640_0_3_0_val.jpg,23
fairface_3850_5_3_1_val.jpg,31
fairface_3714_3_4_0_val.jpg,28
fairface_10886_5_5_0_val.jpg,27
fairface_3502_3_4_0_val.jpg,40
fairface_6382_6_1_1_val.jpg,25
fairface_8267_6_0_0_val.jpg,31
fairface_5495_2_3_1_val.jpg,24
fairface_2229_2_3_1_val.jpg,36
fairface_1442_6_3_1_val.jpg,30
fairface_9634_5_2_0_val.jpg,27
fairface_5714_1_6_0_val.jpg,46
fairface_7740_1_4_1_val.jpg,34
fairface_9684_1_3_1_val.jpg,24
fairface_9320_1_3_1_val.jpg,23
fairface_5887_3_3_1_val.jpg,31
fairface_5341_5_7_0_val.jpg,34
fairface_465_6_4_1_val.jpg,35
fairface_1239_3_4_1_val.jpg,25
fairface_9069_3_3_0_val.jpg,24
fairface_1896_2_0_0_val.jpg,29
fairface_5281_5_4_1_val.jpg,32
fairface_1362_4_3_1_val.jpg,32
fairface_5227_5_3_0_val.jpg,24
fairface_3392_1_4_1_val.jpg,33
fairface_730_6_2_0_val.jpg,31
fairface_9202_2_1_1_val.jpg,36
fairface_2631_4_2_0_val.jpg,33
fairface_944_6_4_0_val.jpg,27
fairface_10178_3_3_0_val.jpg,26
fairface_2531_3_4_1_val.jpg,30
fairface_9782_3_4_1_val.jpg,31
fairface_4332_2_2_1_val.jpg,26
fairface_32_3_6_0_val.jpg,45
fairface_9827_0_3_0_val.jpg,23
fairface_5234_0_5_0_val.jpg,32
fairface_4482_4_6_1_val.jpg,50
fairface_8816_1_3_1_val.jpg,28
fairface_9669_5_2_1_val.jpg,24
fairface_1164_2_6_0_val.jpg,29
fairface_3507_2_4_0_val.jpg,31
fairface_9539_0_3_1_val.jpg,28
fairface_8182_4_3_1_val.jpg,26
fairface_4237_0_3_1_val.jpg,33
fairface_8040_4_4_0_val.jpg,41
fairface_3756_6_3_0_val.jpg,24
fairface_5264_3_3_1_val.jpg,31
fairface_5569_2_1_1_val.jpg,31
fairface_1686_4_3_1_val.jpg,26
fairface_5562_0_3_0_val.jpg,29
fairface_10740_5_3_1_val.jpg,35
fairface_2435_0_2_1_val.jpg,32
fairface_8708_2_3_1_val.jpg,22
fairface_3226_3_8_0_val.jpg,44
fairface_5839_1_2_1_val.jpg,32
fairface_7538_0_1_1_val.jpg,27
fairface_4437_2_4_1_val.jpg,32
fairface_2676_3_2_1_val.jpg,33
fairface_10792_1_7_0_val.jpg,42
fairface_7666_3_5_1_val.jpg,26
fairface_7559_4_1_0_val.jpg,22
fairface_982_1_2_1_val.jpg,28
fairface_7328_6_3_1_val.jpg,28
fairface_2806_4_3_1_val.jpg,26
fairface_2520_1_6_0_val.jpg,33
fairface_5237_3_5_1_val.jpg,36
fairface_4604_4_5_1_val.jpg,30
fairface_2080_5_3_0_val.jpg,24
fairface_10750_0_3_0_val.jpg,31
fairface_8958_3_3_0_val.jpg,29
fairface_9865_4_5_0_val.jpg,50
fairface_6397_3_6_1_val.jpg,38
fairface_7968_3_2_0_val.jpg,31
fairface_1367_5_3_1_val.jpg,46
fairface_9658_2_4_1_val.jpg,34
fairface_10434_3_6_1_val.jpg,37
fairface_4996_0_3_0_val.jpg,29
fairface_7943_2_3_0_val.jpg,25
fairface_5608_6_3_0_val.jpg,27
fairface_3006_4_2_1_val.jpg,27
fairface_6477_1_2_1_val.jpg,24
fairface_876_6_3_1_val.jpg,29
fairface_2462_1_3_1_val.jpg,31
fairface_7365_4_4_0_val.jpg,30
fairface_546_5_4_0_val.jpg,31
fairface_3313_4_7_0_val.jpg,45
fairface_4247_0_3_1_val.jpg,30
fairface_3359_5_5_0_val.jpg,29
fairface_4413_3_0_0_val.jpg,27
fairface_2312_5_4_0_val.jpg,35
fairface_907_4_2_1_val.jpg,39
fairface_3246_1_2_1_val.jpg,32
fairface_6800_1_3_0_val.jpg,30
fairface_3477_1_3_0_val.jpg,33
fairface_2147_0_4_0_val.jpg,31
fairface_9038_5_4_0_val.jpg,42
fairface_7641_0_4_1_val.jpg,34
fairface_3245_1_4_0_val.jpg,30
fairface_848_2_3_1_val.jpg,26
fairface_9567_2_3_1_val.jpg,29
fairface_6802_1_1_1_val.jpg,35
fairface_10507_1_1_0_val.jpg,34
fairface_8053_6_3_1_val.jpg,27
fairface_8512_2_5_1_val.jpg,28
fairface_1205_0_4_1_val.jpg,39
fairface_9740_5_7_1_val.jpg,51
fairface_2683_0_4_1_val.jpg,31
fairface_6755_5_3_0_val.jpg,27
fairface_1166_0_3_0_val.jpg,28
fairface_4373_3_2_0_val.jpg,27
fairface_4849_3_3_0_val.jpg,23
fairface_3638_3_4_0_val.jpg,27
fairface_531_5_3_1_val.jpg,30
fairface_7413_4_2_0_val.jpg,25
fairface_4369_5_3_1_val.jpg,34
fairface_10822_5_4_1_val.jpg,27
fairface_5097_3_8_1_val.jpg,32
fairface_5570_6_3_1_val.jpg,32
fairface_4055_4_5_1_val.jpg,35
fairface_134_3_5_1_val.jpg,26
fairface_5796_0_1_0_val.jpg,36
fairface_1949_5_2_0_val.jpg,37
fairface_4930_4_6_0_val.jpg,36
fairface_10942_2_3_1_val.jpg,25
fairface_6081_5_6_0_val.jpg,32
fairface_634_6_1_0_val.jpg,23
fairface_6032_3_3_1_val.jpg,25
fairface_7165_1_5_0_val.jpg,36
fairface_1232_5_3_0_val.jpg,27
fairface_745_5_5_1_val.jpg,28
fairface_4022_2_4_0_val.jpg,25
fairface_10488_6_2_0_val.jpg,26
fairface_885_3_5_1_val.jpg,37
fairface_5016_6_2_0_val.jpg,28
fairface_2314_4_6_1_val.jpg,39
fairface_672_1_3_1_val.jpg,35
fairface_1071_3_1_0_val.jpg,26
fairface_8154_2_2_1_val.jpg,27
fairface_1149_1_4_0_val.jpg,32
fairface_380_4_4_1_val.jpg,26
fairface_1791_5_4_0_val.jpg,31
fairface_7049_0_6_1_val.jpg,39
fairface_10223_0_3_1_val.jpg,30
fairface_7835_3_3_1_val.jpg,31
fairface_8730_6_5_0_val.jpg,41
fairface_5191_0_4_0_val.jpg,33
fairface_7949_1_6_1_val.jpg,43
fairface_7833_2_5_1_val.jpg,39
fairface_7989_4_3_0_val.jpg,32
fairface_4459_2_4_1_val.jpg,30
fairface_3413_3_7_0_val.jpg,37
fairface_9618_1_6_0_val.jpg,41
fairface_8366_1_7_1_val.jpg,41
fairface_8881_6_3_0_val.jpg,45
fairface_7119_6_3_1_val.jpg,44
fairface_8610_1_2_1_val.jpg,30
fairface_1775_3_4_1_val.jpg,35
fairface_8772_5_4_1_val.jpg,32
fairface_6298_2_4_1_val.jpg,27
fairface_1512_1_4_1_val.jpg,34
fairface_1103_3_4_0_val.jpg,49
fairface_5611_6_3_1_val.jpg,33
fairface_6121_1_4_0_val.jpg,33
fairface_6908_5_7_0_val.jpg,46
fairface_3321_3_5_0_val.jpg,33
fairface_8159_4_6_0_val.jpg,29
fairface_1518_2_6_0_val.jpg,43
fairface_5163_3_5_1_val.jpg,29
fairface_4705_1_4_0_val.jpg,36
fairface_4614_3_4_1_val.jpg,34
fairface_2793_3_4_1_val.jpg,33
fairface_5681_0_4_0_val.jpg,33
fairface_1944_2_4_1_val.jpg,34
fairface_5479_5_1_1_val.jpg,29
fairface_4376_3_4_1_val.jpg,33
fairface_1867_6_1_1_val.jpg,36
fairface_6722_0_5_0_val.jpg,30
fairface_10069_3_5_0_val.jpg,42
fairface_74_1_4_0_val.jpg,31
fairface_2797_5_5_0_val.jpg,24
fairface_9697_1_3_1_val.jpg,32
fairface_1027_0_6_0_val.jpg,27
fairface_5677_5_3_0_val.jpg,29
fairface_7445_3_3_0_val.jpg,31
fairface_4481_6_3_0_val.jpg,32
fairface_7169_4_4_0_val.jpg,35
fairface_8276_3_3_1_val.jpg,38
fairface_3952_3_3_1_val.jpg,29
fairface_3118_5_5_0_val.jpg,33
fairface_6748_1_1_1_val.jpg,28
fairface_7243_4_2_1_val.jpg,25
fairface_6736_4_4_0_val.jpg,35
fairface_2216_3_3_0_val.jpg,27
fairface_3684_4_2_1_val.jpg,23
fairface_910_2_4_0_val.jpg,29
fairface_10862_5_8_1_val.jpg,46
fairface_5754_5_3_0_val.jpg,30
fairface_2105_3_3_1_val.jpg,33
fairface_6977_6_4_1_val.jpg,33
fairface_53_0_4_1_val.jpg,26
fairface_8902_6_4_1_val.jpg,30
fairface_6719_0_2_0_val.jpg,34
fairface_1421_2_2_0_val.jpg,33
fairface_4809_5_2_1_val.jpg,27
fairface_8711_5_5_0_val.jpg,27
fairface_320_1_1_1_val.jpg,37
fairface_2662_1_0_0_val.jpg,23
fairface_6882_0_4_1_val.jpg,25
fairface_6399_6_3_1_val.jpg,32
fairface_1547_4_4_0_val.jpg,32
fairface_8123_2_3_1_val.jpg,26
fairface_8037_0_5_1_val.jpg,32
fairface_857_1_5_0_val.jpg,28
fairface_3337_2_3_0_val.jpg,28
fairface_6348_5_0_1_val.jpg,35
fairface_1753_3_1_1_val.jpg,30
fairface_9612_4_3_1_val.jpg,30
fairface_3198_2_0_1_val.jpg,27
fairface_9064_6_2_1_val.jpg,29
fairface_5878_2_3_0_val.jpg,23
fairface_8209_5_2_1_val.jpg,28
fairface_8503_4_4_0_val.jpg,33
fairface_120_3_3_1_val.jpg,31
fairface_6564_3_1_0_val.jpg,27
fairface_115_5_3_1_val.jpg,31
fairface_7752_6_2_0_val.jpg,31
fairface_2669_3_3_0_val.jpg,22
fairface_2671_0_3_0_val.jpg,34
fairface_5553_0_2_0_val.jpg,28
fairface_6404_2_3_0_val.jpg,33
fairface_4073_3_2_0_val.jpg,31
fairface_3998_5_3_0_val.jpg,29
fairface_6823_0_1_1_val.jpg,33
fairface_6345_6_1_1_val.jpg,32
fairface_10384_1_5_0_val.jpg,44
fairface_2912_2_0_1_val.jpg,29
fairface_4059_6_3_1_val.jpg,26
fairface_3437_4_1_0_val.jpg,29
fairface_8438_0_3_0_val.jpg,27
fairface_1542_4_3_1_val.jpg,31
fairface_4415_1_3_1_val.jpg,28
fairface_10848_2_3_0_val.jpg,32
fairface_2450_4_6_0_val.jpg,36
fairface_7806_2_2_1_val.jpg,34
fairface_553_1_3_1_val.jpg,33
fairface_8372_2_3_0_val.jpg,33
fairface_8281_0_4_0_val.jpg,32
fairface_5996_6_4_0_val.jpg,38
fairface_562_3_2_1_val.jpg,28
fairface_1089_5_3_1_val.jpg,25
fairface_9086_2_5_1_val.jpg,34
fairface_7545_4_4_0_val.jpg,32
fairface_3613_2_4_0_val.jpg,25
fairface_9124_0_3_0_val.jpg,26
fairface_9447_5_3_0_val.jpg,33
fairface_1130_3_3_1_val.jpg,31
fairface_2552_1_3_0_val.jpg,29
fairface_6423_3_2_1_val.jpg,40
fairface_4486_3_4_0_val.jpg,36
fairface_3250_5_4_0_val.jpg,31
fairface_629_5_5_1_val.jpg,34
fairface_8293_6_4_1_val.jpg,36
fairface_6238_4_5_1_val.jpg,32
fairface_4460_3_3_1_val.jpg,31
fairface_5089_5_2_1_val.jpg,32
fairface_2203_1_3_0_val.jpg,33
fairface_8321_6_3_0_val.jpg,41
fairface_7618_5_2_1_val.jpg,20
fairface_7680_5_3_0_val.jpg,35
fairface_4024_0_3_1_val.jpg,30
fairface_3298_0_4_0_val.jpg,30
fairface_10076_0_3_0_val.jpg,29
fairface_4627_4_5_0_val.jpg,29
fairface_6167_6_5_0_val.jpg,33
fairface_6625_5_3_0_val.jpg,30
fairface_603_5_5_0_val.jpg,32
fairface_268_6_3_1_val.jpg,28
fairface_1924_5_7_1_val.jpg,28
fairface_5345_2_5_1_val.jpg,36
fairface_10685_0_3_0_val.jpg,28
fairface_10455_0_3_0_val.jpg,24
fairface_7489_5_3_0_val.jpg,28
fairface_5088_2_4_1_val.jpg,28
fairface_2202_1_3_0_val.jpg,26
fairface_3405_2_2_0_val.jpg,27
fairface_2368_4_3_0_val.jpg,31
fairface_4401_2_4_0_val.jpg,30
fairface_8338_0_3_1_val.jpg,26
fairface_2863_1_2_1_val.jpg,26
fairface_10889_3_3_0_val.jpg,49
fairface_9832_5_8_0_val.jpg,33
fairface_3458_0_1_0_val.jpg,26
fairface_2415_5_4_0_val.jpg,28
fairface_297_3_3_0_val.jpg,27
fairface_7428_2_3_1_val.jpg,37
fairface_10136_4_2_1_val.jpg,29
fairface_1675_1_6_0_val.jpg,46
fairface_724_3_0_1_val.jpg,29
fairface_3943_3_4_1_val.jpg,39
fairface_7955_0_5_0_val.jpg,39
fairface_8020_6_7_0_val.jpg,39
fairface_4119_0_3_1_val.jpg,31
fairface_2060_0_2_1_val.jpg,26
fairface_3033_0_1_0_val.jpg,25
fairface_5691_4_4_0_val.jpg,25
fairface_5555_2_3_1_val.jpg,33
fairface_7813_4_4_0_val.jpg,27
fairface_5929_4_5_0_val.jpg,27
fairface_3525_5_4_1_val.jpg,35
fairface_10693_4_0_0_val.jpg,27
fairface_1624_4_3_1_val.jpg,27
fairface_10921_5_4_1_val.jpg,31
fairface_3588_5_2_1_val.jpg,29
fairface_8230_4_3_0_val.jpg,25
fairface_9201_2_3_0_val.jpg,37
fairface_1399_5_5_1_val.jpg,38
fairface_3683_2_6_1_val.jpg,31
fairface_10107_4_4_0_val.jpg,34
fairface_925_6_4_0_val.jpg,30
fairface_3104_5_4_1_val.jpg,31
fairface_9689_2_1_0_val.jpg,32
fairface_7901_3_5_0_val.jpg,35
fairface_9584_3_3_1_val.jpg,37
fairface_8572_4_4_0_val.jpg,24
fairface_6159_5_3_0_val.jpg,27
fairface_10673_0_1_0_val.jpg,26
fairface_6673_0_3_0_val.jpg,30
fairface_4839_1_6_0_val.jpg,47
fairface_3279_2_3_1_val.jpg,29
fairface_5805_4_5_0_val.jpg,30
fairface_184_2_1_0_val.jpg,25
fairface_10579_5_3_0_val.jpg,32
fairface_3257_1_4_1_val.jpg,28
fairface_2633_5_1_0_val.jpg,24
fairface_8414_3_6_0_val.jpg,34
fairface_4694_4_5_0_val.jpg,34
fairface_7952_2_4_1_val.jpg,30
fairface_4190_5_4_1_val.jpg,32
fairface_8006_3_4_1_val.jpg,29
fairface_6784_2_3_1_val.jpg,32
fairface_3479_5_6_1_val.jpg,33
fairface_1720_3_3_0_val.jpg,30
fairface_2422_0_6_1_val.jpg,51
fairface_4609_3_3_1_val.jpg,29
fairface_3972_5_6_1_val.jpg,32
fairface_10905_1_5_1_val.jpg,31
fairface_1884_2_2_1_val.jpg,32
fairface_6771_3_3_0_val.jpg,29
fairface_5153_2_2_0_val.jpg,30
fairface_5257_6_2_1_val.jpg,34
fairface_213_3_6_0_val.jpg,46
fairface_4346_2_4_0_val.jpg,29
fairface_10929_5_1_0_val.jpg,32
fairface_6663_2_6_1_val.jpg,27
fairface_2244_5_5_1_val.jpg,35
fairface_10577_3_3_1_val.jpg,41
fairface_10005_5_3_0_val.jpg,26
fairface_6547_2_3_0_val.jpg,27
fairface_1147_3_5_0_val.jpg,38
fairface_8386_1_2_0_val.jpg,26
fairface_6468_3_7_0_val.jpg,29
fairface_3851_3_4_0_val.jpg,33
fairface_743_3_5_0_val.jpg,24
fairface_10683_1_7_1_val.jpg,46
fairface_4623_3_2_1_val.jpg,30
fairface_1584_3_5_1_val.jpg,31
fairface_8156_1_7_1_val.jpg,34
fairface_5_3_3_0_val.jpg,25
fairface_881_4_6_1_val.jpg,33
fairface_2380_6_2_0_val.jpg,38
fairface_4316_1_5_0_val.jpg,37
fairface_5238_5_4_1_val.jpg,31
fairface_9419_0_3_1_val.jpg,30
fairface_10286_3_4_0_val.jpg,27
fairface_5934_0_5_1_val.jpg,46
fairface_7076_3_4_0_val.jpg,32
fairface_1691_3_2_0_val.jpg,34
fairface_2277_3_5_1_val.jpg,35
fairface_1363_0_3_0_val.jpg,30
fairface_4793_2_4_0_val.jpg,26
fairface_8446_5_2_0_val.jpg,24
fairface_3081_0_3_1_val.jpg,30
fairface_4561_1_3_1_val.jpg,32
fairface_1634_0_1_1_val.jpg,27
fairface_8139_6_4_0_val.jpg,27
fairface_62_1_5_0_val.jpg,37
fairface_408_3_4_1_val.jpg,34
fairface_10938_5_3_1_val.jpg,24
fairface_8827_3_8_0_val.jpg,35
fairface_8431_2_5_0_val.jpg,45
fairface_3598_1_5_0_val.jpg,39
fairface_838_4_4_0_val.jpg,28
fairface_6729_2_2_0_val.jpg,28
fairface_6703_6_2_1_val.jpg,26
fairface_871_5_3_1_val.jpg,31
fairface_8332_0_4_1_val.jpg,31
fairface_7164_0_3_0_val.jpg,30
fairface_3902_2_5_0_val.jpg,45
fairface_9927_5_1_1_val.jpg,25
fairface_8669_5_3_0_val.jpg,30
fairface_4302_4_5_1_val.jpg,33
fairface_4611_2_4_1_val.jpg,33
fairface_7581_4_5_0_val.jpg,31
fairface_4277_0_4_1_val.jpg,30
fairface_4160_3_3_0_val.jpg,41
fairface_6229_6_2_1_val.jpg,27
fairface_9935_2_6_1_val.jpg,35
fairface_10639_5_6_0_val.jpg,32
fairface_5042_2_3_1_val.jpg,36
fairface_3002_6_4_0_val.jpg,38
fairface_6993_3_3_0_val.jpg,28
fairface_4060_3_7_1_val.jpg,49
fairface_10799_0_4_0_val.jpg,32
fairface_5885_2_2_1_val.jpg,29
fairface_865_3_3_1_val.jpg,33
fairface_5626_5_3_0_val.jpg,28
fairface_9411_5_6_1_val.jpg,33
fairface_8844_2_4_1_val.jpg,42
fairface_684_6_4_1_val.jpg,28
fairface_3030_5_0_0_val.jpg,33
fairface_9619_4_5_0_val.jpg,32
fairface_5459_4_5_1_val.jpg,25
fairface_9729_3_3_0_val.jpg,30
fairface_6855_0_3_1_val.jpg,32
fairface_853_1_4_1_val.jpg,38
fairface_1585_0_3_1_val.jpg,31
fairface_750_3_1_0_val.jpg,26
fairface_4195_2_3_0_val.jpg,38
fairface_7781_0_1_1_val.jpg,34
fairface_8697_0_8_0_val.jpg,46
fairface_3304_1_1_0_val.jpg,27
fairface_9941_5_3_1_val.jpg,34
fairface_2899_1_6_0_val.jpg,31
fairface_10781_3_3_1_val.jpg,24
fairface_9058_3_3_0_val.jpg,34
fairface_6176_0_1_0_val.jpg,30
fairface_9304_5_2_0_val.jpg,21
fairface_1294_5_5_0_val.jpg,35
fairface_482_4_4_0_val.jpg,32
fairface_1788_4_3_0_val.jpg,28
fairface_9794_6_3_1_val.jpg,34
fairface_9364_1_4_1_val.jpg,40
fairface_9427_2_3_0_val.jpg,27
fairface_1956_0_3_1_val.jpg,35
fairface_370_5_6_0_val.jpg,32
fairface_4677_5_3_1_val.jpg,32
fairface_3057_3_4_1_val.jpg,31
fairface_2045_5_5_1_val.jpg,31
fairface_972_0_2_0_val.jpg,35
fairface_6224_2_3_1_val.jpg,31
fairface_2252_6_3_1_val.jpg,28
fairface_6685_1_4_0_val.jpg,29
fairface_4404_3_3_1_val.jpg,30
fairface_6089_0_3_1_val.jpg,39
fairface_7277_0_6_0_val.jpg,50
fairface_10460_1_1_0_val.jpg,26
fairface_9524_4_4_0_val.jpg,44
fairface_7892_2_2_1_val.jpg,27
fairface_10038_3_5_0_val.jpg,36
fairface_10756_4_4_0_val.jpg,35
fairface_7348_1_4_0_val.jpg,25
fairface_8659_2_4_0_val.jpg,29
fairface_3931_3_4_0_val.jpg,29
fairface_8896_4_3_0_val.jpg,29
fairface_2122_3_3_1_val.jpg,26
fairface_3069_6_3_1_val.jpg,27
fairface_946_2_1_1_val.jpg,35
fairface_8989_1_4_1_val.jpg,30
fairface_7305_5_4_0_val.jpg,31
fairface_3664_3_4_1_val.jpg,28
fairface_7506_6_2_1_val.jpg,31
fairface_1327_0_3_0_val.jpg,31
fairface_9292_5_6_0_val.jpg,31
fairface_9558_4_5_0_val.jpg,39
fairface_5125_5_3_0_val.jpg,26
fairface_5319_6_3_0_val.jpg,32
fairface_479_3_4_1_val.jpg,34
fairface_4882_0_8_1_val.jpg,25
fairface_8509_4_4_0_val.jpg,36
fairface_3815_0_7_0_val.jpg,32
fairface_7193_5_3_0_val.jpg,24
fairface_8782_6_1_0_val.jpg,34
fairface_10228_4_1_1_val.jpg,24
fairface_10899_1_8_1_val.jpg,45
fairface_8661_2_4_1_val.jpg,26
fairface_7024_1_2_0_val.jpg,27
fairface_9200_0_4_1_val.jpg,25
fairface_10629_5_5_0_val.jpg,29
fairface_9062_3_2_1_val.jpg,32
fairface_6126_1_4_1_val.jpg,39
fairface_2539_1_6_1_val.jpg,35
fairface_612_5_3_0_val.jpg,28
fairface_7251_2_1_0_val.jpg,35
fairface_5120_2_4_0_val.jpg,49
fairface_3896_0_4_1_val.jpg,31
fairface_7652_5_3_0_val.jpg,29
fairface_6838_3_4_1_val.jpg,29
fairface_8352_3_3_0_val.jpg,39
fairface_937_0_1_0_val.jpg,23
fairface_4922_2_4_1_val.jpg,28
fairface_6149_2_5_0_val.jpg,30
fairface_1067_2_6_0_val.jpg,32
fairface_1992_0_3_1_val.jpg,31
fairface_8384_5_2_0_val.jpg,25
fairface_8275_5_2_1_val.jpg,32
fairface_2327_0_2_0_val.jpg,30
fairface_5638_0_3_1_val.jpg,29
fairface_6781_1_6_0_val.jpg,31
fairface_3224_0_3_1_val.jpg,33
fairface_10081_6_2_1_val.jpg,36
fairface_3096_0_3_1_val.jpg,31
fairface_9798_1_3_0_val.jpg,31
fairface_1225_2_3_1_val.jpg,26
fairface_1513_4_2_0_val.jpg,35
fairface_9843_1_1_1_val.jpg,32
fairface_10516_6_0_0_val.jpg,24
fairface_9833_5_3_1_val.jpg,34
fairface_4458_6_2_1_val.jpg,31
fairface_2800_6_1_0_val.jpg,30
fairface_3297_1_4_1_val.jpg,36
fairface_3315_1_4_0_val.jpg,28
fairface_2346_5_4_0_val.jpg,29
fairface_1422_2_5_0_val.jpg,32
fairface_5673_4_6_0_val.jpg,24
fairface_5376_5_4_0_val.jpg,30
fairface_7204_4_7_0_val.jpg,42
fairface_9685_5_3_0_val.jpg,32
fairface_6391_1_0_0_val.jpg,26
fairface_369_2_4_0_val.jpg,37
fairface_6806_0_4_0_val.jpg,29
fairface_1395_0_2_1_val.jpg,25
fairface_8437_5_3_1_val.jpg,28
fairface_4985_0_3_1_val.jpg,29
fairface_872_6_2_1_val.jpg,28
fairface_5185_5_7_1_val.jpg,26
fairface_5748_4_0_1_val.jpg,28
fairface_5767_3_3_1_val.jpg,29
fairface_1126_0_4_1_val.jpg,41
fairface_10811_3_4_0_val.jpg,28
fairface_2159_4_4_0_val.jpg,32
fairface_9188_3_4_1_val.jpg,46
fairface_10900_2_3_0_val.jpg,28
fairface_10374_5_3_0_val.jpg,30
fairface_1468_3_2_0_val.jpg,29
fairface_960_5_3_0_val.jpg,25
fairface_2048_6_3_0_val.jpg,35
fairface_9608_6_3_0_val.jpg,33
fairface_5938_3_3_1_val.jpg,32
fairface_4047_2_4_0_val.jpg,36
fairface_3229_1_3_1_val.jpg,33
fairface_4891_0_3_1_val.jpg,33
fairface_6926_1_3_1_val.jpg,32
fairface_4931_2_1_1_val.jpg,27
fairface_4121_0_4_0_val.jpg,30
fairface_420_6_2_0_val.jpg,35
fairface_6512_1_3_0_val.jpg,25
fairface_388_0_4_1_val.jpg,42
fairface_4145_6_5_1_val.jpg,35
fairface_2921_4_0_0_val.jpg,27
fairface_8502_4_3_0_val.jpg,32
fairface_5623_3_4_0_val.jpg,39
fairface_8834_0_2_1_val.jpg,38
fairface_665_3_4_1_val.jpg,45
fairface_689_3_5_1_val.jpg,50
fairface_8790_4_2_1_val.jpg,31
fairface_3670_0_2_1_val.jpg,39
fairface_5171_6_3_0_val.jpg,28
fairface_1301_2_2_1_val.jpg,32
fairface_3439_3_2_0_val.jpg,26
fairface_5850_0_2_1_val.jpg,33
fairface_4118_1_3_1_val.jpg,31
fairface_8779_6_3_1_val.jpg,35
fairface_1642_1_1_1_val.jpg,28
fairface_1794_4_2_0_val.jpg,25
fairface_3360_5_3_1_val.jpg,31
fairface_7501_2_3_1_val.jpg,31
fairface_1203_1_3_0_val.jpg,32
fairface_4403_5_3_1_val.jpg,31
fairface_483_5_3_0_val.jpg,31
fairface_7933_3_3_1_val.jpg,31
fairface_2047_3_4_1_val.jpg,28
fairface_132_5_1_0_val.jpg,32
fairface_8359_0_1_0_val.jpg,35
fairface_9113_0_3_1_val.jpg,31
fairface_5421_5_4_1_val.jpg,35
fairface_443_3_3_0_val.jpg,22
fairface_6734_6_4_1_val.jpg,35
fairface_3913_5_1_1_val.jpg,31
fairface_7448_3_3_1_val.jpg,28
fairface_2400_0_1_1_val.jpg,28
fairface_5426_0_2_0_val.jpg,28
fairface_1608_6_4_0_val.jpg,37
fairface_8924_5_3_1_val.jpg,41
fairface_5806_1_5_1_val.jpg,34
fairface_518_5_3_1_val.jpg,31
fairface_173_1_7_0_val.jpg,26
fairface_8665_2_4_1_val.jpg,31
fairface_7517_5_4_0_val.jpg,35
fairface_3801_3_2_1_val.jpg,25
fairface_6949_3_4_0_val.jpg,29
fairface_1995_3_1_1_val.jpg,31
fairface_1855_5_2_1_val.jpg,31
fairface_8024_5_5_1_val.jpg,33
fairface_3665_1_1_0_val.jpg,28
fairface_8643_5_3_1_val.jpg,29
fairface_4501_1_7_1_val.jpg,34
fairface_2718_2_5_1_val.jpg,32
fairface_5876_3_4_0_val.jpg,26
fairface_6715_5_4_0_val.jpg,31
fairface_2271_3_3_0_val.jpg,30
fairface_6287_2_2_0_val.jpg,28
fairface_8645_6_1_0_val.jpg,26
fairface_1965_0_3_0_val.jpg,34
fairface_1138_0_5_1_val.jpg,41
fairface_2246_2_3_1_val.jpg,31
fairface_5548_6_4_1_val.jpg,31
fairface_5112_1_0_1_val.jpg,20
fairface_2383_0_5_0_val.jpg,39
fairface_7486_2_3_1_val.jpg,26
fairface_6669_6_5_1_val.jpg,32
fairface_3401_6_2_1_val.jpg,24
fairface_8841_1_3_1_val.jpg,29
fairface_4020_4_3_1_val.jpg,29
fairface_10419_6_2_1_val.jpg,29
fairface_91_0_0_1_val.jpg,33
fairface_3697_3_3_0_val.jpg,35
fairface_4206_2_5_1_val.jpg,36
fairface_234_0_3_1_val.jpg,32
fairface_2037_2_1_1_val.jpg,26
fairface_8640_0_2_0_val.jpg,30
fairface_7903_6_1_1_val.jpg,24
fairface_3493_2_1_0_val.jpg,29
fairface_10065_3_4_1_val.jpg,31
fairface_6726_5_6_0_val.jpg,32
fairface_10692_0_4_0_val.jpg,31
fairface_1599_5_3_1_val.jpg,29
fairface_2406_1_1_1_val.jpg,27
fairface_3395_5_4_0_val.jpg,29
fairface_2256_5_3_1_val.jpg,25
fairface_9210_4_1_0_val.jpg,17
fairface_827_2_4_0_val.jpg,24
fairface_7557_5_3_1_val.jpg,24
fairface_3167_2_3_0_val.jpg,34
fairface_7334_1_5_0_val.jpg,38
fairface_5959_0_3_0_val.jpg,24
fairface_7484_6_3_1_val.jpg,34
fairface_1375_4_5_1_val.jpg,24
fairface_8008_3_4_1_val.jpg,28
fairface_8781_1_4_1_val.jpg,28
fairface_4168_3_6_1_val.jpg,32
fairface_3291_4_3_1_val.jpg,32
fairface_10749_2_4_0_val.jpg,33
fairface_8378_6_3_0_val.jpg,30
fairface_2737_4_0_1_val.jpg,31
fairface_2213_4_5_0_val.jpg,30
fairface_3071_4_5_0_val.jpg,31
fairface_9036_5_2_1_val.jpg,27
fairface_1932_0_4_1_val.jpg,25
fairface_3738_2_6_0_val.jpg,37
fairface_5241_6_4_0_val.jpg,32
fairface_3503_3_4_0_val.jpg,32
fairface_122_2_4_1_val.jpg,27
fairface_8141_5_4_0_val.jpg,38
fairface_9604_1_4_1_val.jpg,33
fairface_2130_3_3_1_val.jpg,33
fairface_779_2_4_0_val.jpg,39
fairface_3993_1_6_1_val.jpg,26
fairface_8927_1_4_0_val.jpg,37
fairface_3233_1_7_0_val.jpg,33
fairface_9169_0_4_0_val.jpg,34
fairface_6179_1_5_0_val.jpg,27
fairface_2944_3_1_0_val.jpg,27
fairface_10584_0_3_0_val.jpg,26
fairface_8224_3_4_1_val.jpg,26
fairface_1385_3_5_0_val.jpg,33
fairface_7122_4_3_1_val.jpg,31
fairface_6589_5_2_0_val.jpg,27
fairface_8482_3_3_1_val.jpg,31
fairface_6958_2_1_1_val.jpg,33
fairface_5727_5_5_0_val.jpg,28
fairface_2478_1_1_1_val.jpg,36
fairface_8956_1_5_0_val.jpg,46
fairface_9575_5_6_0_val.jpg,51
fairface_1958_5_1_0_val.jpg,37
fairface_2681_5_3_0_val.jpg,34
fairface_8892_5_1_0_val.jpg,32
fairface_662_3_4_0_val.jpg,42
fairface_5952_2_1_0_val.jpg,28
fairface_147_6_6_0_val.jpg,37
fairface_6832_2_3_1_val.jpg,31
fairface_3049_3_3_0_val.jpg,29
fairface_7074_1_5_1_val.jpg,33
fairface_4935_3_4_0_val.jpg,26
fairface_9357_3_4_0_val.jpg,30
fairface_8623_1_4_0_val.jpg,49
fairface_1099_3_3_1_val.jpg,31
fairface_10631_5_3_1_val.jpg,30
fairface_9978_5_2_1_val.jpg,31
fairface_4597_2_4_1_val.jpg,33
fairface_2488_1_2_0_val.jpg,26
fairface_3864_3_3_1_val.jpg,31
fairface_7440_3_4_0_val.jpg,23
fairface_9640_1_6_1_val.jpg,33
fairface_8774_5_4_0_val.jpg,28
fairface_7540_3_6_0_val.jpg,28
fairface_8968_5_1_1_val.jpg,34
fairface_1842_4_3_1_val.jpg,31
fairface_4680_5_7_0_val.jpg,41
fairface_4554_2_3_1_val.jpg,37
fairface_3786_4_4_0_val.jpg,30
fairface_10322_4_1_0_val.jpg,32
fairface_6676_1_4_0_val.jpg,31
fairface_6471_0_1_0_val.jpg,33
fairface_1220_6_3_1_val.jpg,29
fairface_1199_3_0_0_val.jpg,31
fairface_7810_5_3_0_val.jpg,26
fairface_2645_3_1_0_val.jpg,25
fairface_1080_2_5_0_val.jpg,35
fairface_8653_0_3_1_val.jpg,31
fairface_8270_6_3_1_val.jpg,28
fairface_7308_5_3_1_val.jpg,31
fairface_2123_2_3_1_val.jpg,29
fairface_4110_2_5_0_val.jpg,34
fairface_1536_5_5_1_val.jpg,39
fairface_217_4_4_1_val.jpg,35
fairface_4729_1_4_0_val.jpg,34
fairface_2914_0_2_1_val.jpg,32
fairface_6864_0_5_1_val.jpg,31
fairface_10858_1_5_1_val.jpg,33
fairface_15_3_4_1_val.jpg,37
fairface_10648_5_1_0_val.jpg,35
fairface_4365_0_3_0_val.jpg,29
fairface_9490_6_4_1_val.jpg,28
fairface_6682_6_4_1_val.jpg,33
fairface_7173_3_3_1_val.jpg,41
fairface_1891_4_3_1_val.jpg,26
fairface_5226_1_1_1_val.jpg,30
fairface_6699_6_3_1_val.jpg,28
fairface_8407_3_1_1_val.jpg,27
fairface_6336_4_4_1_val.jpg,26
fairface_3094_6_4_1_val.jpg,35
fairface_4570_5_1_0_val.jpg,28
fairface_4919_6_4_1_val.jpg,28
fairface_676_1_4_0_val.jpg,42
fairface_10394_3_6_0_val.jpg,49
fairface_9469_1_3_0_val.jpg,36
fairface_7707_2_4_1_val.jpg,41
fairface_9850_5_3_1_val.jpg,31
fairface_273_2_4_0_val.jpg,32
fairface_8004_2_2_0_val.jpg,29
fairface_8481_3_3_0_val.jpg,24
fairface_8395_2_2_1_val.jpg,29
fairface_3729_4_3_0_val.jpg,30
fairface_5730_6_4_0_val.jpg,25
fairface_6733_3_4_0_val.jpg,29
fairface_82_3_5_0_val.jpg,25
fairface_2610_3_2_1_val.jpg,34
fairface_2642_5_3_1_val.jpg,30
fairface_10731_1_6_0_val.jpg,35
fairface_1637_2_3_1_val.jpg,28
fairface_1588_5_3_1_val.jpg,30
fairface_905_6_5_1_val.jpg,29
fairface_1918_6_4_1_val.jpg,35
fairface_699_6_4_1_val.jpg,29
fairface_10255_0_0_0_val.jpg,22
fairface_3299_1_3_0_val.jpg,37
fairface_9297_2_1_0_val.jpg,26
fairface_6384_0_3_1_val.jpg,33
fairface_9390_6_4_0_val.jpg,33
fairface_1228_1_8_1_val.jpg,49
fairface_2136_3_4_1_val.jpg,30
fairface_9425_0_8_1_val.jpg,35
fairface_3322_3_6_0_val.jpg,34
fairface_1572_5_1_0_val.jpg,27
fairface_7954_1_1_0_val.jpg,23
fairface_8888_4_4_1_val.jpg,36
fairface_4635_3_3_1_val.jpg,33
fairface_6576_3_3_0_val.jpg,35
fairface_7699_3_3_0_val.jpg,29
fairface_5477_4_5_0_val.jpg,34
fairface_2706_1_2_1_val.jpg,25
fairface_10770_3_5_1_val.jpg,39
fairface_3762_5_4_1_val.jpg,32
fairface_1097_0_2_1_val.jpg,27
fairface_4447_0_3_0_val.jpg,31
fairface_10853_2_5_0_val.jpg,37
fairface_4375_1_4_0_val.jpg,39
fairface_4328_0_0_0_val.jpg,35
fairface_3103_6_6_0_val.jpg,33
fairface_2363_3_3_1_val.jpg,24
fairface_7098_3_3_1_val.jpg,38
fairface_8424_0_4_0_val.jpg,26
fairface_7154_1_5_0_val.jpg,27
fairface_1072_4_3_1_val.jpg,31
fairface_8253_5_3_0_val.jpg,31
fairface_7461_0_4_0_val.jpg,30
fairface_2649_3_3_1_val.jpg,32
fairface_6095_6_7_0_val.jpg,39
fairface_1907_5_1_0_val.jpg,35
fairface_6879_3_4_1_val.jpg,33
fairface_6153_0_6_1_val.jpg,36
fairface_1086_4_5_0_val.jpg,33
fairface_1917_3_3_0_val.jpg,30
fairface_8371_1_1_1_val.jpg,25
fairface_2886_4_0_0_val.jpg,23
fairface_8370_0_4_1_val.jpg,34
fairface_632_5_2_0_val.jpg,31
fairface_4534_6_3_1_val.jpg,31
fairface_2740_3_3_1_val.jpg,28
fairface_7267_5_3_0_val.jpg,31
fairface_9936_3_4_0_val.jpg,31
fairface_5484_4_3_0_val.jpg,31
fairface_2540_6_0_0_val.jpg,17
fairface_4389_4_3_0_val.jpg,26
fairface_1434_4_3_1_val.jpg,36
fairface_2396_6_4_1_val.jpg,25
fairface_5766_1_3_0_val.jpg,27
fairface_10031_2_3_1_val.jpg,40
fairface_85_2_3_1_val.jpg,35
fairface_1417_5_2_0_val.jpg,27
fairface_2840_5_3_1_val.jpg,26
fairface_430_5_3_1_val.jpg,39
fairface_3708_2_4_1_val.jpg,33
fairface_5598_1_2_1_val.jpg,30
fairface_6912_3_3_0_val.jpg,29
fairface_3799_0_1_1_val.jpg,32
fairface_272_1_4_0_val.jpg,33
fairface_6109_5_5_0_val.jpg,31
fairface_3986_4_2_0_val.jpg,27
fairface_3741_0_4_0_val.jpg,32
fairface_6264_1_5_0_val.jpg,30
fairface_6381_2_1_0_val.jpg,31
fairface_6325_4_2_0_val.jpg,26
fairface_4658_5_2_1_val.jpg,30
fairface_5427_5_3_0_val.jpg,30
fairface_1338_5_2_1_val.jpg,29
fairface_10810_6_4_0_val.jpg,25
fairface_3784_0_3_1_val.jpg,32
fairface_4585_5_7_0_val.jpg,35
fairface_2954_5_4_1_val.jpg,30
fairface_7129_3_3_1_val.jpg,30
fairface_8999_0_5_0_val.jpg,28
fairface_8061_5_5_1_val.jpg,44
fairface_6659_4_1_0_val.jpg,30
fairface_9240_2_5_0_val.jpg,46
fairface_3800_6_4_0_val.jpg,35
fairface_10243_1_6_1_val.jpg,29
fairface_5066_4_4_0_val.jpg,24
fairface_7659_6_3_0_val.jpg,33
fairface_8808_4_3_1_val.jpg,33
fairface_3693_0_0_1_val.jpg,30
fairface_4466_3_4_1_val.jpg,30
fairface_8354_1_3_1_val.jpg,31
fairface_2128_1_6_1_val.jpg,38
fairface_7915_0_3_1_val.jpg,29
fairface_1961_2_2_0_val.jpg,29
fairface_5742_2_2_0_val.jpg,30
fairface_5718_0_4_0_val.jpg,45
fairface_1625_5_1_0_val.jpg,25
fairface_7656_5_4_1_val.jpg,32
fairface_1561_3_3_0_val.jpg,32
fairface_4911_5_3_0_val.jpg,30
fairface_7034_5_2_1_val.jpg,31
fairface_4094_5_3_0_val.jpg,38
fairface_625_6_3_0_val.jpg,36
fairface_3063_0_2_0_val.jpg,33
fairface_2785_1_3_1_val.jpg,28
fairface_4762_4_6_0_val.jpg,43
fairface_807_0_3_0_val.jpg,31
fairface_8950_3_4_0_val.jpg,39
fairface_8142_0_5_0_val.jpg,28
fairface_3827_3_1_1_val.jpg,35
fairface_2064_3_4_1_val.jpg,36
fairface_8002_0_1_1_val.jpg,36
fairface_5246_0_2_1_val.jpg,35
fairface_7576_2_1_0_val.jpg,34
fairface_4312_3_5_1_val.jpg,32
fairface_7682_0_3_1_val.jpg,47
fairface_4131_1_3_1_val.jpg,31
fairface_4875_0_6_0_val.jpg,34
fairface_5082_0_5_0_val.jpg,38
fairface_9875_6_6_0_val.jpg,31
fairface_10262_3_1_0_val.jpg,29
fairface_3674_4_4_0_val.jpg,34
fairface_4785_0_1_1_val.jpg,29
fairface_2738_3_1_1_val.jpg,30
fairface_6605_3_3_0_val.jpg,28
fairface_2356_2_1_0_val.jpg,29
fairface_5180_4_1_0_val.jpg,35
fairface_5830_5_4_1_val.jpg,35
fairface_7957_3_3_1_val.jpg,39
fairface_9350_5_3_1_val.jpg,33
fairface_615_1_4_1_val.jpg,32
fairface_1091_5_1_1_val.jpg,28
fairface_5428_1_5_0_val.jpg,30
fairface_3492_1_6_0_val.jpg,46
fairface_5512_6_4_1_val.jpg,31
fairface_10787_0_4_1_val.jpg,32
fairface_10276_1_4_1_val.jpg,29
fairface_8875_2_3_0_val.jpg,29
fairface_5935_1_6_0_val.jpg,35
fairface_7859_1_1_1_val.jpg,28
fairface_4877_4_6_0_val.jpg,44
fairface_3710_5_3_0_val.jpg,34
fairface_6078_4_3_1_val.jpg,29
fairface_3581_0_7_0_val.jpg,35
fairface_10526_2_1_0_val.jpg,34
fairface_6647_1_3_0_val.jpg,29
fairface_3021_3_4_0_val.jpg,27
fairface_7690_3_5_1_val.jpg,32
fairface_3238_3_6_0_val.jpg,32
fairface_7320_4_6_0_val.jpg,31
fairface_8444_2_5_0_val.jpg,28
fairface_4361_3_4_0_val.jpg,26
fairface_4754_0_3_0_val.jpg,29
fairface_435_4_3_0_val.jpg,30
fairface_10560_0_3_0_val.jpg,27
fairface_8072_4_7_1_val.jpg,33
fairface_2058_3_1_1_val.jpg,31
fairface_2596_0_0_0_val.jpg,31
fairface_1593_3_3_0_val.jpg,32
fairface_9652_3_4_0_val.jpg,27
fairface_266_2_5_0_val.jpg,36
fairface_720_0_4_0_val.jpg,33
fairface_3481_0_2_0_val.jpg,24
fairface_8345_5_2_1_val.jpg,29
fairface_2601_1_5_1_val.jpg,38
fairface_4179_6_1_1_val.jpg,31
fairface_3382_2_4_1_val.jpg,32
fairface_797_5_4_1_val.jpg,24
fairface_4550_6_2_1_val.jpg,33
fairface_10912_0_3_1_val.jpg,34
fairface_470_5_2_1_val.jpg,27
fairface_7084_2_1_1_val.jpg,30
fairface_2065_3_3_1_val.jpg,31
fairface_8120_1_3_1_val.jpg,31
fairface_10793_2_4_1_val.jpg,36
fairface_7870_1_1_1_val.jpg,26
fairface_7068_3_6_0_val.jpg,48
fairface_171_6_2_0_val.jpg,31
fairface_2210_6_3_1_val.jpg,30
fairface_796_5_3_1_val.jpg,31
fairface_2629_3_3_1_val.jpg,31
fairface_1929_2_5_0_val.jpg,35
fairface_8700_3_4_0_val.jpg,27
fairface_7612_3_6_0_val.jpg,50
fairface_391_2_2_0_val.jpg,29
fairface_10173_1_1_1_val.jpg,39
fairface_10121_1_2_0_val.jpg,28
fairface_5708_1_2_0_val.jpg,27
fairface_7002_0_3_0_val.jpg,39
fairface_4463_6_7_1_val.jpg,47
fairface_6974_5_3_1_val.jpg,33
fairface_8967_0_5_0_val.jpg,40
fairface_8496_0_3_1_val.jpg,28
fairface_9047_3_4_0_val.jpg,35
fairface_10169_3_6_1_val.jpg,30
fairface_9139_4_1_0_val.jpg,25
fairface_2710_6_4_1_val.jpg,33
fairface_6887_3_2_1_val.jpg,27
fairface_8752_4_3_1_val.jpg,31
fairface_2774_1_3_1_val.jpg,28
fairface_2878_1_7_0_val.jpg,40
fairface_1056_6_3_0_val.jpg,28
fairface_5906_4_3_1_val.jpg,27
fairface_655_3_4_0_val.jpg,33
fairface_5523_5_2_1_val.jpg,27
fairface_2584_6_1_1_val.jpg,28
fairface_521_1_3_0_val.jpg,26
fairface_10146_5_4_0_val.jpg,38
fairface_5414_4_2_1_val.jpg,31
fairface_9718_6_5_1_val.jpg,33
fairface_2545_3_3_0_val.jpg,26
fairface_6869_5_3_1_val.jpg,30
fairface_7094_5_5_1_val.jpg,36
fairface_325_0_5_0_val.jpg,33
fairface_6112_5_4_0_val.jpg,28
fairface_1114_5_4_1_val.jpg,32
fairface_9225_6_3_1_val.jpg,32
fairface_3585_5_3_1_val.jpg,31
fairface_1223_5_6_0_val.jpg,34
fairface_7167_2_6_1_val.jpg,41
fairface_757_0_3_1_val.jpg,21
fairface_7162_4_4_0_val.jpg,25
fairface_6777_4_3_0_val.jpg,29
fairface_2124_1_1_1_val.jpg,25
fairface_5029_5_1_0_val.jpg,35
fairface_2722_6_2_1_val.jpg,41
fairface_1816_6_2_0_val.jpg,33
fairface_10066_3_2_0_val.jpg,26
fairface_3141_6_4_0_val.jpg,39
fairface_4945_3_2_1_val.jpg,27
fairface_3564_1_2_0_val.jpg,31
fairface_6067_1_0_0_val.jpg,25
fairface_10402_4_6_0_val.jpg,40
fairface_5826_1_4_0_val.jpg,35
fairface_3614_1_7_1_val.jpg,37
fairface_3645_0_2_0_val.jpg,33
fairface_1538_2_6_1_val.jpg,27
fairface_8480_2_4_0_val.jpg,28
fairface_4702_4_5_0_val.jpg,29
fairface_7238_2_0_1_val.jpg,34
fairface_3282_3_4_0_val.jpg,32
fairface_9735_1_5_0_val.jpg,34
fairface_7398_0_2_0_val.jpg,33
fairface_5354_2_2_1_val.jpg,28
fairface_7491_3_2_1_val.jpg,31
fairface_9975_3_5_1_val.jpg,40
fairface_6854_0_3_1_val.jpg,38
fairface_9479_6_5_0_val.jpg,36
fairface_2417_2_1_0_val.jpg,25
fairface_8250_4_7_1_val.jpg,39
fairface_4688_2_3_1_val.jpg,30
fairface_2848_4_4_0_val.jpg,30
fairface_5263_6_2_1_val.jpg,35
fairface_5919_3_3_1_val.jpg,31
fairface_6944_2_4_0_val.jpg,26
fairface_212_3_6_0_val.jpg,41
fairface_3927_3_3_1_val.jpg,31
fairface_6666_1_4_1_val.jpg,36
fairface_1803_5_3_0_val.jpg,27
fairface_893_5_5_0_val.jpg,30
fairface_2379_3_3_1_val.jpg,29
fairface_4730_0_4_0_val.jpg,25
fairface_114_2_6_0_val.jpg,44
fairface_8327_6_5_1_val.jpg,30
fairface_3521_3_5_0_val.jpg,31
fairface_4957_1_3_1_val.jpg,29
fairface_2911_0_4_1_val.jpg,39
fairface_4797_6_1_0_val.jpg,31
fairface_1819_3_4_0_val.jpg,31
fairface_3554_0_6_0_val.jpg,36
fairface_10041_6_3_0_val.jpg,35
fairface_1520_0_4_0_val.jpg,30
fairface_2945_0_4_0_val.jpg,27
fairface_5602_6_3_0_val.jpg,31
fairface_7345_4_3_1_val.jpg,30
fairface_5563_3_0_0_val.jpg,23
fairface_529_5_3_1_val.jpg,23
fairface_7834_3_6_1_val.jpg,33
fairface_5502_0_2_0_val.jpg,26
fairface_860_1_4_0_val.jpg,36
fairface_6092_5_3_0_val.jpg,31
fairface_6315_0_4_0_val.jpg,30
fairface_4089_5_1_1_val.jpg,40
fairface_5103_6_1_0_val.jpg,25
fairface_4075_6_6_0_val.jpg,33
fairface_2906_6_2_0_val.jpg,24
fairface_9236_0_3_0_val.jpg,37
fairface_3589_2_3_0_val.jpg,34
fairface_2560_1_2_1_val.jpg,29
fairface_9765_0_4_1_val.jpg,24
fairface_4076_1_0_1_val.jpg,30
fairface_7809_1_4_0_val.jpg,31
fairface_2257_6_4_1_val.jpg,40
fairface_9056_1_4_1_val.jpg,44
fairface_10074_0_2_1_val.jpg,32
fairface_2620_3_3_1_val.jpg,27
fairface_2622_1_2_0_val.jpg,25
fairface_1350_0_4_0_val.jpg,36
fairface_2163_1_3_0_val.jpg,38
fairface_3428_2_5_1_val.jpg,40
fairface_9962_0_3_0_val.jpg,26
fairface_7886_4_6_0_val.jpg,29
fairface_5842_6_8_0_val.jpg,43
fairface_10665_6_2_1_val.jpg,35
fairface_3484_2_4_0_val.jpg,29
fairface_7871_2_4_0_val.jpg,26
fairface_5019_3_3_1_val.jpg,30
fairface_6814_4_4_0_val.jpg,30
fairface_6644_4_6_0_val.jpg,39
fairface_4452_0_5_0_val.jpg,26
fairface_5464_2_2_0_val.jpg,30
fairface_3270_3_3_0_val.jpg,34
fairface_863_0_4_1_val.jpg,32
fairface_1033_1_2_0_val.jpg,29
fairface_6198_3_4_0_val.jpg,31
fairface_4660_0_3_1_val.jpg,26
fairface_2888_0_2_0_val.jpg,31
fairface_4285_0_3_0_val.jpg,24
fairface_7495_2_3_0_val.jpg,31
fairface_84_3_3_1_val.jpg,32
fairface_3319_1_3_0_val.jpg,33
fairface_6528_3_6_1_val.jpg,41
fairface_4622_4_2_1_val.jpg,23
fairface_2281_6_3_1_val.jpg,29
fairface_9288_2_4_0_val.jpg,35
fairface_6043_3_4_0_val.jpg,29
fairface_6712_2_2_1_val.jpg,31
fairface_5595_0_2_1_val.jpg,30
fairface_6237_6_4_1_val.jpg,22
fairface_5450_4_8_0_val.jpg,40
fairface_1221_6_4_0_val.jpg,34
fairface_8688_3_3_1_val.jpg,29
fairface_1861_2_3_1_val.jpg,37
fairface_1196_3_1_0_val.jpg,25
fairface_4764_1_1_0_val.jpg,24
fairface_5431_0_4_0_val.jpg,41
fairface_8081_2_4_0_val.jpg,30
fairface_8964_2_3_0_val.jpg,27
fairface_6260_3_4_0_val.jpg,45
fairface_2824_5_3_1_val.jpg,31
fairface_10469_1_5_1_val.jpg,25
fairface_3397_2_8_0_val.jpg,49
fairface_10062_2_5_1_val.jpg,25
fairface_2775_3_4_0_val.jpg,31
fairface_2295_5_3_0_val.jpg,27
fairface_383_2_3_1_val.jpg,29
fairface_1284_5_4_1_val.jpg,40
fairface_6209_1_4_1_val.jpg,32
fairface_10368_2_3_1_val.jpg,25
fairface_7241_6_5_1_val.jpg,32
fairface_5807_5_3_1_val.jpg,31
fairface_7185_0_0_0_val.jpg,26
fairface_4033_3_7_0_val.jpg,25
fairface_3220_6_2_0_val.jpg,26
fairface_4377_3_3_1_val.jpg,27
fairface_1034_4_3_0_val.jpg,27
fairface_5533_4_4_1_val.jpg,31
fairface_1136_3_7_0_val.jpg,27
fairface_8966_4_7_0_val.jpg,42
fairface_8851_3_4_1_val.jpg,34
fairface_545_1_5_0_val.jpg,36
fairface_10603_1_4_1_val.jpg,37
fairface_10843_3_5_1_val.jpg,31
fairface_237_6_4_0_val.jpg,34
fairface_1354_1_4_0_val.jpg,29
fairface_10421_3_3_0_val.jpg,44
fairface_7187_6_1_0_val.jpg,35
fairface_10176_6_3_1_val.jpg,30
fairface_2880_5_6_0_val.jpg,32
fairface_10684_3_6_1_val.jpg,36
fairface_3424_3_4_1_val.jpg,32
fairface_5439_2_3_1_val.jpg,26
fairface_4606_0_4_1_val.jpg,33
fairface_8862_3_4_0_val.jpg,29
fairface_967_4_3_1_val.jpg,29
fairface_10315_4_4_0_val.jpg,42
fairface_7697_6_5_1_val.jpg,34
fairface_2792_3_4_0_val.jpg,25
fairface_7381_6_6_0_val.jpg,40
fairface_4779_3_3_1_val.jpg,32
fairface_3513_6_2_1_val.jpg,30
fairface_10531_3_3_1_val.jpg,28
fairface_1398_5_4_1_val.jpg,34
fairface_6788_1_5_0_val.jpg,33
fairface_251_0_3_1_val.jpg,34
fairface_6396_3_1_1_val.jpg,13
fairface_10538_6_3_1_val.jpg,34
fairface_7654_0_3_1_val.jpg,26
fairface_3905_1_5_0_val.jpg,27
fairface_4593_3_1_1_val.jpg,18
fairface_4691_4_3_1_val.jpg,31
fairface_34_0_3_0_val.jpg,39
fairface_2768_4_3_0_val.jpg,25
fairface_1793_1_5_1_val.jpg,29
fairface_137_2_6_0_val.jpg,39
fairface_10730_0_4_0_val.jpg,32
fairface_2073_2_7_0_val.jpg,37
fairface_4069_2_4_1_val.jpg,37
fairface_1299_2_4_0_val.jpg,35
fairface_6890_0_5_0_val.jpg,40
fairface_8187_1_3_0_val.jpg,31
fairface_586_3_5_0_val.jpg,39
fairface_1609_2_4_1_val.jpg,27
fairface_382_0_4_1_val.jpg,35
fairface_1707_5_5_1_val.jpg,29
fairface_4419_3_2_0_val.jpg,25
fairface_5564_4_2_1_val.jpg,33
fairface_7283_5_2_1_val.jpg,32
fairface_5648_5_6_0_val.jpg,33
fairface_127_1_3_1_val.jpg,33
fairface_3531_1_5_1_val.jpg,34
fairface_10918_6_5_1_val.jpg,31
fairface_4273_5_2_1_val.jpg,26
fairface_4532_5_7_0_val.jpg,53
fairface_10925_3_3_1_val.jpg,35
fairface_10282_3_4_1_val.jpg,26
fairface_9917_3_3_1_val.jpg,32
fairface_645_5_4_0_val.jpg,32
fairface_5188_4_4_0_val.jpg,39
fairface_7837_1_7_1_val.jpg,39
fairface_6227_3_6_1_val.jpg,35
fairface_3396_6_3_0_val.jpg,27
fairface_1752_6_2_1_val.jpg,29
fairface_4099_0_4_0_val.jpg,44
fairface_1102_1_1_1_val.jpg,24
fairface_9760_3_4_1_val.jpg,37
fairface_1178_5_6_0_val.jpg,33
fairface_10160_6_1_1_val.jpg,26
fairface_6160_6_4_1_val.jpg,31
fairface_3144_0_5_1_val.jpg,37
fairface_4334_1_3_1_val.jpg,30
fairface_39_5_3_1_val.jpg,32
fairface_7063_0_3_0_val.jpg,30
fairface_6071_1_3_1_val.jpg,37
fairface_3286_0_3_0_val.jpg,27
fairface_638_5_3_0_val.jpg,34
fairface_4951_4_2_1_val.jpg,39
fairface_3430_0_1_0_val.jpg,23
fairface_6502_5_3_0_val.jpg,24
fairface_7591_4_1_0_val.jpg,26
fairface_9104_1_6_0_val.jpg,43
fairface_9617_4_7_0_val.jpg,47
fairface_10094_0_6_0_val.jpg,35
fairface_6737_4_5_0_val.jpg,30
fairface_524_2_5_0_val.jpg,23
fairface_10694_3_5_1_val.jpg,33
fairface_5537_2_3_1_val.jpg,41
fairface_378_5_6_0_val.jpg,38
fairface_7201_1_2_1_val.jpg,29
fairface_3556_6_4_0_val.jpg,30
fairface_1533_1_3_0_val.jpg,35
fairface_2269_3_2_1_val.jpg,30
fairface_6724_3_6_1_val.jpg,42
fairface_8461_0_4_0_val.jpg,24
fairface_2801_6_3_1_val.jpg,26
fairface_3821_5_5_0_val.jpg,37
fairface_2566_5_3_1_val.jpg,31
fairface_10293_2_4_1_val.jpg,34
fairface_298_3_5_0_val.jpg,43
fairface_2004_5_7_0_val.jpg,25
fairface_6787_2_2_1_val.jpg,32
fairface_8800_4_5_0_val.jpg,38
fairface_2050_5_4_0_val.jpg,34
fairface_2347_1_1_0_val.jpg,17
fairface_3472_2_5_0_val.jpg,32
fairface_1188_3_4_0_val.jpg,28
fairface_9515_5_5_0_val.jpg,28
fairface_4564_6_1_0_val.jpg,30
fairface_10425_0_5_1_val.jpg,32
fairface_4723_4_1_1_val.jpg,23
fairface_4834_6_4_0_val.jpg,26
fairface_7672_1_5_1_val.jpg,31
fairface_5903_1_2_1_val.jpg,28
fairface_6917_3_1_1_val.jpg,23
fairface_834_5_3_1_val.jpg,33
fairface_7601_0_4_1_val.jpg,31
fairface_3125_2_4_0_val.jpg,28
fairface_202_3_3_0_val.jpg,27
fairface_1663_2_1_1_val.jpg,32
fairface_42_6_2_1_val.jpg,43
fairface_10641_4_4_0_val.jpg,35
fairface_117_3_4_0_val.jpg,28
fairface_3650_4_3_0_val.jpg,34
fairface_1030_4_2_0_val.jpg,27
fairface_8282_5_1_0_val.jpg,36
fairface_9158_2_6_0_val.jpg,43
fairface_7182_6_6_1_val.jpg,26
fairface_121_0_3_1_val.jpg,38
fairface_1307_5_5_0_val.jpg,25
fairface_3205_0_5_0_val.jpg,37
fairface_5024_1_0_1_val.jpg,26
fairface_6039_1_3_1_val.jpg,31
fairface_7674_6_4_0_val.jpg,39
fairface_7150_5_3_1_val.jpg,31
fairface_9029_1_3_1_val.jpg,34
fairface_9519_3_3_1_val.jpg,30
fairface_3160_1_4_0_val.jpg,49
fairface_2820_5_4_0_val.jpg,27
fairface_10920_2_3_1_val.jpg,37
fairface_6789_5_7_0_val.jpg,40
fairface_6058_2_4_1_val.jpg,31
fairface_3345_3_2_1_val.jpg,24
fairface_2942_3_2_1_val.jpg,35
fairface_9336_3_4_0_val.jpg,31
fairface_5008_2_3_1_val.jpg,28
fairface_7255_5_2_0_val.jpg,37
fairface_10742_4_3_1_val.jpg,31
fairface_4735_3_6_0_val.jpg,46
fairface_4954_1_1_1_val.jpg,28
fairface_2473_6_3_0_val.jpg,28
fairface_4086_5_4_0_val.jpg,35
fairface_2308_0_1_0_val.jpg,34
fairface_9615_4_4_1_val.jpg,31
fairface_7359_1_4_0_val.jpg,25
fairface_3469_5_7_0_val.jpg,37
fairface_8690_0_2_0_val.jpg,33
fairface_7535_6_5_0_val.jpg,32
fairface_4085_1_1_1_val.jpg,34
fairface_6543_2_2_0_val.jpg,25
fairface_1175_1_4_1_val.jpg,39
fairface_3941_5_7_1_val.jpg,46
fairface_5375_2_3_1_val.jpg,29
fairface_6920_0_4_1_val.jpg,33
fairface_6122_6_1_0_val.jpg,25
fairface_10687_0_4_1_val.jpg,25
fairface_7520_4_4_0_val.jpg,32
fairface_5305_3_4_0_val.jpg,39
fairface_3690_5_5_0_val.jpg,30
fairface_8810_1_3_0_val.jpg,27
fairface_4664_3_5_0_val.jpg,46
fairface_9098_6_3_0_val.jpg,30
fairface_9909_6_4_1_val.jpg,27
fairface_9040_3_6_0_val.jpg,43
fairface_5949_1_3_0_val.jpg,42
fairface_6303_5_3_0_val.jpg,35
fairface_2349_0_0_0_val.jpg,27
fairface_610_4_6_0_val.jpg,44
fairface_2583_5_3_0_val.jpg,33
fairface_9493_3_4_1_val.jpg,41
fairface_9548_4_6_0_val.jpg,42
fairface_9593_3_3_0_val.jpg,25
fairface_8306_6_5_0_val.jpg,35
fairface_8405_4_4_0_val.jpg,34
fairface_9012_3_3_1_val.jpg,32
fairface_10201_3_4_1_val.jpg,38
fairface_7125_0_3_1_val.jpg,30
fairface_243_2_5_1_val.jpg,44
fairface_10440_5_3_0_val.jpg,31
fairface_778_4_3_0_val.jpg,30
fairface_5222_4_5_1_val.jpg,32
fairface_7186_3_3_0_val.jpg,32
fairface_3452_6_1_0_val.jpg,30
fairface_7519_6_1_0_val.jpg,29
fairface_9872_5_4_0_val.jpg,33
fairface_10472_0_0_0_val.jpg,24
fairface_6586_6_3_0_val.jpg,36
fairface_78_5_5_0_val.jpg,37
fairface_68_6_6_0_val.jpg,34
fairface_10104_4_8_0_val.jpg,48
fairface_4811_6_1_1_val.jpg,34
fairface_4933_3_5_0_val.jpg,29
fairface_3252_0_4_1_val.jpg,27
fairface_9664_5_3_0_val.jpg,30
fairface_8722_1_4_0_val.jpg,26
fairface_7551_3_5_0_val.jpg,32
fairface_6678_4_5_0_val.jpg,43
fairface_3367_4_4_0_val.jpg,33
fairface_9532_3_3_0_val.jpg,26
fairface_8206_1_6_1_val.jpg,45
fairface_1921_4_4_1_val.jpg,34
fairface_552_3_3_0_val.jpg,26
fairface_6178_3_3_1_val.jpg,31
fairface_10417_1_1_0_val.jpg,31
fairface_7751_5_3_1_val.jpg,32
fairface_1369_3_3_0_val.jpg,28
fairface_7312_3_5_0_val.jpg,34
fairface_2151_5_3_1_val.jpg,32
fairface_4608_3_3_0_val.jpg,41
fairface_7170_1_3_0_val.jpg,24
fairface_7156_6_5_0_val.jpg,43
fairface_8029_1_4_0_val.jpg,26
fairface_6307_2_7_0_val.jpg,29
fairface_6583_3_4_0_val.jpg,30
fairface_2511_5_1_1_val.jpg,15
fairface_880_0_6_1_val.jpg,35
fairface_10361_0_4_0_val.jpg,32
fairface_5167_1_5_0_val.jpg,33
fairface_6952_3_3_1_val.jpg,37
fairface_3215_1_3_0_val.jpg,31
fairface_5435_3_5_0_val.jpg,29
fairface_8701_0_1_1_val.jpg,22
fairface_6565_1_4_1_val.jpg,26
fairface_7070_2_2_0_val.jpg,31
fairface_6072_3_4_1_val.jpg,40
fairface_9703_1_6_0_val.jpg,32
fairface_10067_4_3_1_val.jpg,34
fairface_4483_5_3_1_val.jpg,31
fairface_1452_1_4_0_val.jpg,27
fairface_6516_0_2_1_val.jpg,29
fairface_186_4_4_1_val.jpg,29
fairface_10144_2_5_1_val.jpg,43
fairface_2699_3_3_1_val.jpg,35
fairface_2871_4_5_0_val.jpg,28
fairface_5235_1_3_0_val.jpg,32
fairface_7248_3_4_0_val.jpg,34
fairface_9212_4_1_0_val.jpg,26
fairface_6480_3_4_1_val.jpg,26
fairface_10565_6_4_0_val.jpg,32
fairface_2044_2_4_1_val.jpg,36
fairface_4431_6_3_0_val.jpg,31
fairface_279_3_4_0_val.jpg,29
fairface_2810_4_1_0_val.jpg,24
fairface_6182_6_2_1_val.jpg,32
fairface_7132_6_5_0_val.jpg,27
fairface_9507_2_4_0_val.jpg,29
fairface_6333_5_3_1_val.jpg,31
fairface_10048_3_3_0_val.jpg,24
fairface_9579_0_3_1_val.jpg,29
fairface_8069_0_4_0_val.jpg,32
fairface_1525_0_3_1_val.jpg,31
fairface_7194_6_6_0_val.jpg,30
fairface_8718_2_3_1_val.jpg,32
fairface_9815_6_4_1_val.jpg,36
fairface_6674_3_3_1_val.jpg,34
fairface_8176_3_5_1_val.jpg,44
fairface_292_2_2_0_val.jpg,29
fairface_3694_5_4_0_val.jpg,32
fairface_6443_1_3_0_val.jpg,30
fairface_8474_3_3_0_val.jpg,30
fairface_1328_2_3_0_val.jpg,26
fairface_2755_5_5_0_val.jpg,29
fairface_3746_0_1_0_val.jpg,29
fairface_8413_0_1_1_val.jpg,31
fairface_8465_2_4_0_val.jpg,37
fairface_10242_1_4_0_val.jpg,43
fairface_5117_2_1_0_val.jpg,26
fairface_5131_1_3_0_val.jpg,26
fairface_2482_1_5_1_val.jpg,33
fairface_1915_5_1_1_val.jpg,26
fairface_7757_0_7_0_val.jpg,43
fairface_5819_6_3_0_val.jpg,26
fairface_8382_2_6_0_val.jpg,45
fairface_9537_4_3_0_val.jpg,24
fairface_3172_5_3_1_val.jpg,33
fairface_4149_3_2_1_val.jpg,26
fairface_105_2_5_0_val.jpg,38
fairface_7038_2_5_1_val.jpg,33
fairface_1359_5_2_1_val.jpg,27
fairface_7929_0_3_1_val.jpg,38
fairface_7404_1_3_1_val.jpg,24
fairface_4479_4_3_1_val.jpg,35
fairface_8152_3_5_0_val.jpg,26
fairface_8889_4_1_0_val.jpg,35
fairface_832_0_1_0_val.jpg,34
fairface_1931_0_4_1_val.jpg,30
fairface_2503_6_4_1_val.jpg,35
fairface_10269_6_1_0_val.jpg,31
fairface_486_4_4_1_val.jpg,31
fairface_9009_0_3_0_val.jpg,40
fairface_2081_1_4_0_val.jpg,31
fairface_3210_3_1_1_val.jpg,25
fairface_8904_1_4_0_val.jpg,24
fairface_6883_5_4_0_val.jpg,32
fairface_10937_2_3_0_val.jpg,34
fairface_10138_5_7_0_val.jpg,30
fairface_4553_0_4_0_val.jpg,39
fairface_2154_1_7_1_val.jpg,36
fairface_5599_5_2_0_val.jpg,37
fairface_3616_0_3_0_val.jpg,33
fairface_4573_1_4_1_val.jpg,32
fairface_2221_1_4_1_val.jpg,41
fairface_6693_3_7_0_val.jpg,30
fairface_3764_4_3_0_val.jpg,38
fairface_1523_5_3_0_val.jpg,30
fairface_9671_4_6_0_val.jpg,28
fairface_1324_6_3_0_val.jpg,30
fairface_595_6_1_1_val.jpg,28
fairface_7679_3_3_1_val.jpg,25
fairface_924_3_5_0_val.jpg,38
fairface_7349_3_5_0_val.jpg,35
fairface_5535_4_4_0_val.jpg,31
fairface_1246_2_3_0_val.jpg,22
fairface_5974_3_3_0_val.jpg,28
fairface_2234_4_1_0_val.jpg,33
fairface_5846_4_5_0_val.jpg,34
fairface_837_3_3_1_val.jpg,27
fairface_5165_3_4_0_val.jpg,39
fairface_6985_1_5_1_val.jpg,27
fairface_10873_3_3_0_val.jpg,26
fairface_9267_3_3_0_val.jpg,28
fairface_9343_5_3_1_val.jpg,30
fairface_10405_0_4_0_val.jpg,28
fairface_10216_2_5_1_val.jpg,32
fairface_9528_5_5_1_val.jpg,35
fairface_7574_5_5_0_val.jpg,35
fairface_7966_4_3_0_val.jpg,28
fairface_4640_2_3_1_val.jpg,24
fairface_9470_5_4_1_val.jpg,30
fairface_9556_0_3_1_val.jpg,35
fairface_3195_6_4_1_val.jpg,33
fairface_8798_2_3_1_val.jpg,23
fairface_9773_0_4_0_val.jpg,32
fairface_3636_6_2_1_val.jpg,31
fairface_844_3_1_1_val.jpg,31
fairface_602_1_3_1_val.jpg,35
fairface_8231_2_3_1_val.jpg,32
fairface_2847_1_5_1_val.jpg,32
fairface_1972_2_5_0_val.jpg,37
fairface_4574_5_5_1_val.jpg,42
fairface_1029_6_3_0_val.jpg,33
fairface_7731_2_3_1_val.jpg,24
fairface_3193_6_1_0_val.jpg,33
fairface_4836_3_3_1_val.jpg,29
fairface_7765_4_5_0_val.jpg,33
fairface_4297_5_4_1_val.jpg,44
fairface_7638_3_4_0_val.jpg,33
fairface_1800_2_5_0_val.jpg,31
fairface_3679_3_3_1_val.jpg,39
fairface_414_1_4_0_val.jpg,30
fairface_7426_5_5_1_val.jpg,42
fairface_7931_3_4_1_val.jpg,36
fairface_46_0_7_0_val.jpg,31
fairface_9126_3_6_0_val.jpg,28
fairface_9892_5_4_0_val.jpg,34
fairface_10428_2_0_0_val.jpg,29
fairface_8705_3_4_1_val.jpg,32
fairface_1297_6_3_1_val.jpg,29
fairface_4235_2_2_1_val.jpg,31
fairface_3663_3_1_1_val.jpg,30
fairface_4989_2_3_0_val.jpg,28
fairface_10523_3_1_0_val.jpg,29
fairface_3958_4_4_0_val.jpg,39
fairface_9838_3_3_0_val.jpg,24
fairface_6026_3_3_1_val.jpg,26
fairface_7107_6_3_0_val.jpg,23
fairface_4010_5_3_1_val.jpg,30
fairface_9814_5_1_1_val.jpg,22
fairface_5276_5_5_1_val.jpg,26
fairface_10814_2_5_0_val.jpg,26
fairface_10746_4_4_1_val.jpg,35
fairface_10302_1_3_1_val.jpg,32
fairface_5342_5_3_0_val.jpg,31
fairface_426_3_4_1_val.jpg,29
fairface_6414_4_7_1_val.jpg,35
fairface_2981_3_6_0_val.jpg,37
fairface_7890_3_0_1_val.jpg,35
fairface_2304_5_5_1_val.jpg,33
fairface_9808_1_2_1_val.jpg,33
fairface_9118_2_4_1_val.jpg,34
fairface_10763_5_4_1_val.jpg,27
fairface_4194_2_2_1_val.jpg,37
fairface_10052_2_4_0_val.jpg,29
fairface_1925_2_0_0_val.jpg,27
fairface_8475_5_4_1_val.jpg,30
fairface_2132_5_4_0_val.jpg,39
fairface_6297_5_1_0_val.jpg,26
fairface_10606_6_5_0_val.jpg,41
fairface_10838_1_1_0_val.jpg,27
fairface_10841_6_1_0_val.jpg,30
fairface_9876_3_3_1_val.jpg,33
fairface_4701_4_3_1_val.jpg,28
fairface_6971_1_4_0_val.jpg,26
fairface_754_1_7_1_val.jpg,37
fairface_2313_1_1_1_val.jpg,30
fairface_4741_6_4_0_val.jpg,27
fairface_5706_1_3_0_val.jpg,25
fairface_6130_2_1_1_val.jpg,30
fairface_275_2_1_0_val.jpg,24
fairface_9621_1_4_0_val.jpg,29
fairface_4155_0_4_0_val.jpg,37
fairface_6074_1_1_1_val.jpg,37
fairface_6046_4_4_0_val.jpg,33
fairface_3073_6_4_1_val.jpg,30
fairface_1321_3_3_1_val.jpg,39
fairface_5615_4_3_0_val.jpg,31
fairface_2997_5_4_0_val.jpg,33
fairface_7214_2_1_0_val.jpg,22
fairface_3289_3_5_1_val.jpg,30
fairface_3831_6_4_0_val.jpg,36
fairface_3301_4_3_1_val.jpg,32
fairface_9481_3_3_1_val.jpg,28
fairface_8155_3_3_1_val.jpg,24
fairface_4399_2_2_1_val.jpg,29
fairface_1026_6_1_0_val.jpg,22
fairface_7900_0_3_1_val.jpg,36
fairface_2613_4_7_0_val.jpg,31
fairface_330_3_3_1_val.jpg,28
fairface_7843_5_3_1_val.jpg,29
fairface_7498_5_7_1_val.jpg,43
fairface_7380_5_1_0_val.jpg,27
fairface_4436_4_4_0_val.jpg,40
fairface_9725_5_3_0_val.jpg,32
fairface_2892_3_4_1_val.jpg,28
fairface_3876_3_4_1_val.jpg,26
fairface_8216_1_6_0_val.jpg,35
fairface_9325_6_3_1_val.jpg,27
fairface_6341_4_5_0_val.jpg,26
fairface_4942_2_5_0_val.jpg,40
fairface_2964_3_1_1_val.jpg,33
fairface_10596_5_4_1_val.jpg,32
fairface_4499_2_2_1_val.jpg,28
fairface_10518_1_4_1_val.jpg,32
fairface_2661_2_2_0_val.jpg,30
fairface_899_5_5_1_val.jpg,37
fairface_28_1_3_0_val.jpg,30
fairface_9947_3_8_0_val.jpg,37
fairface_5466_3_0_0_val.jpg,30
fairface_10438_5_4_1_val.jpg,28
fairface_5601_1_5_1_val.jpg,33
fairface_2691_3_1_1_val.jpg,24
fairface_6415_5_4_1_val.jpg,29
fairface_2640_1_4_0_val.jpg,39
fairface_6386_1_2_0_val.jpg,26
fairface_4471_3_5_0_val.jpg,29
fairface_367_1_3_1_val.jpg,26
fairface_10705_1_5_1_val.jpg,32
fairface_4498_1_3_1_val.jpg,31
fairface_1828_6_1_1_val.jpg,27
fairface_9660_5_3_1_val.jpg,26
fairface_9931_3_2_0_val.jpg,27
fairface_8677_6_3_1_val.jpg,28
fairface_1820_2_3_1_val.jpg,30
fairface_6757_1_5_0_val.jpg,38
fairface_9053_6_3_0_val.jpg,25
fairface_9265_0_3_1_val.jpg,50
fairface_7907_6_3_0_val.jpg,26
fairface_3171_4_4_0_val.jpg,30
fairface_5693_3_6_0_val.jpg,30
fairface_9445_0_2_1_val.jpg,27
fairface_4653_3_3_1_val.jpg,33
fairface_10337_5_3_1_val.jpg,31
fairface_9485_2_5_1_val.jpg,38
fairface_3086_0_5_1_val.jpg,27
fairface_37_5_4_0_val.jpg,39
fairface_1258_2_4_1_val.jpg,39
fairface_6014_6_4_0_val.jpg,25
fairface_6717_1_4_0_val.jpg,32
fairface_6797_0_3_0_val.jpg,27
fairface_5544_3_4_0_val.jpg,33
fairface_8347_4_3_0_val.jpg,31
fairface_8126_3_1_1_val.jpg,32
fairface_2492_2_1_0_val.jpg,27
fairface_9944_2_1_1_val.jpg,24
fairface_530_2_1_0_val.jpg,27
fairface_10093_2_5_1_val.jpg,31
fairface_8268_6_1_0_val.jpg,36
fairface_2996_1_5_0_val.jpg,32
fairface_598_0_1_0_val.jpg,28
fairface_2150_2_1_0_val.jpg,26
fairface_10850_5_6_1_val.jpg,30
fairface_8422_5_3_1_val.jpg,35
fairface_798_6_6_0_val.jpg,37
fairface_3273_0_4_0_val.jpg,26
fairface_365_5_3_1_val.jpg,34
fairface_2285_5_5_1_val.jpg,33
fairface_5856_0_3_1_val.jpg,30
fairface_6101_1_5_1_val.jpg,31
fairface_7927_2_3_0_val.jpg,33
fairface_8238_0_1_0_val.jpg,28
fairface_9278_2_3_0_val.jpg,33
fairface_1312_1_4_1_val.jpg,26
fairface_9268_5_4_0_val.jpg,34
fairface_5371_5_4_0_val.jpg,31
fairface_5913_3_3_1_val.jpg,28
fairface_6417_4_5_1_val.jpg,43
fairface_8226_3_5_0_val.jpg,25
fairface_9196_6_5_1_val.jpg,25
fairface_6060_3_3_1_val.jpg,31
fairface_4101_0_3_1_val.jpg,30
fairface_8284_3_4_1_val.jpg,42
fairface_7463_6_3_0_val.jpg,25
fairface_3165_5_2_1_val.jpg,33
fairface_6768_2_6_1_val.jpg,31
fairface_4717_4_6_0_val.jpg,45
fairface_6530_6_2_0_val.jpg,31
fairface_10846_1_5_1_val.jpg,32
fairface_10312_5_1_0_val.jpg,30
fairface_1265_0_3_0_val.jpg,26
fairface_9345_0_1_0_val.jpg,29
fairface_9372_0_0_0_val.jpg,27
fairface_2243_1_3_0_val.jpg,27
fairface_10212_1_2_0_val.jpg,31
fairface_4387_5_5_0_val.jpg,47
fairface_7437_1_3_0_val.jpg,29
fairface_3157_0_4_0_val.jpg,35
fairface_5789_2_3_1_val.jpg,29
fairface_4109_4_3_1_val.jpg,28
fairface_2279_2_3_1_val.jpg,32
fairface_1458_5_7_1_val.jpg,30
fairface_2685_3_4_0_val.jpg,32
fairface_9668_5_6_1_val.jpg,40
fairface_4944_2_3_1_val.jpg,30
fairface_3639_0_6_1_val.jpg,34
fairface_9657_1_6_1_val.jpg,42
fairface_301_2_1_1_val.jpg,29
fairface_10462_6_5_0_val.jpg,30
fairface_2387_3_3_1_val.jpg,31
fairface_6249_2_2_0_val.jpg,29
fairface_99_0_3_1_val.jpg,34
fairface_1589_5_3_1_val.jpg,31
fairface_1695_6_2_0_val.jpg,27
fairface_8598_6_4_0_val.jpg,26
fairface_7276_4_2_1_val.jpg,41
fairface_3647_2_1_1_val.jpg,25
fairface_9160_5_3_1_val.jpg,31
fairface_8994_2_1_0_val.jpg,31
fairface_3538_2_1_1_val.jpg,29
fairface_4937_0_2_1_val.jpg,24
fairface_6718_6_5_1_val.jpg,33
fairface_1723_6_3_0_val.jpg,24
fairface_3199_5_5_0_val.jpg,34
fairface_10699_4_2_1_val.jpg,29
fairface_4799_0_2_1_val.jpg,25
fairface_8060_3_4_0_val.jpg,35
fairface_1730_1_3_1_val.jpg,25
fairface_436_1_0_0_val.jpg,29
fairface_5815_2_4_0_val.jpg,31
fairface_3779_5_2_1_val.jpg,28
fairface_10471_0_3_1_val.jpg,31
fairface_2813_2_4_0_val.jpg,32
fairface_4890_5_1_1_val.jpg,28
fairface_4663_0_0_1_val.jpg,26
fairface_8365_6_4_1_val.jpg,26
fairface_5461_5_1_0_val.jpg,26
fairface_3343_4_3_1_val.jpg,31
fairface_7279_3_3_1_val.jpg,33
fairface_1544_2_1_0_val.jpg,24
fairface_244_6_3_1_val.jpg,29
fairface_1954_3_3_1_val.jpg,29
fairface_4214_5_1_1_val.jpg,34
fairface_10953_5_3_0_val.jpg,27
fairface_1497_2_4_0_val.jpg,29
fairface_1460_1_4_0_val.jpg,31
fairface_714_1_4_0_val.jpg,34
fairface_5582_6_5_0_val.jpg,42
fairface_6002_3_4_1_val.jpg,32
fairface_364_1_2_0_val.jpg,32
fairface_226_4_4_0_val.jpg,32
fairface_7696_4_5_0_val.jpg,31
fairface_3882_5_3_1_val.jpg,30
fairface_7245_5_5_0_val.jpg,31
fairface_1529_5_3_0_val.jpg,26
fairface_4381_4_3_0_val.jpg,25
fairface_10564_6_3_1_val.jpg,29
fairface_5910_5_1_0_val.jpg,25
fairface_6754_2_0_0_val.jpg,25
fairface_2411_2_3_1_val.jpg,32
fairface_10678_0_1_1_val.jpg,25
fairface_6245_3_7_1_val.jpg,36
fairface_8062_0_5_0_val.jpg,32
fairface_804_3_1_0_val.jpg,21
fairface_736_1_1_1_val.jpg,25
fairface_8309_3_5_0_val.jpg,39
fairface_9727_6_1_0_val.jpg,28
fairface_3528_0_4_1_val.jpg,25
fairface_6380_1_6_1_val.jpg,35
fairface_6558_6_8_1_val.jpg,49
fairface_8530_3_5_0_val.jpg,32
fairface_8550_3_1_0_val.jpg,21
fairface_8945_2_1_0_val.jpg,24
fairface_10339_6_3_1_val.jpg,34
fairface_3158_3_7_1_val.jpg,42
fairface_2287_5_5_0_val.jpg,32
fairface_7693_3_6_0_val.jpg,33
fairface_10304_5_1_1_val.jpg,27
fairface_1809_4_5_1_val.jpg,33
fairface_7630_3_3_0_val.jpg,39
fairface_1919_1_6_0_val.jpg,48
fairface_10354_1_2_0_val.jpg,29
fairface_1862_1_4_1_val.jpg,28
fairface_9423_5_3_1_val.jpg,24
fairface_7830_4_2_1_val.jpg,34
fairface_5458_2_4_1_val.jpg,27
fairface_2171_6_3_1_val.jpg,30
fairface_1433_5_6_1_val.jpg,30
fairface_2965_0_5_0_val.jpg,35
fairface_8919_3_3_1_val.jpg,33
fairface_8302_2_2_0_val.jpg,25
fairface_9054_5_3_1_val.jpg,29
fairface_10156_0_2_1_val.jpg,29
fairface_6428_3_4_1_val.jpg,32
fairface_262_2_5_1_val.jpg,28
fairface_1524_3_3_0_val.jpg,26
fairface_2272_5_5_0_val.jpg,34
fairface_2374_0_1_0_val.jpg,23
fairface_4283_3_3_1_val.jpg,32
fairface_5902_3_3_1_val.jpg,42
fairface_1516_0_0_1_val.jpg,20
fairface_3510_0_2_0_val.jpg,29
fairface_2465_5_2_0_val.jpg,33
fairface_2165_1_2_1_val.jpg,27
fairface_10252_4_4_0_val.jpg,29
fairface_6508_1_4_1_val.jpg,31
fairface_3062_3_3_1_val.jpg,27
fairface_3617_2_3_1_val.jpg,23
fairface_2634_4_2_1_val.jpg,35
fairface_1400_5_3_0_val.jpg,33
fairface_9945_5_3_0_val.jpg,22
fairface_8622_0_6_1_val.jpg,40
fairface_4579_6_1_0_val.jpg,29
fairface_964_3_0_1_val.jpg,34
fairface_5214_3_5_0_val.jpg,31
fairface_2605_5_6_1_val.jpg,47
fairface_6752_1_2_1_val.jpg,23
fairface_8750_0_4_1_val.jpg,37
fairface_2290_6_1_1_val.jpg,28
fairface_9349_0_3_1_val.jpg,29
fairface_2572_5_5_0_val.jpg,33
fairface_10480_6_1_1_val.jpg,33
fairface_928_5_6_0_val.jpg,33
fairface_4314_6_4_0_val.jpg,29
fairface_3859_1_3_1_val.jpg,30
fairface_6600_0_3_0_val.jpg,28
fairface_3771_2_2_1_val.jpg,26
fairface_3630_1_2_0_val.jpg,28
fairface_5853_5_2_1_val.jpg,29
fairface_5249_4_3_0_val.jpg,34
fairface_38_4_6_0_val.jpg,42
fairface_9753_1_4_0_val.jpg,39
fairface_5330_2_4_1_val.jpg,34
fairface_10607_1_5_0_val.jpg,23
fairface_8534_5_7_1_val.jpg,38
fairface_3379_2_2_1_val.jpg,32
fairface_6652_3_7_0_val.jpg,45
fairface_8822_1_2_1_val.jpg,32
fairface_1994_0_7_0_val.jpg,44
fairface_2815_2_5_1_val.jpg,29
fairface_5172_6_1_1_val.jpg,37
fairface_5397_6_3_1_val.jpg,30
fairface_8220_0_3_1_val.jpg,34
fairface_6261_0_3_1_val.jpg,44
fairface_4042_1_6_1_val.jpg,24
fairface_10575_2_1_0_val.jpg,29
fairface_8311_2_3_1_val.jpg,30
fairface_2430_2_5_0_val.jpg,37
fairface_7972_5_4_1_val.jpg,31
fairface_4330_0_4_0_val.jpg,39
fairface_1481_3_3_1_val.jpg,39
fairface_444_1_3_1_val.jpg,32
fairface_7266_6_1_1_val.jpg,35
fairface_1627_1_4_0_val.jpg,37
fairface_8625_3_3_0_val.jpg,26
fairface_9844_4_8_0_val.jpg,32
fairface_6727_4_3_1_val.jpg,30
fairface_1846_2_3_1_val.jpg,32
fairface_3180_0_5_0_val.jpg,42
fairface_10864_4_4_0_val.jpg,41
fairface_2440_3_4_1_val.jpg,28
fairface_9901_5_5_1_val.jpg,36
fairface_875_6_1_0_val.jpg,32
fairface_8857_3_1_1_val.jpg,22
fairface_8402_5_4_1_val.jpg,30
fairface_3327_3_4_0_val.jpg,37
fairface_1085_3_4_0_val.jpg,28
fairface_2556_3_7_1_val.jpg,43
fairface_1477_3_4_1_val.jpg,28
fairface_9316_3_6_0_val.jpg,27
fairface_2278_1_1_0_val.jpg,26
fairface_9381_3_1_1_val.jpg,34
fairface_4358_2_3_1_val.jpg,26
fairface_10525_0_1_1_val.jpg,19
fairface_2032_3_5_1_val.jpg,30
fairface_8426_0_1_0_val.jpg,23
fairface_3628_6_5_0_val.jpg,28
fairface_3937_5_3_1_val.jpg,28
fairface_4841_3_4_1_val.jpg,38
fairface_110_1_5_1_val.jpg,34
fairface_1669_1_6_0_val.jpg,42
fairface_6193_3_3_0_val.jpg,38
fairface_5743_4_7_1_val.jpg,39
fairface_627_4_4_1_val.jpg,25
fairface_5696_3_6_0_val.jpg,38
fairface_2872_1_3_1_val.jpg,30
fairface_6826_3_7_0_val.jpg,59
fairface_5735_2_3_0_val.jpg,39
fairface_1574_3_5_0_val.jpg,37
fairface_5518_5_3_1_val.jpg,34
fairface_7211_2_1_1_val.jpg,25
fairface_9436_0_6_1_val.jpg,36
fairface_8448_0_3_0_val.jpg,32
fairface_9722_1_5_1_val.jpg,39
fairface_6031_3_2_1_val.jpg,25
fairface_1764_4_3_1_val.jpg,33
fairface_3825_3_4_1_val.jpg,33
fairface_1048_3_3_0_val.jpg,29
fairface_6055_2_3_0_val.jpg,27
fairface_10786_0_3_0_val.jpg,25
fairface_2194_2_3_1_val.jpg,30
fairface_3129_5_4_0_val.jpg,38
fairface_1999_4_4_0_val.jpg,33
fairface_4388_5_1_0_val.jpg,35
fairface_8076_0_1_0_val.jpg,30
fairface_4180_2_3_0_val.jpg,25
fairface_9922_1_1_1_val.jpg,29
fairface_3105_5_4_0_val.jpg,32
fairface_764_4_4_1_val.jpg,32
fairface_2344_1_3_1_val.jpg,28
fairface_9348_5_3_0_val.jpg,27
fairface_5566_0_6_0_val.jpg,31
fairface_4211_0_2_1_val.jpg,29
fairface_726_4_2_1_val.jpg,30
fairface_8776_0_7_1_val.jpg,31
fairface_6029_0_3_1_val.jpg,30
fairface_3191_3_4_0_val.jpg,31
fairface_9829_2_3_0_val.jpg,29
fairface_9142_0_4_0_val.jpg,28
fairface_9591_4_4_1_val.jpg,30
fairface_6675_1_2_1_val.jpg,35
fairface_3311_1_4_0_val.jpg,40
fairface_9102_3_4_1_val.jpg,36
fairface_8901_0_3_1_val.jpg,30
fairface_10691_6_1_0_val.jpg,29
fairface_5302_6_4_1_val.jpg,29
fairface_3098_3_3_1_val.jpg,30
fairface_5860_0_0_1_val.jpg,30
fairface_4867_1_1_1_val.jpg,24
fairface_3666_3_6_1_val.jpg,34
fairface_10540_3_3_0_val.jpg,27
fairface_1015_4_5_0_val.jpg,35
fairface_4207_5_1_0_val.jpg,26
fairface_4787_0_2_0_val.jpg,24
fairface_789_2_3_0_val.jpg,24
fairface_4360_0_1_0_val.jpg,23
fairface_7222_5_3_1_val.jpg,29
fairface_2521_5_4_0_val.jpg,36
fairface_10551_5_6_0_val.jpg,42
fairface_9834_2_6_1_val.jpg,33
fairface_10103_0_3_0_val.jpg,32
fairface_4445_3_4_1_val.jpg,40
fairface_10949_6_4_0_val.jpg,34
fairface_1804_3_6_1_val.jpg,35
fairface_9807_1_2_0_val.jpg,27
fairface_1984_4_1_0_val.jpg,24
fairface_6454_5_3_0_val.jpg,29
fairface_5455_3_3_1_val.jpg,32
fairface_5140_1_2_1_val.jpg,33
fairface_8116_4_3_0_val.jpg,25
fairface_10896_0_6_1_val.jpg,37
fairface_652_0_5_1_val.jpg,40
fairface_1273_2_4_1_val.jpg,30
fairface_842_1_6_0_val.jpg,34
fairface_8925_2_3_0_val.jpg,33
fairface_10621_5_4_0_val.jpg,31
fairface_9389_5_5_0_val.jpg,35
fairface_4636_2_5_0_val.jpg,34
fairface_3854_3_5_0_val.jpg,44
fairface_7046_5_5_0_val.jpg,35
fairface_579_1_3_0_val.jpg,32
fairface_4104_5_7_0_val.jpg,48
fairface_5270_3_3_0_val.jpg,31
fairface_8998_2_3_1_val.jpg,37
fairface_4959_5_3_1_val.jpg,23
fairface_10587_1_5_0_val.jpg,32
fairface_10102_5_1_0_val.jpg,31
fairface_7282_0_4_1_val.jpg,33
fairface_5323_1_3_0_val.jpg,27
fairface_7270_5_3_1_val.jpg,23
fairface_10477_4_4_0_val.jpg,30
fairface_2429_2_1_1_val.jpg,24
fairface_8390_4_0_0_val.jpg,17
fairface_2575_2_1_1_val.jpg,27
fairface_7804_6_3_1_val.jpg,30
fairface_2705_0_5_0_val.jpg,25
fairface_290_5_6_0_val.jpg,27
fairface_10318_6_4_1_val.jpg,28
fairface_2460_5_5_0_val.jpg,29
fairface_112_4_4_0_val.jpg,28
fairface_8427_4_7_1_val.jpg,45
fairface_6257_0_4_0_val.jpg,32
fairface_7763_1_6_1_val.jpg,27
fairface_8428_5_4_0_val.jpg,25
fairface_5521_1_5_0_val.jpg,35
fairface_2014_0_2_0_val.jpg,29
fairface_7615_0_4_0_val.jpg,43
fairface_4450_5_3_0_val.jpg,24
fairface_8815_6_1_0_val.jpg,24
fairface_1110_6_3_1_val.jpg,31
fairface_5546_5_3_0_val.jpg,29
fairface_6011_1_2_0_val.jpg,30
fairface_8542_5_3_1_val.jpg,32
fairface_2126_6_1_0_val.jpg,40
fairface_5155_6_4_1_val.jpg,27
fairface_8656_3_6_0_val.jpg,46
fairface_4905_3_3_1_val.jpg,32
fairface_6642_1_6_0_val.jpg,39
fairface_5866_0_6_0_val.jpg,30
fairface_4817_1_3_1_val.jpg,35
fairface_981_2_4_0_val.jpg,31
fairface_10344_2_3_1_val.jpg,30
fairface_3150_0_3_1_val.jpg,31
fairface_1592_1_2_0_val.jpg,25
fairface_5448_5_1_1_val.jpg,30
fairface_5310_0_3_1_val.jpg,26
fairface_7814_1_1_1_val.jpg,33
fairface_3465_3_3_1_val.jpg,39
fairface_8241_1_6_1_val.jpg,39
fairface_5530_1_1_0_val.jpg,30
fairface_10029_0_6_0_val.jpg,35
fairface_7260_1_1_0_val.jpg,34
fairface_9204_2_3_0_val.jpg,34
fairface_3991_0_3_1_val.jpg,38
fairface_2442_3_6_0_val.jpg,26
fairface_1876_6_5_1_val.jpg,33
fairface_5040_5_4_0_val.jpg,32
fairface_439_2_5_1_val.jpg,33
fairface_6075_0_4_1_val.jpg,32
fairface_10075_5_4_1_val.jpg,31
fairface_4096_3_1_1_val.jpg,33
fairface_664_3_3_1_val.jpg,45
fairface_8735_6_1_1_val.jpg,32
fairface_3568_4_4_0_val.jpg,29
fairface_456_2_3_0_val.jpg,29
fairface_208_2_4_1_val.jpg,28
fairface_5186_2_6_0_val.jpg,23
fairface_8144_3_4_0_val.jpg,32
fairface_8959_3_4_0_val.jpg,28
fairface_8248_6_5_0_val.jpg,28
fairface_8027_0_1_0_val.jpg,25
fairface_8318_0_4_1_val.jpg,32
fairface_3745_1_5_1_val.jpg,36
fairface_7205_3_4_1_val.jpg,30
fairface_3278_3_6_0_val.jpg,30
fairface_468_4_1_0_val.jpg,34
fairface_2199_4_2_0_val.jpg,33
fairface_1832_3_3_0_val.jpg,30
fairface_10495_1_5_1_val.jpg,33
fairface_10320_1_6_0_val.jpg,25
fairface_8943_0_1_0_val.jpg,30
fairface_9675_2_4_1_val.jpg,33
fairface_7356_2_3_1_val.jpg,38
fairface_8274_5_3_1_val.jpg,24
fairface_7341_3_3_1_val.jpg,33
fairface_4144_4_4_0_val.jpg,38
fairface_5785_0_3_1_val.jpg,32
fairface_10735_2_4_0_val.jpg,28
fairface_317_3_5_0_val.jpg,44
fairface_2207_6_5_0_val.jpg,31
fairface_9878_3_4_1_val.jpg,37
fairface_19_6_6_0_val.jpg,47
fairface_6181_4_3_0_val.jpg,26
fairface_3918_6_4_1_val.jpg,35
fairface_8310_5_6_1_val.jpg,33
fairface_9893_6_3_1_val.jpg,30
fairface_9430_2_3_1_val.jpg,26
fairface_3082_0_1_0_val.jpg,22
fairface_2501_3_4_1_val.jpg,33
fairface_7317_6_3_1_val.jpg,30
fairface_1309_5_4_1_val.jpg,29
fairface_957_6_1_1_val.jpg,28
fairface_4801_1_4_0_val.jpg,36
fairface_1744_5_5_0_val.jpg,36
fairface_5260_6_4_0_val.jpg,33
fairface_4510_3_2_1_val.jpg,33
fairface_6894_5_4_1_val.jpg,31
fairface_5765_4_4_1_val.jpg,25
fairface_3119_1_4_1_val.jpg,32
fairface_5695_3_5_0_val.jpg,34
fairface_466_1_3_1_val.jpg,28
fairface_917_3_3_1_val.jpg,30
fairface_7342_1_1_0_val.jpg,31
fairface_2635_5_4_1_val.jpg,38
fairface_8421_0_1_1_val.jpg,31
fairface_4115_4_3_0_val.jpg,28
fairface_8391_4_5_0_val.jpg,29
fairface_324_0_4_1_val.jpg,32
fairface_9276_3_5_0_val.jpg,31
fairface_8555_3_3_1_val.jpg,33
fairface_3519_0_1_0_val.jpg,18
fairface_9904_2_3_0_val.jpg,28
fairface_8612_0_4_0_val.jpg,26
fairface_2111_0_0_0_val.jpg,25
fairface_5080_6_4_1_val.jpg,30
fairface_1795_2_6_1_val.jpg,30
fairface_9754_0_4_0_val.jpg,29
fairface_8679_2_4_1_val.jpg,33
fairface_4580_3_5_1_val.jpg,27
fairface_7403_3_4_1_val.jpg,29
fairface_427_6_3_0_val.jpg,28
fairface_10036_6_4_0_val.jpg,27
fairface_3222_3_5_0_val.jpg,26
fairface_5147_3_0_1_val.jpg,36
fairface_6658_2_4_1_val.jpg,28
fairface_8833_4_8_1_val.jpg,47
fairface_10922_3_3_0_val.jpg,36
fairface_4045_3_3_1_val.jpg,39
fairface_1111_5_4_0_val.jpg,27
fairface_8017_2_1_0_val.jpg,28
fairface_9135_6_4_0_val.jpg,30
fairface_1425_3_4_1_val.jpg,32
fairface_1733_2_3_1_val.jpg,30
fairface_2149_3_4_0_val.jpg,39
fairface_1374_3_6_1_val.jpg,42
fairface_7583_1_4_0_val.jpg,32
fairface_1779_6_1_0_val.jpg,16
fairface_4509_2_2_0_val.jpg,30
fairface_6085_2_2_0_val.jpg,27
fairface_10865_6_6_1_val.jpg,36
fairface_2000_1_4_0_val.jpg,29
fairface_7085_0_4_1_val.jpg,32
fairface_4633_3_6_0_val.jpg,44
fairface_8435_6_3_1_val.jpg,31
fairface_7971_6_3_1_val.jpg,27
fairface_6453_1_3_0_val.jpg,34
fairface_393_5_1_0_val.jpg,25
fairface_1824_0_3_1_val.jpg,29
fairface_10948_3_5_0_val.jpg,39
fairface_3681_6_4_0_val.jpg,30
fairface_10024_4_3_1_val.jpg,41
fairface_7137_1_5_0_val.jpg,30
fairface_10772_4_4_0_val.jpg,25
fairface_9082_3_4_0_val.jpg,33
fairface_10475_6_3_0_val.jpg,34
fairface_1596_6_5_1_val.jpg,31
fairface_3508_2_2_1_val.jpg,28
fairface_7121_3_3_0_val.jpg,27
fairface_1306_1_4_0_val.jpg,30
fairface_10185_3_2_1_val.jpg,33
fairface_4288_1_4_1_val.jpg,30
fairface_5962_1_3_0_val.jpg,24
fairface_6984_5_4_0_val.jpg,30
fairface_1213_3_3_0_val.jpg,34
fairface_302_3_3_1_val.jpg,31
fairface_9932_1_5_1_val.jpg,27
fairface_8634_2_5_0_val.jpg,46
fairface_6680_1_4_0_val.jpg,29
fairface_9533_3_3_1_val.jpg,36
fairface_8012_5_4_1_val.jpg,34
fairface_4581_2_1_0_val.jpg,25
fairface_1883_1_1_0_val.jpg,27
fairface_7956_6_3_1_val.jpg,32
fairface_4619_2_1_0_val.jpg,28
fairface_1780_2_5_1_val.jpg,48
fairface_3644_6_2_0_val.jpg,25
fairface_4026_5_5_0_val.jpg,43
fairface_101_3_4_0_val.jpg,30
fairface_5295_1_3_0_val.jpg,35
fairface_5440_3_3_0_val.jpg,24
fairface_1160_3_6_0_val.jpg,32
fairface_6550_5_4_1_val.jpg,25
fairface_1496_6_4_1_val.jpg,26
fairface_7051_4_4_0_val.jpg,36
fairface_10947_6_5_0_val.jpg,37
fairface_5303_4_4_0_val.jpg,26
fairface_10654_2_2_1_val.jpg,39
fairface_10598_6_2_0_val.jpg,34
fairface_7747_1_3_1_val.jpg,29
fairface_7346_6_3_1_val.jpg,27
fairface_558_3_4_1_val.jpg,28
fairface_4748_6_3_1_val.jpg,29
fairface_2242_6_3_1_val.jpg,24
fairface_883_6_1_1_val.jpg,25
fairface_9920_5_1_0_val.jpg,32
fairface_9743_2_4_0_val.jpg,32
fairface_5864_3_5_0_val.jpg,37
fairface_9764_5_3_1_val.jpg,32
fairface_2028_6_3_1_val.jpg,33
fairface_6918_1_2_0_val.jpg,35
fairface_1548_5_4_0_val.jpg,26
fairface_1484_2_0_1_val.jpg,28
fairface_8594_5_5_1_val.jpg,34
fairface_5828_3_4_1_val.jpg,38
fairface_8418_0_0_0_val.jpg,35
fairface_8198_5_4_0_val.jpg,29
fairface_8138_2_4_1_val.jpg,34
fairface_9298_0_4_0_val.jpg,33
fairface_4293_0_3_0_val.jpg,30
fairface_4800_6_3_0_val.jpg,37
fairface_5355_0_3_1_val.jpg,30
fairface_2090_5_3_1_val.jpg,32
fairface_5205_3_2_0_val.jpg,32
fairface_8507_0_5_1_val.jpg,24
fairface_5139_2_4_0_val.jpg,26
fairface_9051_0_1_1_val.jpg,29
fairface_10058_5_5_0_val.jpg,40
fairface_4647_2_4_1_val.jpg,30
fairface_715_5_2_0_val.jpg,25
fairface_5571_1_6_1_val.jpg,41
fairface_9705_1_4_1_val.jpg,32
fairface_8348_3_4_0_val.jpg,28
fairface_2668_3_4_1_val.jpg,30
fairface_8314_5_1_0_val.jpg,29
fairface_123_1_0_0_val.jpg,27
fairface_6012_4_3_1_val.jpg,33
fairface_8960_0_3_1_val.jpg,30
fairface_9796_1_3_1_val.jpg,29
fairface_1657_4_1_0_val.jpg,33
fairface_5392_0_4_1_val.jpg,31
fairface_1291_1_2_0_val.jpg,34
fairface_1351_4_6_0_val.jpg,36
fairface_2814_2_3_1_val.jpg,32
fairface_1602_2_3_1_val.jpg,30
fairface_528_6_2_1_val.jpg,33
fairface_6809_0_4_1_val.jpg,33
fairface_4854_6_5_0_val.jpg,33
fairface_9003_5_3_1_val.jpg,27
fairface_1946_1_6_0_val.jpg,29
fairface_10567_6_4_0_val.jpg,29
fairface_7570_3_6_0_val.jpg,32
fairface_5877_5_6_1_val.jpg,39
fairface_10403_2_6_1_val.jpg,34
fairface_398_4_2_1_val.jpg,32
fairface_605_4_3_1_val.jpg,27
fairface_7587_1_3_1_val.jpg,33
fairface_10674_4_6_0_val.jpg,34
fairface_3562_3_4_1_val.jpg,35
fairface_9541_2_2_1_val.jpg,33
fairface_2071_5_0_1_val.jpg,34
fairface_9582_6_3_0_val.jpg,34
fairface_5978_0_5_1_val.jpg,33
fairface_10569_2_4_1_val.jpg,34
fairface_3389_3_6_0_val.jpg,40
fairface_1721_3_2_0_val.jpg,33
fairface_10764_0_5_0_val.jpg,25
fairface_10634_0_3_0_val.jpg,28
fairface_6290_3_5_1_val.jpg,38
fairface_2250_6_1_0_val.jpg,24
fairface_2196_2_2_1_val.jpg,32
fairface_7917_5_1_1_val.jpg,32
fairface_10741_5_3_1_val.jpg,29
fairface_5233_1_2_0_val.jpg,39
fairface_2567_2_2_0_val.jpg,26
fairface_10824_4_1_0_val.jpg,28
fairface_346_6_3_0_val.jpg,30
fairface_6470_0_4_0_val.jpg,37
fairface_2941_0_3_1_val.jpg,29
fairface_4097_2_6_0_val.jpg,34
fairface_9205_0_6_0_val.jpg,44
fairface_8678_6_4_1_val.jpg,28
fairface_10791_5_7_0_val.jpg,33
fairface_7945_0_3_0_val.jpg,28
fairface_2593_6_4_0_val.jpg,25
fairface_2209_4_4_0_val.jpg,34
fairface_10734_2_1_1_val.jpg,27
fairface_10757_4_4_1_val.jpg,36
fairface_6596_2_2_1_val.jpg,27
fairface_3906_6_2_1_val.jpg,36
fairface_7905_3_3_1_val.jpg,29
fairface_1335_1_7_1_val.jpg,29
fairface_3804_2_3_1_val.jpg,23
fairface_2787_2_4_0_val.jpg,31
fairface_4080_6_2_0_val.jpg,29
fairface_1950_0_3_1_val.jpg,24
fairface_3587_1_3_0_val.jpg,27
fairface_3312_3_4_0_val.jpg,29
fairface_9238_0_3_1_val.jpg,38
fairface_6463_2_5_1_val.jpg,39
fairface_8616_4_3_1_val.jpg,31
fairface_7390_0_3_1_val.jpg,32
fairface_5267_3_3_0_val.jpg,42
fairface_2885_1_3_0_val.jpg,36
fairface_2724_4_4_0_val.jpg,30
fairface_7127_3_3_0_val.jpg,36
fairface_7735_4_5_0_val.jpg,44
fairface_8400_3_5_1_val.jpg,35
fairface_7073_2_5_1_val.jpg,36
fairface_9818_6_2_1_val.jpg,30
fairface_6151_4_3_0_val.jpg,30
fairface_10748_4_1_0_val.jpg,30
fairface_1923_5_1_1_val.jpg,30
fairface_6671_1_4_1_val.jpg,37
fairface_10179_3_3_1_val.jpg,27
fairface_2680_2_1_0_val.jpg,26
fairface_487_2_4_1_val.jpg,32
fairface_5489_0_4_1_val.jpg,31
fairface_10521_2_3_0_val.jpg,30
fairface_2148_1_2_1_val.jpg,30
fairface_9750_3_4_0_val.jpg,30
fairface_7884_0_3_0_val.jpg,30
fairface_5228_4_6_0_val.jpg,30
fairface_9065_1_4_1_val.jpg,34
fairface_10723_1_5_0_val.jpg,29
fairface_8689_5_1_0_val.jpg,26
fairface_6360_3_2_1_val.jpg,28
fairface_2940_3_4_1_val.jpg,29
fairface_4936_0_3_0_val.jpg,34
fairface_2651_2_3_1_val.jpg,31
fairface_3870_5_5_1_val.jpg,39
fairface_3629_0_3_1_val.jpg,24
fairface_7572_2_5_1_val.jpg,34
fairface_713_2_7_1_val.jpg,54
fairface_825_0_5_0_val.jpg,37
fairface_7999_0_3_0_val.jpg,27
fairface_3909_5_4_1_val.jpg,37
fairface_9024_5_3_1_val.jpg,32
fairface_8188_1_3_0_val.jpg,36
fairface_10928_1_3_1_val.jpg,30
fairface_2260_2_3_1_val.jpg,30
fairface_4407_2_4_1_val.jpg,29
fairface_6438_3_3_1_val.jpg,38
fairface_3660_3_3_0_val.jpg,42
fairface_580_0_1_0_val.jpg,31
fairface_1113_5_3_1_val.jpg,34
fairface_5135_1_1_0_val.jpg,25
fairface_5189_2_2_1_val.jpg,29
fairface_3147_5_4_0_val.jpg,30
fairface_4999_5_4_1_val.jpg,33
fairface_1514_3_3_1_val.jpg,26
fairface_3274_2_5_0_val.jpg,29
fairface_6874_3_0_0_val.jpg,28
fairface_965_1_5_0_val.jpg,31
fairface_3676_4_6_0_val.jpg,33
fairface_2245_3_2_1_val.jpg,31
fairface_3128_3_2_0_val.jpg,28
fairface_7996_1_4_0_val.jpg,33
fairface_4924_5_3_0_val.jpg,29
fairface_6158_2_2_1_val.jpg,33
fairface_2237_2_3_0_val.jpg,35
fairface_9769_5_1_1_val.jpg,29
fairface_4014_4_3_1_val.jpg,29
fairface_931_3_4_1_val.jpg,41
fairface_1681_0_2_1_val.jpg,31
fairface_5593_0_2_1_val.jpg,34
fairface_203_0_3_1_val.jpg,32
fairface_2909_5_3_1_val.jpg,38
fairface_7244_4_5_0_val.jpg,42
fairface_7698_5_1_1_val.jpg,25
fairface_813_3_4_0_val.jpg,47
fairface_788_1_5_0_val.jpg,37
fairface_8884_0_1_0_val.jpg,29
fairface_6848_5_3_0_val.jpg,23
fairface_2908_2_1_0_val.jpg,26
fairface_4815_1_1_1_val.jpg,32
fairface_10380_0_3_1_val.jpg,29
fairface_8763_5_3_1_val.jpg,25
fairface_1212_0_3_1_val.jpg,41
fairface_5507_0_4_0_val.jpg,27
fairface_8521_6_4_0_val.jpg,28
fairface_8870_2_2_1_val.jpg,36
fairface_5561_1_2_1_val.jpg,28
fairface_1255_1_3_1_val.jpg,32
fairface_5557_0_5_1_val.jpg,30
fairface_8049_6_2_0_val.jpg,27
fairface_4648_0_3_0_val.jpg,31
fairface_7542_4_4_0_val.jpg,32
fairface_6357_6_1_1_val.jpg,27
fairface_4429_1_3_1_val.jpg,32
fairface_1644_1_3_1_val.jpg,29
fairface_5838_2_3_0_val.jpg,30
fairface_10115_5_3_1_val.jpg,29
fairface_7319_3_4_0_val.jpg,44
fairface_5643_4_4_0_val.jpg,30
fairface_2377_2_5_0_val.jpg,49
fairface_5160_1_2_0_val.jpg,25
fairface_1515_4_6_0_val.jpg,34
fairface_9230_2_4_1_val.jpg,31
fairface_8460_4_4_1_val.jpg,33
fairface_5519_3_4_1_val.jpg,33
fairface_10872_5_4_0_val.jpg,28
fairface_4810_1_4_1_val.jpg,25
fairface_10427_3_2_0_val.jpg,30
fairface_9525_0_3_1_val.jpg,29
fairface_3534_6_4_1_val.jpg,28
fairface_10504_6_3_0_val.jpg,30
fairface_6302_3_0_0_val.jpg,34
fairface_2541_5_1_1_val.jpg,27
fairface_5314_0_4_1_val.jpg,41
fairface_9105_1_3_1_val.jpg,30
fairface_6660_6_4_0_val.jpg,23
fairface_10664_3_1_1_val.jpg,31
fairface_1640_4_1_0_val.jpg,24
fairface_6405_6_1_1_val.jpg,27
fairface_4457_6_4_0_val.jpg,30
fairface_8357_5_4_0_val.jpg,39
fairface_2802_2_2_1_val.jpg,25
fairface_3169_5_2_0_val.jpg,32
fairface_2362_3_3_0_val.jpg,36
fairface_3550_6_2_1_val.jpg,32
fairface_3353_3_3_1_val.jpg,39
fairface_7485_2_3_1_val.jpg,29
fairface_542_3_4_0_val.jpg,32
fairface_4569_2_2_1_val.jpg,30
fairface_4659_2_4_0_val.jpg,27
fairface_1499_0_3_1_val.jpg,28
fairface_2973_1_4_1_val.jpg,29
fairface_1238_0_4_1_val.jpg,33
fairface_3352_0_3_0_val.jpg,28
fairface_9889_3_2_1_val.jpg,28
fairface_7237_5_5_1_val.jpg,26
fairface_9959_3_4_1_val.jpg,30
fairface_429_5_3_1_val.jpg,31
fairface_8794_5_4_1_val.jpg,41
fairface_7240_3_4_0_val.jpg,32
fairface_0_0_6_0_val.jpg,39
fairface_5068_6_2_1_val.jpg,33
fairface_10327_1_4_0_val.jpg,43
fairface_124_3_5_0_val.jpg,39
fairface_2953_0_1_1_val.jpg,20
fairface_1993_3_7_0_val.jpg,50
fairface_8797_3_3_1_val.jpg,30
fairface_10578_4_3_0_val.jpg,33
fairface_10697_2_1_0_val.jpg,36
fairface_868_1_5_1_val.jpg,34
fairface_1007_1_3_1_val.jpg,29
fairface_4272_2_3_1_val.jpg,30
fairface_2208_1_1_0_val.jpg,29
fairface_10944_6_3_1_val.jpg,30
fairface_7523_5_5_1_val.jpg,33
fairface_149_5_3_0_val.jpg,30
fairface_2484_0_3_1_val.jpg,39
fairface_4541_3_1_1_val.jpg,25
fairface_8633_3_3_1_val.jpg,30
fairface_9890_3_3_0_val.jpg,31
fairface_3408_1_4_0_val.jpg,32
fairface_980_2_1_1_val.jpg,27
fairface_6172_4_4_0_val.jpg,26
fairface_2529_3_3_1_val.jpg,36
fairface_5970_3_4_1_val.jpg,36
fairface_3277_2_4_0_val.jpg,37
fairface_7832_0_3_0_val.jpg,30
fairface_8952_1_1_0_val.jpg,26
fairface_3363_5_7_0_val.jpg,35
fairface_945_2_1_0_val.jpg,24
fairface_2604_2_5_1_val.jpg,28
fairface_2251_6_7_0_val.jpg,33
fairface_4170_5_1_0_val.jpg,24
fairface_395_3_3_1_val.jpg,33
fairface_2657_5_1_1_val.jpg,38
fairface_6442_4_2_0_val.jpg,33
fairface_5749_0_3_1_val.jpg,28
fairface_1646_1_0_0_val.jpg,32
fairface_5577_5_3_1_val.jpg,27
fairface_6526_0_1_0_val.jpg,35
fairface_1148_2_1_0_val.jpg,29
fairface_8036_5_3_0_val.jpg,26
fairface_5015_0_7_0_val.jpg,35
fairface_296_6_4_1_val.jpg,36
fairface_8026_3_3_0_val.jpg,32
fairface_3042_4_4_0_val.jpg,25
fairface_41_2_2_1_val.jpg,26
fairface_1206_4_7_0_val.jpg,44
fairface_5687_0_4_1_val.jpg,38
fairface_1059_5_4_0_val.jpg,24
fairface_1688_4_4_0_val.jpg,27
fairface_2403_5_3_1_val.jpg,33
fairface_7846_3_0_0_val.jpg,28
fairface_8178_3_6_0_val.jpg,34
fairface_1939_2_1_0_val.jpg,27
fairface_1808_2_4_1_val.jpg,32
fairface_10184_1_4_1_val.jpg,26
fairface_3515_5_3_0_val.jpg,28
fairface_3497_0_3_1_val.jpg,38
fairface_7176_6_1_1_val.jpg,26
fairface_55_3_4_0_val.jpg,35
fairface_9679_2_4_0_val.jpg,34
fairface_7357_3_6_1_val.jpg,36
fairface_7003_0_3_1_val.jpg,31
fairface_4908_5_3_0_val.jpg,31
fairface_7047_1_3_1_val.jpg,33
fairface_6850_0_3_0_val.jpg,29
fairface_4410_3_4_0_val.jpg,29
fairface_2771_3_5_0_val.jpg,34
fairface_877_2_1_0_val.jpg,29
fairface_8914_0_3_0_val.jpg,30
fairface_7196_5_4_0_val.jpg,24
fairface_4674_5_1_0_val.jpg,28
fairface_1318_5_2_1_val.jpg,24
fairface_7902_3_6_0_val.jpg,49
fairface_1342_3_3_1_val.jpg,32
fairface_5101_0_3_1_val.jpg,44
fairface_3142_0_4_0_val.jpg,30
fairface_2487_4_7_0_val.jpg,47
fairface_6469_3_3_1_val.jpg,34
fairface_2418_4_4_0_val.jpg,32
fairface_9897_5_2_0_val.jpg,23
fairface_9446_5_6_0_val.jpg,37
fairface_8664_2_5_1_val.jpg,39
fairface_10018_5_5_0_val.jpg,45
fairface_7600_5_2_0_val.jpg,30
fairface_7126_2_4_0_val.jpg,31
fairface_5206_6_2_1_val.jpg,28
fairface_4568_4_5_0_val.jpg,39
fairface_3001_5_5_0_val.jpg,35
fairface_10347_0_3_0_val.jpg,34
fairface_9952_3_5_0_val.jpg,27
fairface_5690_1_4_1_val.jpg,45
fairface_3719_0_4_0_val.jpg,29
fairface_4367_0_3_0_val.jpg,29
fairface_10805_1_4_1_val.jpg,26
fairface_5411_1_4_0_val.jpg,40
fairface_9710_4_4_0_val.jpg,30
fairface_10011_4_2_0_val.jpg,30
fairface_1088_5_3_0_val.jpg,27
fairface_1011_2_4_1_val.jpg,30
fairface_8533_6_3_0_val.jpg,28
fairface_10072_3_5_0_val.jpg,31
fairface_9628_5_5_1_val.jpg,30
fairface_2855_3_3_0_val.jpg,26
fairface_6942_2_4_1_val.jpg,32
fairface_9566_2_2_1_val.jpg,31
fairface_9245_5_6_0_val.jpg,43
fairface_10513_3_7_0_val.jpg,33
fairface_2098_3_6_0_val.jpg,50
fairface_2376_4_5_1_val.jpg,31
fairface_5588_3_1_1_val.jpg,25
fairface_8547_5_5_1_val.jpg,42
fairface_2331_4_7_1_val.jpg,33
fairface_109_3_4_0_val.jpg,27
fairface_8893_2_4_0_val.jpg,42
fairface_5915_1_2_1_val.jpg,31
fairface_5973_2_0_0_val.jpg,30
fairface_2448_3_6_0_val.jpg,42
fairface_8084_4_7_0_val.jpg,23
fairface_8240_3_4_0_val.jpg,26
fairface_7083_5_5_0_val.jpg,36
fairface_8926_0_4_1_val.jpg,31
fairface_3269_4_3_1_val.jpg,34
fairface_4712_4_4_0_val.jpg,27
fairface_3793_6_2_0_val.jpg,32
fairface_5274_3_5_0_val.jpg,30
fairface_7286_6_3_0_val.jpg,24
fairface_4965_4_5_0_val.jpg,42
fairface_6743_3_5_0_val.jpg,39
fairface_2088_1_4_0_val.jpg,34
fairface_10686_0_3_1_val.jpg,39
fairface_1254_3_5_0_val.jpg,48
fairface_7035_2_4_1_val.jpg,34
fairface_6725_3_5_0_val.jpg,32
fairface_1683_1_4_0_val.jpg,31
fairface_7217_2_1_0_val.jpg,26
fairface_7012_5_4_1_val.jpg,27
fairface_6197_3_2_0_val.jpg,25
fairface_8872_3_4_1_val.jpg,35
fairface_9586_5_1_1_val.jpg,31
fairface_6373_4_5_0_val.jpg,31
fairface_5989_3_3_0_val.jpg,36
fairface_1008_0_0_1_val.jpg,21
fairface_8035_1_5_0_val.jpg,25
fairface_7152_5_2_1_val.jpg,31
fairface_3526_3_5_0_val.jpg,42
fairface_9084_5_3_1_val.jpg,26
fairface_1881_4_5_1_val.jpg,33
fairface_8953_5_3_0_val.jpg,32
fairface_5715_4_4_1_val.jpg,29
fairface_8963_0_5_0_val.jpg,28
fairface_9250_5_3_1_val.jpg,31
fairface_10278_0_5_1_val.jpg,33
fairface_8025_0_4_1_val.jpg,28
fairface_3216_0_1_1_val.jpg,36
fairface_4777_5_5_1_val.jpg,44
fairface_8237_3_5_0_val.jpg,40
fairface_2798_0_3_1_val.jpg,30
fairface_6509_5_1_1_val.jpg,39
fairface_2875_3_4_1_val.jpg,40
fairface_8898_2_3_0_val.jpg,24
fairface_1655_4_2_1_val.jpg,27
fairface_6804_2_2_1_val.jpg,27
fairface_3884_3_7_0_val.jpg,32
fairface_3964_6_4_1_val.jpg,26
fairface_10125_2_5_1_val.jpg,35
fairface_5511_6_1_1_val.jpg,29
fairface_548_5_4_0_val.jpg,28
fairface_1360_4_4_0_val.jpg,29
fairface_4652_1_4_0_val.jpg,43
fairface_7661_0_4_1_val.jpg,31
fairface_441_5_3_1_val.jpg,32
fairface_9561_6_3_0_val.jpg,32
fairface_6138_3_4_0_val.jpg,24
fairface_9228_3_5_1_val.jpg,38
fairface_3375_3_2_1_val.jpg,29
fairface_4090_2_1_0_val.jpg,27
fairface_5031_3_4_1_val.jpg,35
fairface_5955_5_3_0_val.jpg,29
fairface_8519_5_3_0_val.jpg,31
fairface_3965_1_1_0_val.jpg,28
fairface_7733_4_4_0_val.jpg,33
fairface_7773_0_3_1_val.jpg,32
fairface_9942_3_3_1_val.jpg,34
fairface_9108_3_3_1_val.jpg,24
fairface_1444_3_4_0_val.jpg,27
fairface_3985_3_5_0_val.jpg,26
fairface_8799_3_4_0_val.jpg,36
fairface_9994_5_3_1_val.jpg,39
fairface_4710_3_4_0_val.jpg,33
fairface_9004_0_3_1_val.jpg,32
fairface_1785_3_6_0_val.jpg,39
fairface_10597_5_1_1_val.jpg,26
fairface_1236_4_4_0_val.jpg,29
fairface_9884_2_4_1_val.jpg,28
fairface_86_2_3_0_val.jpg,29
fairface_10271_0_3_1_val.jpg,28
fairface_7648_1_3_1_val.jpg,31
fairface_1386_2_5_1_val.jpg,33
fairface_6019_5_3_1_val.jpg,29
fairface_1358_4_4_1_val.jpg,28
fairface_6073_3_3_0_val.jpg,30
fairface_8150_3_4_1_val.jpg,34
fairface_2746_5_3_1_val.jpg,33
fairface_6975_1_3_1_val.jpg,35
fairface_6184_3_8_1_val.jpg,48
fairface_6590_1_2_1_val.jpg,32
fairface_2046_6_3_0_val.jpg,32
fairface_4264_3_6_0_val.jpg,40
fairface_5685_0_4_0_val.jpg,29
fairface_671_3_4_0_val.jpg,36
fairface_1689_0_4_1_val.jpg,33
fairface_5293_1_4_0_val.jpg,43
fairface_3419_4_4_0_val.jpg,30
fairface_1441_3_3_0_val.jpg,39
fairface_8330_4_2_1_val.jpg,36
fairface_2337_5_3_0_val.jpg,35
fairface_7800_4_5_0_val.jpg,33
fairface_8658_0_1_1_val.jpg,35
fairface_7361_0_2_1_val.jpg,28
fairface_5456_3_3_0_val.jpg,28
fairface_10171_5_3_1_val.jpg,24
fairface_4134_5_3_1_val.jpg,30
fairface_2005_3_3_1_val.jpg,32
fairface_3434_5_5_0_val.jpg,46
fairface_10510_4_5_0_val.jpg,38
fairface_3447_0_0_1_val.jpg,31
fairface_1877_3_5_0_val.jpg,33
fairface_10845_1_4_0_val.jpg,36
fairface_3228_6_1_1_val.jpg,37
fairface_5525_1_5_0_val.jpg,45
fairface_8287_1_4_0_val.jpg,28
fairface_5744_0_4_0_val.jpg,34
fairface_7928_3_3_0_val.jpg,27
fairface_7444_4_4_0_val.jpg,39
fairface_2946_3_5_1_val.jpg,35
fairface_7082_6_3_1_val.jpg,29
fairface_1053_1_3_1_val.jpg,27
fairface_2581_1_1_1_val.jpg,26
fairface_10509_1_2_1_val.jpg,26
fairface_9184_3_7_0_val.jpg,47
fairface_474_3_3_1_val.jpg,29
fairface_4152_3_3_1_val.jpg,32
fairface_10630_4_5_0_val.jpg,36
fairface_4013_0_4_1_val.jpg,36
fairface_8922_3_1_1_val.jpg,32
fairface_2025_3_4_0_val.jpg,36
fairface_4129_0_2_1_val.jpg,32
fairface_7447_3_3_0_val.jpg,29
fairface_10055_2_4_1_val.jpg,29
fairface_6374_1_6_0_val.jpg,27
fairface_6906_4_4_1_val.jpg,32
fairface_5075_2_2_1_val.jpg,23
fairface_9720_5_1_0_val.jpg,30
fairface_3983_3_3_1_val.jpg,30
fairface_7639_4_6_0_val.jpg,30
fairface_7430_1_3_1_val.jpg,39
fairface_1933_6_5_1_val.jpg,48
fairface_490_4_3_0_val.jpg,39
fairface_5413_5_3_1_val.jpg,30
fairface_8933_2_3_0_val.jpg,34
fairface_4327_0_3_1_val.jpg,31
fairface_7653_2_5_1_val.jpg,31
fairface_9032_0_3_0_val.jpg,30
fairface_8539_5_1_0_val.jpg,28
fairface_1787_2_3_1_val.jpg,30
fairface_9826_2_3_0_val.jpg,32
fairface_6817_0_3_0_val.jpg,23
fairface_8839_0_3_1_val.jpg,27
fairface_7142_0_3_1_val.jpg,29
fairface_628_6_4_1_val.jpg,33
fairface_744_6_3_1_val.jpg,31
fairface_5937_4_2_1_val.jpg,30
fairface_9073_2_4_0_val.jpg,34
fairface_4522_2_3_0_val.jpg,32
fairface_5899_2_4_0_val.jpg,39
fairface_5313_3_5_0_val.jpg,39
fairface_6872_2_3_0_val.jpg,35
fairface_2019_3_3_0_val.jpg,33
fairface_956_5_4_1_val.jpg,25
fairface_7304_5_6_0_val.jpg,46
fairface_2494_3_2_1_val.jpg,30
fairface_6451_1_2_0_val.jpg,30
fairface_9352_5_3_1_val.jpg,31
fairface_3059_4_4_0_val.jpg,26
fairface_8937_2_4_1_val.jpg,26
fairface_8173_1_5_1_val.jpg,29
fairface_3989_3_4_0_val.jpg,33
fairface_4993_0_1_1_val.jpg,33
fairface_5062_3_2_0_val.jpg,28
fairface_294_5_4_0_val.jpg,27
fairface_7115_4_2_0_val.jpg,27
fairface_2298_3_0_0_val.jpg,26
fairface_10131_2_2_1_val.jpg,33
fairface_9976_6_5_0_val.jpg,41
fairface_9793_2_4_1_val.jpg,30
fairface_4336_0_1_1_val.jpg,28
fairface_6620_0_7_0_val.jpg,26
fairface_1022_5_4_1_val.jpg,29
fairface_4626_2_4_1_val.jpg,34
fairface_10722_0_3_0_val.jpg,31
fairface_4559_2_1_0_val.jpg,26
fairface_644_2_3_1_val.jpg,29
fairface_4440_6_6_0_val.jpg,30
fairface_104_0_6_0_val.jpg,26
fairface_6097_4_5_0_val.jpg,36
fairface_1062_5_3_1_val.jpg,34
fairface_9602_5_1_0_val.jpg,26
fairface_7418_2_1_1_val.jpg,24
fairface_7353_5_4_0_val.jpg,36
fairface_2110_2_1_0_val.jpg,28
fairface_6650_3_4_0_val.jpg,36
fairface_6448_3_3_0_val.jpg,25
fairface_30_2_5_1_val.jpg,40
fairface_3621_5_3_1_val.jpg,34
fairface_3736_4_3_1_val.jpg,30
fairface_2258_3_4_1_val.jpg,33
fairface_7441_0_3_0_val.jpg,26
fairface_7109_4_4_1_val.jpg,25
fairface_10945_3_4_0_val.jpg,29
fairface_6742_1_3_1_val.jpg,33
fairface_1741_0_3_1_val.jpg,30
fairface_1266_2_2_0_val.jpg,28
fairface_5369_6_3_0_val.jpg,25
fairface_5403_5_5_0_val.jpg,45
fairface_8244_3_3_1_val.jpg,26
fairface_7729_0_3_1_val.jpg,26
fairface_5499_6_4_0_val.jpg,33
fairface_7322_1_2_1_val.jpg,27
fairface_5775_2_4_1_val.jpg,34
fairface_9661_1_6_0_val.jpg,41
fairface_6700_2_3_1_val.jpg,31
fairface_10356_0_3_0_val.jpg,38
fairface_3705_2_1_1_val.jpg,28
fairface_1641_2_3_0_val.jpg,29
fairface_9886_3_3_1_val.jpg,30
fairface_6626_2_3_1_val.jpg,32
fairface_10867_0_3_1_val.jpg,35
fairface_4421_1_4_0_val.jpg,28
fairface_2673_3_2_1_val.jpg,34
fairface_2358_1_4_1_val.jpg,42
fairface_4374_5_6_1_val.jpg,25
fairface_5631_6_5_0_val.jpg,45
fairface_8929_5_6_0_val.jpg,36
fairface_1909_0_3_1_val.jpg,22
fairface_4319_3_2_1_val.jpg,28
fairface_230_6_4_0_val.jpg,30
fairface_742_3_5_0_val.jpg,43
fairface_6962_1_4_0_val.jpg,31
fairface_10265_5_5_1_val.jpg,36
fairface_6765_6_8_1_val.jpg,47
fairface_164_6_6_1_val.jpg,34
fairface_10106_6_4_0_val.jpg,28
fairface_4990_6_5_1_val.jpg,36
fairface_9821_6_2_0_val.jpg,34
fairface_3863_2_3_1_val.jpg,32
fairface_1179_6_2_1_val.jpg,27
fairface_9475_5_5_1_val.jpg,31
fairface_3703_3_3_1_val.jpg,39
fairface_170_3_4_1_val.jpg,37
fairface_4840_2_4_1_val.jpg,30
fairface_7728_3_3_0_val.jpg,31
fairface_9836_2_2_1_val.jpg,25
fairface_2158_1_7_1_val.jpg,30
fairface_7821_2_4_0_val.jpg,36
fairface_9400_2_1_0_val.jpg,29
fairface_1140_0_4_1_val.jpg,32
fairface_5752_4_1_0_val.jpg,26
fairface_9014_1_4_1_val.jpg,29
fairface_8252_4_4_1_val.jpg,27
fairface_8693_3_5_1_val.jpg,41
fairface_6312_3_4_0_val.jpg,31
fairface_3009_4_4_0_val.jpg,35
fairface_6161_5_1_0_val.jpg,30
fairface_5847_4_0_0_val.jpg,16
fairface_10446_3_5_0_val.jpg,34
fairface_4227_0_1_1_val.jpg,34
fairface_4590_5_2_1_val.jpg,27
fairface_9410_5_1_0_val.jpg,25
fairface_5617_3_4_1_val.jpg,36
fairface_7977_2_4_1_val.jpg,31
fairface_3393_5_5_1_val.jpg,33
fairface_7146_1_5_0_val.jpg,45
fairface_7340_0_3_1_val.jpg,32
fairface_4418_6_5_0_val.jpg,28
fairface_1006_2_4_1_val.jpg,39
fairface_6973_0_5_1_val.jpg,34
fairface_1100_5_3_0_val.jpg,28
fairface_10162_6_2_0_val.jpg,26
fairface_10711_4_4_0_val.jpg,30
fairface_288_2_4_1_val.jpg,38
fairface_7961_6_6_0_val.jpg,44
fairface_2317_2_3_0_val.jpg,27
fairface_7815_2_4_1_val.jpg,34
fairface_1475_2_4_0_val.jpg,27
fairface_1854_0_7_0_val.jpg,43
fairface_4715_1_5_0_val.jpg,41
fairface_5965_2_3_1_val.jpg,32
fairface_3203_5_4_0_val.jpg,27
fairface_3056_5_4_1_val.jpg,39
fairface_10449_5_3_1_val.jpg,27
fairface_6322_4_3_0_val.jpg,33
fairface_5868_3_3_0_val.jpg,35
fairface_8472_4_3_0_val.jpg,25
fairface_3051_4_5_1_val.jpg,27
fairface_5218_1_4_0_val.jpg,41
fairface_2117_1_5_1_val.jpg,32
fairface_5665_5_7_0_val.jpg,34
fairface_3212_2_2_0_val.jpg,25
fairface_5271_3_4_1_val.jpg,33
fairface_1181_3_4_0_val.jpg,39
fairface_5468_6_8_1_val.jpg,44
fairface_2935_0_2_1_val.jpg,25
fairface_9898_5_4_1_val.jpg,43
fairface_7893_1_8_1_val.jpg,54
fairface_8852_1_2_1_val.jpg,29
fairface_6037_0_6_1_val.jpg,35
fairface_6430_5_3_0_val.jpg,30
fairface_9243_5_0_1_val.jpg,28
fairface_4848_3_6_1_val.jpg,36
fairface_725_3_1_0_val.jpg,33
fairface_9011_6_5_0_val.jpg,31
fairface_5488_6_1_1_val.jpg,35
fairface_820_2_5_0_val.jpg,43
fairface_850_2_3_0_val.jpg,30
fairface_1060_0_5_0_val.jpg,31
fairface_6525_1_1_0_val.jpg,24
fairface_3349_2_3_0_val.jpg,33
fairface_5444_3_1_1_val.jpg,34
fairface_10068_2_2_0_val.jpg,31
fairface_4742_2_1_0_val.jpg,28
fairface_9179_0_3_1_val.jpg,32
fairface_6536_1_7_1_val.jpg,45
fairface_10447_5_2_1_val.jpg,34
fairface_1618_3_1_1_val.jpg,37
fairface_4438_3_1_0_val.jpg,29
fairface_2395_0_3_1_val.jpg,32
fairface_2756_1_2_0_val.jpg,27
fairface_3466_5_5_0_val.jpg,30
fairface_7553_1_7_0_val.jpg,46
fairface_1901_3_6_0_val.jpg,47
fairface_5317_6_3_0_val.jpg,34
fairface_9499_6_1_0_val.jpg,25
fairface_5701_0_1_0_val.jpg,29
fairface_4596_6_4_0_val.jpg,28
fairface_9370_3_4_0_val.jpg,33
fairface_6735_5_7_0_val.jpg,38
fairface_651_3_4_1_val.jpg,28
fairface_10366_2_5_0_val.jpg,30
fairface_5791_4_2_1_val.jpg,31
fairface_3520_1_4_1_val.jpg,35
fairface_1882_5_5_0_val.jpg,41
fairface_7738_4_4_1_val.jpg,32
fairface_10220_5_1_1_val.jpg,21
fairface_6137_5_3_0_val.jpg,34
fairface_138_0_4_1_val.jpg,28
fairface_3011_3_2_1_val.jpg,28
fairface_3149_5_2_1_val.jpg,32
fairface_811_4_5_0_val.jpg,41
fairface_8917_3_5_0_val.jpg,32
fairface_1728_3_3_0_val.jpg,24
fairface_6662_4_5_1_val.jpg,28
fairface_7032_6_2_0_val.jpg,29
fairface_9552_0_1_0_val.jpg,26
fairface_566_1_6_1_val.jpg,38
fairface_1436_1_2_1_val.jpg,28
fairface_5197_1_3_0_val.jpg,34
fairface_4433_3_3_1_val.jpg,30
fairface_3872_1_1_0_val.jpg,26
fairface_5833_6_1_1_val.jpg,30
fairface_4083_4_4_0_val.jpg,33
fairface_5779_2_5_0_val.jpg,28
fairface_979_5_3_1_val.jpg,35
fairface_3473_3_8_0_val.jpg,29
fairface_1287_1_3_1_val.jpg,32
fairface_1296_0_3_1_val.jpg,31
fairface_673_6_1_0_val.jpg,26
fairface_228_5_4_0_val.jpg,32
fairface_1092_1_2_1_val.jpg,28
fairface_7355_5_6_0_val.jpg,47
fairface_10433_3_3_1_val.jpg,32
fairface_9435_1_4_0_val.jpg,25
fairface_4566_5_3_1_val.jpg,32
fairface_9272_3_6_0_val.jpg,42
fairface_5399_0_3_0_val.jpg,32
fairface_5956_3_0_1_val.jpg,23
fairface_5400_2_3_0_val.jpg,29
fairface_321_3_3_1_val.jpg,32
fairface_2857_1_3_0_val.jpg,28
fairface_8292_2_3_0_val.jpg,27
fairface_5030_1_3_0_val.jpg,33
fairface_822_3_2_1_val.jpg,34
fairface_10283_4_5_0_val.jpg,28
fairface_1418_0_4_0_val.jpg,29
fairface_342_1_3_0_val.jpg,42
fairface_2783_5_3_1_val.jpg,26
fairface_1553_5_6_0_val.jpg,37
fairface_7582_3_4_1_val.jpg,34
fairface_7001_3_4_1_val.jpg,33
fairface_9565_3_5_1_val.jpg,31
fairface_9456_6_3_1_val.jpg,32
fairface_4826_5_2_0_val.jpg,29
fairface_3733_5_3_1_val.jpg,39
fairface_10808_4_0_1_val.jpg,33
fairface_499_6_5_0_val.jpg,31
fairface_823_3_6_0_val.jpg,46
fairface_8387_1_0_0_val.jpg,27
fairface_328_0_4_0_val.jpg,29
fairface_8941_2_2_0_val.jpg,24
fairface_3634_1_4_1_val.jpg,40
fairface_4228_5_5_1_val.jpg,33
fairface_4304_4_1_0_val.jpg,30
fairface_4837_3_3_1_val.jpg,31
fairface_10666_2_1_0_val.jpg,31
fairface_6511_4_3_0_val.jpg,31
fairface_9629_1_4_0_val.jpg,26
fairface_7045_0_6_0_val.jpg,29
fairface_8096_3_2_0_val.jpg,35
fairface_6708_1_1_0_val.jpg,34
fairface_6236_3_3_1_val.jpg,33
fairface_6156_1_6_0_val.jpg,50
fairface_6888_0_1_1_val.jpg,24
fairface_2144_2_4_0_val.jpg,24
fairface_2849_3_3_1_val.jpg,32
fairface_10022_0_0_1_val.jpg,32
fairface_1366_4_1_0_val.jpg,31
fairface_7336_1_3_1_val.jpg,32
fairface_3915_3_4_0_val.jpg,36
fairface_9097_3_1_1_val.jpg,14
fairface_6816_6_1_0_val.jpg,33
fairface_9585_6_3_0_val.jpg,27
fairface_7263_3_2_0_val.jpg,30
fairface_810_5_7_1_val.jpg,42
fairface_4495_6_2_0_val.jpg,25
fairface_9857_3_3_1_val.jpg,32
fairface_1347_1_3_1_val.jpg,32
fairface_70_1_7_1_val.jpg,40
fairface_9820_3_4_0_val.jpg,31
fairface_2082_1_7_1_val.jpg,37
fairface_5652_0_3_1_val.jpg,32
fairface_10238_3_3_0_val.jpg,28
fairface_1698_1_4_0_val.jpg,37
fairface_8873_3_4_1_val.jpg,31
fairface_4818_6_5_0_val.jpg,36
fairface_180_5_3_1_val.jpg,34
fairface_10818_0_4_0_val.jpg,28
fairface_8695_5_1_1_val.jpg,31
fairface_2902_4_4_1_val.jpg,35
fairface_2153_5_4_1_val.jpg,30
fairface_3540_1_4_1_val.jpg,39
fairface_10040_2_1_0_val.jpg,25
fairface_10913_2_4_0_val.jpg,28
fairface_1106_3_4_1_val.jpg,28
fairface_6825_2_3_1_val.jpg,28
fairface_4773_4_1_0_val.jpg,27
fairface_284_3_4_0_val.jpg,27
fairface_10325_4_3_0_val.jpg,31
fairface_6646_3_5_0_val.jpg,42
fairface_8609_3_3_0_val.jpg,28
fairface_653_2_6_0_val.jpg,32
fairface_4617_2_3_1_val.jpg,37
fairface_6988_1_4_1_val.jpg,34
fairface_7006_4_2_0_val.jpg,34
fairface_3087_5_4_0_val.jpg,30
fairface_3992_6_1_0_val.jpg,32
fairface_10227_0_3_1_val.jpg,30
fairface_3842_3_4_1_val.jpg,35
fairface_3816_4_2_1_val.jpg,25
fairface_2920_2_1_1_val.jpg,25
fairface_7684_0_6_1_val.jpg,30
fairface_1323_6_4_0_val.jpg,35
fairface_8398_3_3_0_val.jpg,30
fairface_5177_0_2_1_val.jpg,28
fairface_3783_3_3_0_val.jpg,30
fairface_2970_3_5_0_val.jpg,31
fairface_8031_3_3_1_val.jpg,35
fairface_6812_2_2_1_val.jpg,25
fairface_3121_4_3_1_val.jpg,30
fairface_6579_0_4_0_val.jpg,31
fairface_4057_1_5_0_val.jpg,35
fairface_3604_5_6_0_val.jpg,35
fairface_8288_5_5_1_val.jpg,39
fairface_3704_1_0_1_val.jpg,31
fairface_2831_6_4_0_val.jpg,28
fairface_8859_3_3_1_val.jpg,30
fairface_2967_1_3_0_val.jpg,42
fairface_9998_1_3_1_val.jpg,33
fairface_6425_2_1_0_val.jpg,25
fairface_3417_0_5_1_val.jpg,26
fairface_6923_2_2_1_val.jpg,33
fairface_8295_2_1_1_val.jpg,28
fairface_7715_6_4_1_val.jpg,37
fairface_6385_5_1_1_val.jpg,16
fairface_517_0_1_0_val.jpg,34
fairface_4929_1_0_1_val.jpg,28
fairface_6732_1_5_0_val.jpg,33
fairface_8451_1_4_0_val.jpg,42
fairface_2866_5_3_1_val.jpg,33
fairface_5298_3_3_1_val.jpg,34
fairface_4308_3_4_1_val.jpg,30
fairface_2659_1_4_1_val.jpg,36
fairface_4125_4_7_0_val.jpg,47
fairface_7409_2_1_0_val.jpg,31
fairface_6619_5_5_1_val.jpg,41
fairface_3152_3_5_0_val.jpg,45
fairface_2097_1_1_0_val.jpg,41
fairface_5872_2_6_1_val.jpg,27
fairface_10751_2_5_1_val.jpg,30
fairface_1814_1_4_1_val.jpg,34
fairface_242_6_5_1_val.jpg,33
fairface_5871_0_1_1_val.jpg,36
fairface_1492_6_6_1_val.jpg,32
fairface_6351_3_3_0_val.jpg,29
fairface_3790_1_2_1_val.jpg,33
fairface_3085_1_4_0_val.jpg,32
fairface_6219_1_1_1_val.jpg,28
fairface_9644_3_6_0_val.jpg,42
fairface_5746_2_6_1_val.jpg,36
fairface_8796_6_2_0_val.jpg,25
fairface_4025_2_3_1_val.jpg,39
fairface_7899_3_3_0_val.jpg,35
fairface_129_3_6_0_val.jpg,44
fairface_8955_4_7_0_val.jpg,45
fairface_10930_1_1_0_val.jpg,30
fairface_4333_1_2_0_val.jpg,35
fairface_3190_0_3_1_val.jpg,25
fairface_8727_4_5_0_val.jpg,35
fairface_8363_2_8_1_val.jpg,43
fairface_9208_6_6_0_val.jpg,42
fairface_7482_6_3_1_val.jpg,34
fairface_10774_1_3_0_val.jpg,30
fairface_5703_1_3_0_val.jpg,23
fairface_5509_0_4_0_val.jpg,32
fairface_3029_1_4_1_val.jpg,29
fairface_4603_2_3_0_val.jpg,40
fairface_894_5_3_1_val.jpg,29
fairface_2069_4_4_0_val.jpg,32
fairface_9057_2_1_1_val.jpg,40
fairface_2169_1_4_1_val.jpg,28
fairface_1786_6_4_0_val.jpg,27
fairface_4053_0_3_1_val.jpg,29
fairface_6088_3_3_0_val.jpg,26
fairface_5445_2_2_1_val.jpg,27
fairface_9106_1_2_1_val.jpg,26
fairface_5220_6_2_1_val.jpg,33
fairface_4326_1_5_0_val.jpg,35
fairface_6304_0_4_1_val.jpg,33
fairface_7039_5_4_0_val.jpg,32
fairface_10463_5_4_0_val.jpg,32
fairface_3976_5_5_1_val.jpg,33
fairface_4991_3_4_1_val.jpg,28
fairface_3036_3_1_1_val.jpg,30
fairface_4745_4_4_0_val.jpg,31
fairface_319_0_3_1_val.jpg,31
fairface_9459_1_4_0_val.jpg,30
fairface_8381_3_3_1_val.jpg,36
fairface_7254_1_6_1_val.jpg,45
fairface_8492_2_1_0_val.jpg,27
fairface_3331_2_4_1_val.jpg,35
fairface_5210_1_2_0_val.jpg,32
fairface_10689_5_2_1_val.jpg,32
fairface_9597_0_3_0_val.jpg,33
fairface_8942_4_4_1_val.jpg,32
fairface_10546_1_5_0_val.jpg,46
fairface_4775_0_1_0_val.jpg,24
fairface_3811_3_2_1_val.jpg,27
fairface_8606_3_3_1_val.jpg,30
fairface_3517_0_6_0_val.jpg,37
fairface_3686_2_3_1_val.jpg,32
fairface_3485_5_4_1_val.jpg,41
fairface_6255_6_4_0_val.jpg,27
fairface_4093_1_2_1_val.jpg,29
fairface_971_6_4_0_val.jpg,52
fairface_3499_1_3_1_val.jpg,30
fairface_1560_0_2_1_val.jpg,35
fairface_1857_5_1_1_val.jpg,28
fairface_6162_0_2_0_val.jpg,26
fairface_4767_6_3_0_val.jpg,35
fairface_1219_6_3_0_val.jpg,36
fairface_7212_0_1_0_val.jpg,28
fairface_647_4_4_0_val.jpg,37
fairface_1446_6_1_0_val.jpg,41
fairface_650_1_5_1_val.jpg,30
fairface_5655_4_6_1_val.jpg,39
fairface_2095_2_3_0_val.jpg,31
fairface_10400_0_3_1_val.jpg,31
fairface_45_1_2_1_val.jpg,25
fairface_5038_3_3_1_val.jpg,26
fairface_3480_3_3_1_val.jpg,36
fairface_1989_3_6_0_val.jpg,31
fairface_6168_6_3_0_val.jpg,24
fairface_455_3_7_0_val.jpg,42
fairface_5377_5_5_0_val.jpg,35
fairface_9233_3_6_0_val.jpg,39
fairface_7293_4_4_0_val.jpg,38
fairface_210_6_3_0_val.jpg,26
fairface_1835_3_2_1_val.jpg,31
fairface_8599_1_7_0_val.jpg,30
fairface_9258_4_5_1_val.jpg,30
fairface_6861_6_1_0_val.jpg,23
fairface_10690_0_3_1_val.jpg,25
fairface_7289_6_2_1_val.jpg,35
fairface_7755_6_2_1_val.jpg,33
fairface_1771_6_3_1_val.jpg,27
fairface_501_3_0_1_val.jpg,29
fairface_6910_5_2_1_val.jpg,32
fairface_5061_0_5_0_val.jpg,35
fairface_6449_2_4_1_val.jpg,27
fairface_8541_3_2_0_val.jpg,30
fairface_8289_1_5_0_val.jpg,30
fairface_1466_2_3_0_val.jpg,29
fairface_1268_3_1_0_val.jpg,37
fairface_161_3_4_1_val.jpg,29
fairface_6555_5_2_1_val.jpg,31
fairface_77_4_3_1_val.jpg,24
fairface_6563_5_6_0_val.jpg,44
fairface_1797_0_7_0_val.jpg,49
fairface_9841_0_5_0_val.jpg,31
fairface_6390_3_2_1_val.jpg,35
fairface_6560_4_1_0_val.jpg,31
fairface_3960_2_8_1_val.jpg,34
fairface_3116_4_7_0_val.jpg,34
fairface_7579_5_3_1_val.jpg,25
fairface_8425_1_1_0_val.jpg,31
fairface_4148_3_3_1_val.jpg,34
fairface_10885_5_3_0_val.jpg,29
fairface_3980_2_3_0_val.jpg,31
fairface_175_3_7_1_val.jpg,35
fairface_6164_1_2_1_val.jpg,25
fairface_3633_6_8_0_val.jpg,36
fairface_3420_2_2_0_val.jpg,24
fairface_2637_0_1_0_val.jpg,30
fairface_1676_4_3_1_val.jpg,28
fairface_1237_4_5_0_val.jpg,36
fairface_8681_5_3_1_val.jpg,25
fairface_8192_3_4_0_val.jpg,32
fairface_6120_3_3_1_val.jpg,34
fairface_3722_2_1_0_val.jpg,28
fairface_2534_1_5_0_val.jpg,32
fairface_10737_1_4_1_val.jpg,28
fairface_10063_2_4_0_val.jpg,26
fairface_7787_1_1_0_val.jpg,28
fairface_7015_0_3_1_val.jpg,32
fairface_7284_5_4_0_val.jpg,25
fairface_6533_4_2_1_val.jpg,26
fairface_6630_0_5_0_val.jpg,29
fairface_9731_2_3_0_val.jpg,27
fairface_816_6_5_0_val.jpg,37
fairface_534_2_4_1_val.jpg,37
fairface_3285_1_6_0_val.jpg,44
fairface_3580_5_4_0_val.jpg,45
fairface_7352_3_3_1_val.jpg,31
fairface_6279_5_4_0_val.jpg,36
fairface_6488_2_4_1_val.jpg,26
fairface_7061_3_4_1_val.jpg,40
fairface_8753_2_5_0_val.jpg,25
fairface_4814_0_2_1_val.jpg,33
fairface_7040_6_6_0_val.jpg,38
fairface_10923_1_2_0_val.jpg,27
fairface_4558_2_4_0_val.jpg,33
fairface_10566_3_3_0_val.jpg,29
fairface_859_4_4_0_val.jpg,39
fairface_2033_5_4_1_val.jpg,40
fairface_1871_2_5_0_val.jpg,32
fairface_10071_3_4_1_val.jpg,23
fairface_5478_1_2_1_val.jpg,30
fairface_6036_5_4_1_val.jpg,26
fairface_9415_2_4_1_val.jpg,28
fairface_6305_4_4_1_val.jpg,42
fairface_10000_5_8_1_val.jpg,40
fairface_8047_2_4_0_val.jpg,26
fairface_1308_5_5_0_val.jpg,42
fairface_9996_2_3_0_val.jpg,33
fairface_3486_6_2_1_val.jpg,32
fairface_5811_6_3_0_val.jpg,35
fairface_6507_6_4_0_val.jpg,38
fairface_10591_5_3_1_val.jpg,35
fairface_1506_5_1_0_val.jpg,23
fairface_4359_3_3_0_val.jpg,25
fairface_6687_0_3_1_val.jpg,36
fairface_4409_3_7_0_val.jpg,53
fairface_2322_5_0_0_val.jpg,34
fairface_7565_2_2_1_val.jpg,27
fairface_4958_3_4_0_val.jpg,27
fairface_10695_4_3_0_val.jpg,24
fairface_4874_3_3_0_val.jpg,29
fairface_1204_6_3_1_val.jpg,32
fairface_818_0_6_1_val.jpg,34
fairface_6320_3_3_0_val.jpg,28
fairface_6903_1_6_0_val.jpg,28
fairface_1020_0_3_1_val.jpg,33
fairface_4643_3_3_0_val.jpg,32
fairface_1157_0_4_0_val.jpg,36
fairface_3007_1_4_1_val.jpg,39
fairface_2438_6_6_1_val.jpg,31
fairface_5436_4_5_1_val.jpg,35
fairface_448_0_4_0_val.jpg,28
fairface_9742_1_4_1_val.jpg,31
fairface_1626_1_1_1_val.jpg,26
fairface_404_5_3_1_val.jpg,37
fairface_4941_0_3_1_val.jpg,29
fairface_5857_4_4_1_val.jpg,36
fairface_3571_6_4_0_val.jpg,31
fairface_2778_4_4_0_val.jpg,29
fairface_10045_1_2_0_val.jpg,30
fairface_9079_2_2_1_val.jpg,29
fairface_2009_6_1_0_val.jpg,29
fairface_2799_4_5_1_val.jpg,32
fairface_997_1_4_1_val.jpg,31
fairface_1653_6_5_1_val.jpg,32
fairface_9341_5_1_0_val.jpg,29
fairface_1704_1_1_0_val.jpg,28
fairface_5997_2_6_0_val.jpg,44
fairface_6419_6_6_1_val.jpg,33
fairface_8707_5_3_0_val.jpg,33
fairface_7172_1_1_0_val.jpg,22
fairface_8921_1_2_0_val.jpg,30
fairface_5050_5_4_1_val.jpg,43
fairface_5324_0_3_1_val.jpg,29
fairface_8930_5_1_0_val.jpg,21
fairface_2127_2_3_0_val.jpg,34
fairface_1127_1_3_1_val.jpg,34
fairface_9960_1_3_0_val.jpg,26
fairface_1827_4_1_0_val.jpg,30
fairface_2660_2_3_0_val.jpg,30
fairface_2549_2_2_1_val.jpg,30
fairface_7998_2_2_0_val.jpg,26
fairface_7294_4_4_0_val.jpg,33
fairface_10588_0_1_1_val.jpg,28
fairface_5311_3_4_1_val.jpg,32
fairface_4884_3_4_1_val.jpg,31
fairface_3768_6_2_0_val.jpg,35
fairface_1813_3_1_0_val.jpg,28
fairface_4760_3_5_0_val.jpg,41
fairface_159_2_5_1_val.jpg,31
fairface_4337_4_2_0_val.jpg,32
fairface_6897_1_5_0_val.jpg,31
fairface_9255_5_5_1_val.jpg,27
fairface_7316_3_3_1_val.jpg,23
fairface_6128_4_6_0_val.jpg,49
fairface_10797_0_2_0_val.jpg,34
fairface_3529_4_2_1_val.jpg,32
fairface_6052_6_1_0_val.jpg,25
fairface_3740_2_3_1_val.jpg,32
fairface_10669_1_1_1_val.jpg,23
fairface_769_5_3_0_val.jpg,27
fairface_5671_0_3_1_val.jpg,28
fairface_2692_4_4_0_val.jpg,28
fairface_2684_2_4_0_val.jpg,36
fairface_2891_1_4_1_val.jpg,32
fairface_8632_6_3_0_val.jpg,23
fairface_8743_3_5_0_val.jpg,30
fairface_4860_2_4_0_val.jpg,34
fairface_10632_5_3_1_val.jpg,31
fairface_4051_0_7_0_val.jpg,45
fairface_3213_1_1_1_val.jpg,32
fairface_1684_3_4_0_val.jpg,27
fairface_9121_6_0_0_val.jpg,21
fairface_7593_4_5_0_val.jpg,32
fairface_3828_1_6_0_val.jpg,38
fairface_4106_0_4_0_val.jpg,39
fairface_6749_1_4_1_val.jpg,34
fairface_3826_3_5_0_val.jpg,36
fairface_7372_0_3_1_val.jpg,33
fairface_471_4_3_0_val.jpg,29
fairface_6679_1_4_1_val.jpg,39
fairface_2838_1_3_0_val.jpg,34
fairface_4847_0_2_1_val.jpg,30
fairface_1540_4_3_0_val.jpg,33
fairface_3751_5_1_0_val.jpg,25
fairface_10082_3_3_0_val.jpg,37
fairface_432_2_2_1_val.jpg,31
fairface_7946_2_5_1_val.jpg,27
fairface_5874_0_5_1_val.jpg,34
fairface_2859_3_2_1_val.jpg,35
fairface_4753_6_3_1_val.jpg,37
fairface_9577_2_0_0_val.jpg,33
fairface_1759_5_2_1_val.jpg,26
fairface_2174_0_4_1_val.jpg,33
fairface_7647_2_4_0_val.jpg,26
fairface_5576_5_6_0_val.jpg,38
fairface_1009_1_6_0_val.jpg,31
fairface_1959_5_0_1_val.jpg,34
fairface_3750_5_6_0_val.jpg,48
fairface_8246_2_4_0_val.jpg,27
fairface_5849_6_7_1_val.jpg,38
fairface_8836_0_1_1_val.jpg,26
fairface_6186_0_3_1_val.jpg,31
fairface_2495_5_5_0_val.jpg,31
fairface_5196_6_3_0_val.jpg,28
fairface_1230_0_3_1_val.jpg,29
fairface_1938_5_1_0_val.jpg,29
fairface_1478_2_5_1_val.jpg,30
fairface_630_5_4_1_val.jpg,24
fairface_5020_1_5_0_val.jpg,32
fairface_10933_6_2_0_val.jpg,36
fairface_9672_1_3_1_val.jpg,30
fairface_4503_3_4_0_val.jpg,29
fairface_8662_1_4_1_val.jpg,30
fairface_8674_6_1_0_val.jpg,28
fairface_3593_3_3_1_val.jpg,30
fairface_719_6_8_1_val.jpg,55
fairface_3608_1_5_1_val.jpg,41
fairface_368_0_5_1_val.jpg,32
fairface_4442_2_1_0_val.jpg,36
fairface_3034_0_2_0_val.jpg,26
fairface_2146_3_3_1_val.jpg,29
fairface_7798_6_6_1_val.jpg,31
fairface_7131_2_2_1_val.jpg,30
fairface_9925_4_3_0_val.jpg,29
fairface_8733_1_3_1_val.jpg,31
fairface_1878_3_5_0_val.jpg,29
fairface_1129_6_3_0_val.jpg,29
fairface_9409_4_2_1_val.jpg,28
fairface_7926_6_4_0_val.jpg,33
fairface_7496_4_4_1_val.jpg,32
fairface_2214_5_3_1_val.jpg,28
fairface_3677_5_1_0_val.jpg,30
fairface_8823_2_3_0_val.jpg,29
fairface_9010_5_6_0_val.jpg,39
fairface_7435_0_2_1_val.jpg,26
fairface_5331_6_2_1_val.jpg,24
fairface_253_5_1_0_val.jpg,34
fairface_7339_1_6_1_val.jpg,35
fairface_93_5_1_1_val.jpg,32
fairface_2432_0_7_1_val.jpg,44
fairface_9715_3_3_1_val.jpg,31
fairface_3376_3_5_0_val.jpg,39
fairface_7478_6_5_0_val.jpg,37
fairface_1023_4_4_0_val.jpg,28
fairface_10382_3_3_1_val.jpg,32
fairface_1763_5_1_0_val.jpg,25
fairface_7290_3_2_0_val.jpg,22
fairface_2708_6_6_0_val.jpg,44
fairface_1376_2_1_1_val.jpg,30
fairface_4683_0_1_1_val.jpg,21
fairface_3361_6_2_0_val.jpg,28
fairface_9180_3_5_1_val.jpg,40
fairface_5985_6_3_1_val.jpg,32
fairface_7155_2_2_0_val.jpg,29
fairface_10249_3_5_0_val.jpg,34
fairface_2727_2_4_1_val.jpg,24
fairface_5524_5_6_0_val.jpg,31
fairface_624_5_3_1_val.jpg,31
fairface_6951_3_4_1_val.jpg,42
fairface_6932_3_4_1_val.jpg,31
fairface_3672_5_3_1_val.jpg,26
fairface_1467_5_2_0_val.jpg,24
fairface_8646_1_5_0_val.jpg,26
fairface_4176_2_2_0_val.jpg,27
fairface_1402_4_6_0_val.jpg,36
fairface_8510_3_7_0_val.jpg,50
fairface_7788_2_4_1_val.jpg,27
fairface_6995_2_2_0_val.jpg,37
fairface_6076_4_3_1_val.jpg,34
fairface_749_5_1_0_val.jpg,31
fairface_323_5_5_1_val.jpg,34
fairface_4305_6_3_1_val.jpg,32
fairface_4087_1_3_0_val.jpg,25
fairface_6767_2_4_0_val.jpg,33
fairface_9087_3_3_0_val.jpg,35
fairface_7278_5_5_0_val.jpg,34
fairface_128_2_2_1_val.jpg,35
fairface_942_0_3_1_val.jpg,30
fairface_1410_1_1_1_val.jpg,19
fairface_3796_6_3_0_val.jpg,27
fairface_6295_3_3_1_val.jpg,29
fairface_5890_4_6_1_val.jpg,43
fairface_5618_2_4_0_val.jpg,27
fairface_2168_0_2_0_val.jpg,29
fairface_9842_1_3_0_val.jpg,26
fairface_8479_1_2_1_val.jpg,35
fairface_10827_5_6_0_val.jpg,35
fairface_9642_2_2_1_val.jpg,39
fairface_9704_1_6_1_val.jpg,42
fairface_683_2_5_1_val.jpg,26
fairface_3669_4_4_0_val.jpg,32
fairface_6248_4_5_0_val.jpg,30
fairface_3569_4_3_1_val.jpg,30
fairface_10439_0_3_1_val.jpg,31
fairface_1403_2_5_0_val.jpg,46
fairface_8351_5_3_1_val.jpg,31
fairface_8694_4_3_0_val.jpg,30
fairface_1749_4_3_1_val.jpg,29
fairface_1509_2_3_1_val.jpg,33
fairface_9115_3_4_0_val.jpg,36
fairface_2463_0_3_1_val.jpg,22
fairface_7488_3_5_1_val.jpg,39
fairface_10556_1_6_1_val.jpg,25
fairface_10450_4_5_1_val.jpg,42
fairface_8401_5_4_1_val.jpg,39
fairface_1158_5_1_1_val.jpg,21
fairface_5689_0_3_1_val.jpg,28
fairface_8423_0_3_1_val.jpg,33
fairface_3262_3_3_1_val.jpg,32
fairface_2496_3_4_0_val.jpg,26
fairface_10256_3_3_0_val.jpg,28
fairface_6905_0_4_1_val.jpg,36
fairface_6616_0_4_1_val.jpg,36
fairface_648_3_3_0_val.jpg,25
fairface_1480_2_4_1_val.jpg,39
fairface_8818_3_1_1_val.jpg,21
fairface_7536_3_7_0_val.jpg,46
fairface_7219_5_4_0_val.jpg,32
fairface_5091_4_4_1_val.jpg,38
fairface_2002_2_4_0_val.jpg,26
fairface_3156_1_2_0_val.jpg,29
fairface_3840_6_8_0_val.jpg,40
fairface_9987_5_7_0_val.jpg,47
fairface_7554_1_4_0_val.jpg,30
fairface_8364_3_3_1_val.jpg,32
fairface_6611_4_1_0_val.jpg,23
fairface_10290_5_6_0_val.jpg,34
fairface_2984_4_6_0_val.jpg,45
fairface_6389_2_5_0_val.jpg,37
fairface_9391_3_2_1_val.jpg,29
fairface_6524_0_6_1_val.jpg,33
fairface_9626_3_6_0_val.jpg,44
fairface_4490_0_3_1_val.jpg,30
fairface_9353_3_6_0_val.jpg,31
fairface_5759_2_1_0_val.jpg,29
fairface_2569_5_2_1_val.jpg,30
fairface_5762_1_5_0_val.jpg,49
fairface_3720_3_4_1_val.jpg,33
fairface_592_5_4_1_val.jpg,39
fairface_1012_0_3_0_val.jpg,35
fairface_4103_0_3_0_val.jpg,32
fairface_5146_2_3_1_val.jpg,34
fairface_5855_5_5_1_val.jpg,34
fairface_6730_5_4_1_val.jpg,26
fairface_6387_0_3_1_val.jpg,26
fairface_1852_2_1_1_val.jpg,29
fairface_4791_6_2_0_val.jpg,30
fairface_305_5_6_0_val.jpg,39
fairface_8388_3_3_1_val.jpg,28
fairface_10528_1_4_0_val.jpg,29
fairface_2618_2_6_1_val.jpg,35
fairface_8103_3_2_1_val.jpg,28
fairface_4173_1_4_1_val.jpg,33
fairface_5653_0_3_1_val.jpg,29
fairface_1440_6_8_0_val.jpg,29
fairface_1454_2_1_0_val.jpg,28
fairface_7429_5_3_1_val.jpg,31
fairface_6829_4_4_1_val.jpg,30
fairface_8133_2_4_0_val.jpg,41
fairface_9263_5_1_1_val.jpg,28
fairface_775_2_4_0_val.jpg,26
fairface_9008_3_1_1_val.jpg,30
fairface_5219_4_4_0_val.jpg,32
fairface_2510_6_3_1_val.jpg,30
fairface_4672_0_4_0_val.jpg,37
fairface_3874_5_3_0_val.jpg,34
fairface_5111_4_4_0_val.jpg,40
fairface_4975_1_4_1_val.jpg,32
fairface_8434_6_3_0_val.jpg,30
fairface_5156_5_1_1_val.jpg,23
fairface_5552_5_1_1_val.jpg,25
fairface_9873_6_4_0_val.jpg,36
fairface_8765_2_3_0_val.jpg,37
fairface_8692_6_3_0_val.jpg,31
fairface_4995_4_2_1_val.jpg,24
fairface_5278_1_1_0_val.jpg,27
fairface_7904_3_3_0_val.jpg,34
fairface_2067_6_2_1_val.jpg,30
fairface_10193_4_2_1_val.jpg,39
fairface_2600_3_6_1_val.jpg,38
fairface_8136_0_5_0_val.jpg,47
fairface_7373_5_5_0_val.jpg,26
fairface_2779_4_7_0_val.jpg,26
fairface_2180_0_3_0_val.jpg,25
fairface_4187_2_2_0_val.jpg,34
fairface_10837_4_1_1_val.jpg,25
fairface_10806_3_3_1_val.jpg,32
fairface_5607_4_4_1_val.jpg,35
fairface_4859_0_6_0_val.jpg,50
fairface_9573_3_2_1_val.jpg,31
fairface_4242_6_6_1_val.jpg,35
fairface_3612_1_3_0_val.jpg,35
fairface_9677_4_4_0_val.jpg,32
fairface_10213_2_4_0_val.jpg,28
fairface_3583_0_4_0_val.jpg,37
fairface_5782_5_4_1_val.jpg,31
fairface_9185_3_7_0_val.jpg,53
fairface_4123_5_6_1_val.jpg,42
fairface_5418_1_1_0_val.jpg,26
fairface_10239_1_2_0_val.jpg,27
fairface_4427_2_3_0_val.jpg,34
fairface_8912_3_3_0_val.jpg,27
fairface_1078_2_4_1_val.jpg,26
fairface_1025_0_3_1_val.jpg,35
fairface_10340_2_7_0_val.jpg,32
fairface_10887_1_2_1_val.jpg,29
fairface_139_0_3_1_val.jpg,27
fairface_5072_1_2_1_val.jpg,24
fairface_3627_4_4_0_val.jpg,31
fairface_4853_1_1_0_val.jpg,30
fairface_1543_1_2_0_val.jpg,23
fairface_4857_2_2_0_val.jpg,30
fairface_254_6_8_1_val.jpg,47
fairface_3140_1_1_0_val.jpg,29
fairface_9581_0_3_1_val.jpg,37
fairface_7742_0_1_1_val.jpg,26
fairface_3130_6_1_0_val.jpg,24
fairface_67_3_7_0_val.jpg,52
fairface_2658_2_6_1_val.jpg,33
fairface_6915_5_1_0_val.jpg,28
fairface_1897_1_1_0_val.jpg,32
fairface_4017_5_4_0_val.jpg,37
fairface_2226_0_4_1_val.jpg,30
fairface_4162_1_4_0_val.jpg,33
fairface_2817_4_5_0_val.jpg,48
fairface_9786_5_3_1_val.jpg,30
fairface_10441_0_4_1_val.jpg,34
fairface_6947_4_5_0_val.jpg,36
fairface_9752_0_1_1_val.jpg,25
fairface_10087_5_5_1_val.jpg,34
fairface_5337_4_3_1_val.jpg,34
fairface_10139_3_4_0_val.jpg,32
fairface_8255_3_4_0_val.jpg,34
fairface_3524_3_2_1_val.jpg,31
fairface_6877_2_3_1_val.jpg,32
fairface_10244_2_2_0_val.jpg,30
fairface_6096_4_2_0_val.jpg,32
fairface_9203_1_5_1_val.jpg,41
fairface_200_5_5_1_val.jpg,43
fairface_10019_2_1_0_val.jpg,25
fairface_1498_5_2_1_val.jpg,27
fairface_5307_0_3_0_val.jpg,26
fairface_3235_3_0_0_val.jpg,31
fairface_1811_2_2_1_val.jpg,28
fairface_4236_1_4_0_val.jpg,39
fairface_59_5_2_1_val.jpg,31
fairface_4984_4_5_1_val.jpg,28
fairface_8699_0_1_0_val.jpg,35
fairface_8907_5_1_1_val.jpg,24
fairface_8597_1_3_0_val.jpg,27
fairface_5647_4_4_0_val.jpg,36
fairface_195_4_3_1_val.jpg,32
fairface_2702_2_1_1_val.jpg,39
fairface_675_1_6_0_val.jpg,39
fairface_4339_3_1_0_val.jpg,28
fairface_2235_3_5_1_val.jpg,29
fairface_9312_0_3_1_val.jpg,42
fairface_1383_5_3_1_val.jpg,37
fairface_7849_0_0_0_val.jpg,24
fairface_3403_6_2_1_val.jpg,34
fairface_3626_6_2_1_val.jpg,21
fairface_8793_4_4_0_val.jpg,28
fairface_1971_6_1_0_val.jpg,26
fairface_5023_3_3_1_val.jpg,30
fairface_4386_5_4_0_val.jpg,35
fairface_8568_5_3_0_val.jpg,34
fairface_4536_1_5_0_val.jpg,38
fairface_7292_6_6_1_val.jpg,26
fairface_5676_1_1_0_val.jpg,29
fairface_9802_6_2_1_val.jpg,29
fairface_6319_1_3_1_val.jpg,30
fairface_1482_4_2_1_val.jpg,36
fairface_1545_1_3_0_val.jpg,34
fairface_5901_6_3_0_val.jpg,33
fairface_9294_5_1_0_val.jpg,23
fairface_9344_3_3_1_val.jpg,40
fairface_8725_6_6_0_val.jpg,37
fairface_10195_1_6_1_val.jpg,41
fairface_3356_3_1_0_val.jpg,29
fairface_8696_2_2_0_val.jpg,35
fairface_3735_2_1_0_val.jpg,25
fairface_4040_6_3_0_val.jpg,34
fairface_3770_4_4_0_val.jpg,31
fairface_9491_6_8_0_val.jpg,43
fairface_9779_3_5_0_val.jpg,33
fairface_4092_1_3_1_val.jpg,31
fairface_3070_3_3_1_val.jpg,30
fairface_1566_1_4_0_val.jpg,30
fairface_7876_5_5_1_val.jpg,28
fairface_3961_5_3_1_val.jpg,36
fairface_1004_0_6_0_val.jpg,42
fairface_6059_4_4_1_val.jpg,29
fairface_8595_5_4_1_val.jpg,30
fairface_6810_3_4_1_val.jpg,35
fairface_1941_1_5_1_val.jpg,41
fairface_6972_6_7_0_val.jpg,46
fairface_7610_3_4_0_val.jpg,34
fairface_10459_0_2_0_val.jpg,30
fairface_5058_5_5_1_val.jpg,28
fairface_6622_3_3_1_val.jpg,38
fairface_10667_6_3_0_val.jpg,32
fairface_7671_1_3_0_val.jpg,30
fairface_9849_1_2_1_val.jpg,26
fairface_3372_5_3_0_val.jpg,35
fairface_6062_6_2_1_val.jpg,27
fairface_9384_5_4_0_val.jpg,30
fairface_2059_1_5_1_val.jpg,39
fairface_7157_4_3_0_val.jpg,26
fairface_3925_3_6_0_val.jpg,44
fairface_10381_3_1_0_val.jpg,28
fairface_5946_4_6_1_val.jpg,44
fairface_5717_1_6_1_val.jpg,31
fairface_4289_4_3_0_val.jpg,27
fairface_5784_0_1_0_val.jpg,33
fairface_8552_1_2_1_val.jpg,25
fairface_3689_5_5_0_val.jpg,33
fairface_461_0_3_1_val.jpg,33
fairface_3206_4_3_0_val.jpg,27
fairface_5531_1_4_0_val.jpg,32
fairface_6818_0_3_1_val.jpg,30
fairface_8086_0_4_0_val.jpg,32
fairface_3385_1_7_1_val.jpg,47
fairface_10888_4_5_0_val.jpg,27
fairface_9422_6_3_0_val.jpg,26
fairface_3841_0_2_1_val.jpg,26
fairface_7716_5_3_1_val.jpg,32
fairface_9373_2_3_1_val.jpg,28
fairface_3247_1_4_0_val.jpg,38
fairface_6747_4_3_0_val.jpg,28
fairface_1503_3_5_0_val.jpg,35
fairface_4863_3_2_0_val.jpg,25
fairface_2292_1_5_1_val.jpg,28
fairface_6935_5_3_0_val.jpg,27
fairface_4871_3_3_1_val.jpg,32
fairface_1407_0_1_1_val.jpg,33
fairface_5621_5_1_1_val.jpg,32
fairface_5908_0_3_0_val.jpg,33
fairface_3547_4_6_0_val.jpg,30
fairface_6548_3_3_1_val.jpg,27
fairface_1270_5_5_0_val.jpg,36
fairface_3888_1_1_0_val.jpg,29
fairface_8767_0_3_0_val.jpg,29
fairface_10906_1_4_0_val.jpg,31
fairface_1355_5_3_1_val.jpg,32
fairface_2929_1_3_1_val.jpg,29
fairface_261_2_1_0_val.jpg,32
fairface_2564_0_4_0_val.jpg,29
fairface_2172_3_4_1_val.jpg,32
fairface_178_2_2_1_val.jpg,23
fairface_3058_0_1_1_val.jpg,24
fairface_1926_0_5_0_val.jpg,30
fairface_2972_1_2_1_val.jpg,28
fairface_1890_0_1_0_val.jpg,23
fairface_4255_0_3_1_val.jpg,26
fairface_9631_6_4_0_val.jpg,25
fairface_5009_5_6_0_val.jpg,36
fairface_7120_5_7_0_val.jpg,37
fairface_8313_6_3_0_val.jpg,29
fairface_3734_1_4_0_val.jpg,29
fairface_5825_1_1_1_val.jpg,26
fairface_9846_6_3_0_val.jpg,28
fairface_7923_1_3_0_val.jpg,28
fairface_9273_3_4_0_val.jpg,30
fairface_1702_4_4_0_val.jpg,24
fairface_6840_5_2_1_val.jpg,33
fairface_5476_5_1_0_val.jpg,30
fairface_3717_2_5_0_val.jpg,32
fairface_8909_1_2_0_val.jpg,30
fairface_4007_5_4_0_val.jpg,35
fairface_6909_1_8_0_val.jpg,46
fairface_3348_5_4_1_val.jpg,39
fairface_7036_1_7_0_val.jpg,52
fairface_229_3_6_0_val.jpg,44
fairface_2742_3_3_1_val.jpg,34
fairface_2155_3_2_1_val.jpg,27
fairface_4667_1_2_0_val.jpg,29
fairface_8684_6_1_1_val.jpg,30
fairface_7786_2_1_0_val.jpg,28
fairface_10203_6_4_0_val.jpg,29
fairface_6350_2_5_0_val.jpg,32
fairface_8067_1_1_0_val.jpg,28
fairface_5960_3_6_0_val.jpg,40
fairface_10165_0_1_1_val.jpg,27
fairface_3166_4_3_0_val.jpg,28
fairface_2933_3_3_1_val.jpg,38
fairface_10182_1_4_0_val.jpg,27
fairface_803_0_2_0_val.jpg,25
fairface_8181_6_2_0_val.jpg,21
fairface_2483_2_2_1_val.jpg,32
fairface_688_5_2_1_val.jpg,31
fairface_828_4_4_1_val.jpg,29
fairface_4868_0_4_1_val.jpg,30
fairface_7080_0_4_0_val.jpg,28
fairface_808_0_3_1_val.jpg,26
fairface_8290_5_5_1_val.jpg,46
fairface_1116_0_0_1_val.jpg,32
fairface_3308_3_4_0_val.jpg,30
fairface_2441_4_4_1_val.jpg,40
fairface_5674_3_1_1_val.jpg,22
fairface_3857_4_4_0_val.jpg,27
fairface_9824_3_7_1_val.jpg,38
fairface_9595_5_4_1_val.jpg,32
fairface_954_5_3_1_val.jpg,30
fairface_8911_4_3_0_val.jpg,25
fairface_5010_0_1_0_val.jpg,28
fairface_5600_5_1_1_val.jpg,26
fairface_7313_4_4_0_val.jpg,38
fairface_3769_2_2_1_val.jpg,29
fairface_7668_0_3_0_val.jpg,30
fairface_10317_6_5_0_val.jpg,36
fairface_5914_5_3_1_val.jpg,26
fairface_5320_1_5_0_val.jpg,46
fairface_550_5_3_0_val.jpg,25
fairface_6904_4_3_1_val.jpg,31
fairface_9502_1_4_1_val.jpg,24
fairface_5550_6_3_1_val.jpg,28
fairface_6762_3_3_1_val.jpg,29
fairface_1083_2_1_0_val.jpg,29
fairface_7509_3_4_1_val.jpg,26
fairface_3987_4_3_1_val.jpg,29
fairface_9346_5_1_0_val.jpg,31
fairface_47_4_1_1_val.jpg,24
fairface_7794_0_3_1_val.jpg,31
fairface_4127_1_3_0_val.jpg,32
fairface_903_5_4_0_val.jpg,27
fairface_4062_3_4_0_val.jpg,34
fairface_7979_5_4_0_val.jpg,34
fairface_680_6_3_1_val.jpg,32
fairface_5898_5_3_0_val.jpg,30
fairface_6720_0_1_1_val.jpg,29
fairface_2115_5_6_0_val.jpg,45
fairface_10935_6_1_1_val.jpg,27
fairface_765_3_2_1_val.jpg,28
fairface_3155_3_7_1_val.jpg,59
fairface_10098_0_3_0_val.jpg,35
fairface_9915_3_4_1_val.jpg,35
fairface_8258_2_3_0_val.jpg,27
fairface_2022_5_3_0_val.jpg,33
fairface_2860_2_6_0_val.jpg,25
fairface_4769_0_2_0_val.jpg,30
fairface_9983_4_1_0_val.jpg,24
fairface_8764_3_7_0_val.jpg,41
fairface_10099_3_4_1_val.jpg,34
fairface_8529_0_4_1_val.jpg,32
fairface_3834_2_3_0_val.jpg,36
fairface_7816_1_5_1_val.jpg,30
fairface_10331_0_2_0_val.jpg,22
fairface_1293_2_4_1_val.jpg,29
fairface_10250_4_6_0_val.jpg,49
fairface_264_3_4_1_val.jpg,28
fairface_10828_1_3_0_val.jpg,28
fairface_8974_3_3_1_val.jpg,32
fairface_10698_5_1_1_val.jpg,45
fairface_8525_1_6_0_val.jpg,33
fairface_5405_3_4_1_val.jpg,38
fairface_6459_3_4_1_val.jpg,32
fairface_2283_0_3_0_val.jpg,25
fairface_9448_4_4_0_val.jpg,33
fairface_9933_5_3_1_val.jpg,30
fairface_2614_6_0_1_val.jpg,42
fairface_4249_6_2_1_val.jpg,28
fairface_9495_1_3_0_val.jpg,33
fairface_7623_6_3_1_val.jpg,30
fairface_2627_0_3_1_val.jpg,39
fairface_9147_4_5_1_val.jpg,33
fairface_4856_2_2_0_val.jpg,28
fairface_2655_6_2_1_val.jpg,30
fairface_7522_5_6_0_val.jpg,37
fairface_9984_6_3_1_val.jpg,33
fairface_7175_3_4_0_val.jpg,32
fairface_4082_4_2_1_val.jpg,36
fairface_7861_6_0_0_val.jpg,28
fairface_8254_5_5_0_val.jpg,29
fairface_7539_1_3_1_val.jpg,40
fairface_9550_3_2_0_val.jpg,28
fairface_10897_3_3_1_val.jpg,29
fairface_7471_3_3_0_val.jpg,28
fairface_8135_5_7_1_val.jpg,47
fairface_9067_4_4_1_val.jpg,33
fairface_4637_5_3_1_val.jpg,26
fairface_1967_0_3_1_val.jpg,31
fairface_1028_2_3_0_val.jpg,26
fairface_6836_5_4_0_val.jpg,32
fairface_8691_0_3_0_val.jpg,28
fairface_5367_5_4_0_val.jpg,35
fairface_2577_2_3_0_val.jpg,30
fairface_6206_1_3_1_val.jpg,23
fairface_9232_0_4_0_val.jpg,28
fairface_10215_2_1_1_val.jpg,31
fairface_1412_5_5_1_val.jpg,40
fairface_10261_6_1_0_val.jpg,36
fairface_4070_3_6_0_val.jpg,39
fairface_2901_2_3_1_val.jpg,34
fairface_5975_2_1_1_val.jpg,34
fairface_7986_5_4_0_val.jpg,44
fairface_3806_1_2_0_val.jpg,23
fairface_10210_1_3_1_val.jpg,36
fairface_7159_3_3_0_val.jpg,32
fairface_5169_6_2_0_val.jpg,28
fairface_509_0_1_0_val.jpg,26
fairface_9540_6_3_1_val.jpg,31
fairface_1361_0_3_1_val.jpg,32
fairface_9308_1_5_0_val.jpg,33
fairface_5098_6_3_0_val.jpg,31
fairface_969_6_3_1_val.jpg,27
fairface_8556_2_1_0_val.jpg,27
fairface_2542_5_5_0_val.jpg,41
fairface_5132_0_2_0_val.jpg,27
fairface_3579_1_1_0_val.jpg,26
fairface_4881_0_4_0_val.jpg,33
fairface_7969_1_5_1_val.jpg,31
fairface_10034_0_2_0_val.jpg,29
fairface_459_0_1_1_val.jpg,28
fairface_7321_2_4_0_val.jpg,23
fairface_4645_5_6_0_val.jpg,36
fairface_8160_1_2_1_val.jpg,27
fairface_7014_3_6_0_val.jpg,40
fairface_7151_6_4_1_val.jpg,29
fairface_3054_1_1_0_val.jpg,30
fairface_3390_4_3_0_val.jpg,28
fairface_4193_2_1_0_val.jpg,31
fairface_6627_4_6_0_val.jpg,32
fairface_2736_0_4_0_val.jpg,48
fairface_3178_5_2_0_val.jpg,31
fairface_2983_0_1_0_val.jpg,25
fairface_5504_3_4_1_val.jpg,39
fairface_6177_3_3_0_val.jpg,24
fairface_8905_1_6_0_val.jpg,51
fairface_2874_0_0_0_val.jpg,26
fairface_8589_2_7_1_val.jpg,29
fairface_10009_2_3_0_val.jpg,33
fairface_5384_4_2_0_val.jpg,26
fairface_10133_0_2_1_val.jpg,30
fairface_8666_0_3_1_val.jpg,30
fairface_5362_1_5_1_val.jpg,43
fairface_5792_3_3_0_val.jpg,30
fairface_8052_5_3_0_val.jpg,25
fairface_10314_4_3_0_val.jpg,31
fairface_5429_3_3_1_val.jpg,34
fairface_8710_3_1_0_val.jpg,26
fairface_9745_3_2_0_val.jpg,31
fairface_904_5_4_0_val.jpg,29
fairface_9678_0_2_1_val.jpg,34
fairface_10257_4_2_0_val.jpg,29
fairface_10601_6_1_0_val.jpg,32
fairface_4740_3_2_0_val.jpg,28
fairface_3294_3_3_1_val.jpg,28
fairface_7847_3_5_0_val.jpg,34
fairface_6820_1_4_1_val.jpg,32
fairface_3773_3_5_0_val.jpg,37
fairface_6362_6_5_0_val.jpg,38
fairface_3867_2_4_1_val.jpg,34
fairface_5145_4_4_0_val.jpg,30
fairface_10349_4_3_1_val.jpg,31
fairface_2104_4_5_0_val.jpg,33
fairface_4205_5_4_1_val.jpg,30
fairface_7592_3_6_0_val.jpg,33
fairface_3132_5_1_0_val.jpg,27
fairface_5449_2_3_0_val.jpg,26
fairface_4788_5_3_1_val.jpg,32
fairface_9624_0_1_0_val.jpg,21
fairface_10284_5_7_0_val.jpg,39
fairface_1038_6_4_1_val.jpg,41
fairface_7453_3_3_1_val.jpg,33
fairface_10831_6_3_1_val.jpg,29
fairface_568_1_6_0_val.jpg,33
fairface_7780_5_2_0_val.jpg,41
fairface_8571_5_3_0_val.jpg,33
fairface_9982_5_3_0_val.jpg,28
fairface_1845_5_2_0_val.jpg,41
fairface_2459_3_5_1_val.jpg,33
fairface_8813_3_3_0_val.jpg,39
fairface_5252_5_3_1_val.jpg,34
fairface_6515_0_3_1_val.jpg,31
fairface_165_0_1_0_val.jpg,21
fairface_6998_1_4_0_val.jpg,29
fairface_4912_6_2_1_val.jpg,24
fairface_2268_3_8_1_val.jpg,53
fairface_8486_0_3_1_val.jpg,27
fairface_8557_1_5_1_val.jpg,31
fairface_1783_5_4_1_val.jpg,37
fairface_1207_0_3_1_val.jpg,26
fairface_10874_5_5_0_val.jpg,28
fairface_1834_2_4_0_val.jpg,31
fairface_9806_3_3_1_val.jpg,31
fairface_10721_0_2_1_val.jpg,33
fairface_761_2_4_0_val.jpg,30
fairface_1122_3_4_0_val.jpg,34
fairface_8971_6_2_1_val.jpg,25
fairface_10891_6_2_0_val.jpg,24
fairface_1823_3_4_0_val.jpg,41
fairface_8867_6_8_1_val.jpg,28
fairface_786_1_5_0_val.jpg,27
fairface_2864_0_4_0_val.jpg,44
fairface_10826_1_2_1_val.jpg,27
fairface_4220_0_5_0_val.jpg,34
fairface_5425_6_1_1_val.jpg,43
fairface_5447_1_3_1_val.jpg,27
fairface_10657_5_6_1_val.jpg,40
fairface_1095_1_3_0_val.jpg,29
fairface_7033_2_4_0_val.jpg,28
fairface_7419_0_3_0_val.jpg,31
fairface_9813_0_1_0_val.jpg,38
fairface_8559_6_3_0_val.jpg,29
fairface_10557_1_1_1_val.jpg,38
fairface_1319_5_4_0_val.jpg,27
fairface_1248_5_6_1_val.jpg,35
fairface_4320_1_1_1_val.jpg,31
fairface_7422_3_3_1_val.jpg,31
fairface_6328_2_3_1_val.jpg,37
fairface_5581_3_3_0_val.jpg,31
fairface_4736_2_5_0_val.jpg,36
fairface_4850_5_3_0_val.jpg,26
fairface_2218_3_1_1_val.jpg,24
fairface_1697_5_3_0_val.jpg,27
fairface_7877_0_3_0_val.jpg,25
fairface_5589_0_3_1_val.jpg,27
fairface_10254_5_2_1_val.jpg,30
fairface_1619_5_1_1_val.jpg,24
fairface_9333_2_4_0_val.jpg,30
fairface_9215_3_6_1_val.jpg,45
fairface_5055_5_5_0_val.jpg,38
fairface_4946_1_3_1_val.jpg,27
fairface_3303_3_7_0_val.jpg,37
fairface_8050_2_4_0_val.jpg,35
fairface_4037_4_6_1_val.jpg,27
fairface_6099_0_4_0_val.jpg,22
fairface_4122_0_3_1_val.jpg,32
fairface_1714_3_4_1_val.jpg,36
fairface_2805_4_1_0_val.jpg,24
fairface_5325_6_3_0_val.jpg,42
fairface_419_3_5_1_val.jpg,47
fairface_1725_6_3_0_val.jpg,29
fairface_1796_5_6_0_val.jpg,46
fairface_9503_4_4_0_val.jpg,38
fairface_10120_6_2_0_val.jpg,33
fairface_7922_6_0_0_val.jpg,20
fairface_10230_5_4_1_val.jpg,34
fairface_7563_1_3_0_val.jpg,30
fairface_3329_6_3_1_val.jpg,31
fairface_9414_6_2_0_val.jpg,42
fairface_8043_0_3_0_val.jpg,25
fairface_4866_6_3_1_val.jpg,33
fairface_1601_5_2_1_val.jpg,29
fairface_1305_5_7_0_val.jpg,44
fairface_1247_5_2_1_val.jpg,27
fairface_8747_5_4_1_val.jpg,31
fairface_9306_0_3_0_val.jpg,33
fairface_7118_2_3_0_val.jpg,31
fairface_6017_5_3_1_val.jpg,31
fairface_7897_3_3_1_val.jpg,26
fairface_7066_5_5_0_val.jpg,33
fairface_154_6_3_0_val.jpg,22
fairface_5181_3_6_0_val.jpg,37
fairface_8938_3_4_1_val.jpg,39
fairface_2764_6_1_0_val.jpg,40
fairface_3341_3_7_0_val.jpg,41
fairface_1521_1_5_0_val.jpg,31
fairface_8493_6_3_0_val.jpg,37
fairface_2433_6_1_0_val.jpg,28
fairface_2730_0_4_1_val.jpg,32
fairface_7896_5_3_0_val.jpg,33
fairface_2394_1_4_0_val.jpg,33
fairface_4795_1_4_0_val.jpg,34
fairface_7450_5_4_1_val.jpg,32
fairface_3052_0_2_0_val.jpg,32
fairface_3344_3_2_1_val.jpg,36
fairface_9828_4_4_1_val.jpg,25
fairface_613_5_4_1_val.jpg,31
fairface_10341_1_7_1_val.jpg,47
fairface_1865_1_4_1_val.jpg,38
fairface_4763_2_1_0_val.jpg,29
fairface_9654_0_7_1_val.jpg,34
fairface_1405_3_3_0_val.jpg,29
fairface_8577_3_5_1_val.jpg,34
fairface_3280_1_3_1_val.jpg,28
fairface_31_0_2_1_val.jpg,29
fairface_2918_2_1_0_val.jpg,29
fairface_6786_5_5_0_val.jpg,40
fairface_10659_1_4_1_val.jpg,33
fairface_2211_5_7_0_val.jpg,39
fairface_5725_2_3_1_val.jpg,31
fairface_5382_6_2_0_val.jpg,28
fairface_7970_5_3_0_val.jpg,32
fairface_3064_5_4_1_val.jpg,34
fairface_2791_4_5_0_val.jpg,27
fairface_8064_2_4_0_val.jpg,28
fairface_1843_2_5_0_val.jpg,30
fairface_5048_4_3_1_val.jpg,33
fairface_8071_6_2_0_val.jpg,28
fairface_484_2_2_1_val.jpg,26
fairface_5654_2_5_0_val.jpg,37
fairface_10431_3_4_0_val.jpg,33
fairface_8296_5_5_0_val.jpg,27
fairface_3907_5_1_0_val.jpg,33
fairface_5854_2_3_1_val.jpg,33
fairface_1472_0_4_0_val.jpg,32
fairface_2178_6_7_0_val.jpg,42
fairface_3643_5_1_1_val.jpg,30
fairface_9251_3_3_1_val.jpg,29
fairface_10524_0_4_0_val.jpg,31
fairface_6498_3_5_1_val.jpg,39
fairface_1150_3_1_1_val.jpg,30
fairface_9260_5_3_0_val.jpg,25
fairface_10141_5_4_1_val.jpg,35
fairface_4545_5_5_0_val.jpg,29
fairface_10001_3_4_0_val.jpg,24
fairface_4136_3_4_1_val.jpg,32
fairface_8785_6_3_1_val.jpg,36
fairface_6891_2_2_1_val.jpg,28
fairface_2217_1_3_1_val.jpg,33
fairface_10267_4_1_0_val.jpg,25
fairface_1607_0_3_1_val.jpg,30
fairface_8626_0_2_1_val.jpg,25
fairface_7025_4_2_0_val.jpg,30
fairface_704_4_3_0_val.jpg,33
fairface_9643_5_6_1_val.jpg,47
fairface_5578_6_3_1_val.jpg,27
fairface_2468_5_3_0_val.jpg,31
fairface_8504_3_3_0_val.jpg,27
fairface_4600_5_2_1_val.jpg,31
fairface_10370_3_3_1_val.jpg,34
fairface_790_3_1_1_val.jpg,31
fairface_76_2_6_1_val.jpg,34
fairface_7586_3_3_1_val.jpg,34
fairface_5967_4_4_0_val.jpg,37
fairface_2544_5_5_0_val.jpg,29
fairface_10545_1_7_0_val.jpg,46
fairface_8746_3_4_0_val.jpg,31
fairface_2436_5_4_1_val.jpg,32
fairface_8325_6_6_0_val.jpg,29
fairface_5401_3_5_0_val.jpg,37
fairface_9259_1_5_1_val.jpg,41
fairface_2506_5_1_0_val.jpg,27
fairface_908_3_4_1_val.jpg,26
fairface_10795_3_6_1_val.jpg,36
fairface_10435_3_3_1_val.jpg,30
fairface_4456_5_1_0_val.jpg,36
fairface_2293_0_3_1_val.jpg,31
fairface_1750_6_4_0_val.jpg,26
fairface_3654_3_6_0_val.jpg,29
fairface_7691_6_2_1_val.jpg,33
fairface_1844_5_3_1_val.jpg,28
fairface_6639_4_2_0_val.jpg,31
fairface_2907_1_4_1_val.jpg,35
fairface_5755_1_2_1_val.jpg,34
fairface_2713_1_3_1_val.jpg,32
fairface_9379_1_5_0_val.jpg,28
fairface_3258_3_0_0_val.jpg,26
fairface_8143_1_4_1_val.jpg,31
fairface_14_1_7_1_val.jpg,51
fairface_2694_0_1_1_val.jpg,30
fairface_641_1_3_0_val.jpg,25
fairface_5059_6_1_0_val.jpg,26
fairface_5692_6_3_0_val.jpg,39
fairface_10592_3_4_1_val.jpg,32
fairface_7758_0_3_1_val.jpg,27
fairface_1384_4_3_0_val.jpg,32
fairface_9237_3_3_1_val.jpg,35
fairface_4731_5_2_0_val.jpg,27
fairface_4583_3_3_0_val.jpg,26
fairface_2114_4_4_1_val.jpg,25
fairface_3000_0_7_0_val.jpg,45
fairface_2952_4_3_1_val.jpg,36
fairface_9772_6_1_1_val.jpg,30
fairface_2170_4_1_1_val.jpg,30
fairface_9923_0_1_0_val.jpg,23
fairface_3967_5_3_1_val.jpg,30
fairface_9380_5_4_1_val.jpg,34
fairface_8592_2_4_1_val.jpg,27
fairface_9694_6_0_0_val.jpg,30
fairface_6739_3_1_0_val.jpg,32
fairface_8906_4_3_0_val.jpg,31
fairface_5651_0_2_0_val.jpg,31
fairface_4595_6_2_0_val.jpg,30
fairface_7055_2_1_1_val.jpg,29
fairface_9176_5_3_1_val.jpg,39
fairface_453_3_3_1_val.jpg,34
fairface_6300_3_4_0_val.jpg,29
fairface_1502_5_6_1_val.jpg,33
fairface_8339_1_5_0_val.jpg,32
fairface_3950_0_1_1_val.jpg,30
fairface_2869_4_6_1_val.jpg,37
fairface_2156_6_7_0_val.jpg,35
fairface_770_5_7_1_val.jpg,33
fairface_2853_3_1_0_val.jpg,25
fairface_3371_3_2_1_val.jpg,30
fairface_8520_2_4_0_val.jpg,30
fairface_3275_3_5_0_val.jpg,33
fairface_1853_2_4_1_val.jpg,28
fairface_8109_5_2_0_val.jpg,30
fairface_2741_4_5_1_val.jpg,29
fairface_6189_1_1_1_val.jpg,26
fairface_6272_5_4_0_val.jpg,31
fairface_7689_0_2_1_val.jpg,34
fairface_1761_0_3_1_val.jpg,34
fairface_1964_2_3_0_val.jpg,30
fairface_7916_1_5_1_val.jpg,45
fairface_9483_6_3_1_val.jpg,33
fairface_3527_1_3_1_val.jpg,31
fairface_10633_0_3_1_val.jpg,29
fairface_6637_3_2_1_val.jpg,32
fairface_9883_3_3_1_val.jpg,32
fairface_10672_5_3_1_val.jpg,29
fairface_5620_6_2_0_val.jpg,34
fairface_533_6_5_0_val.jpg,31
fairface_9140_2_3_0_val.jpg,23
fairface_1664_3_3_1_val.jpg,40
fairface_4117_2_3_0_val.jpg,25
fairface_1562_3_3_1_val.jpg,31
fairface_8183_4_3_0_val.jpg,33
fairface_4260_4_7_0_val.jpg,49
fairface_3885_4_6_0_val.jpg,50
fairface_10059_2_2_0_val.jpg,31
fairface_1507_5_2_1_val.jpg,28
fairface_4879_4_5_0_val.jpg,38
fairface_6853_5_5_0_val.jpg,38
fairface_3400_2_4_0_val.jpg,25
fairface_4551_0_3_0_val.jpg,28
fairface_678_4_5_0_val.jpg,32
fairface_1981_2_4_0_val.jpg,39
fairface_7295_3_5_0_val.jpg,46
fairface_507_1_1_1_val.jpg,31
fairface_6691_1_3_1_val.jpg,34
fairface_4300_0_4_0_val.jpg,39
fairface_5002_3_0_0_val.jpg,33
fairface_772_4_2_1_val.jpg,30
fairface_3691_5_4_0_val.jpg,29
fairface_7473_6_1_0_val.jpg,26
fairface_10030_4_2_0_val.jpg,37
fairface_2324_5_3_1_val.jpg,29
fairface_9787_3_3_1_val.jpg,32
fairface_8860_6_3_0_val.jpg,30
fairface_6331_3_4_0_val.jpg,31
fairface_1002_5_4_1_val.jpg,32
fairface_1471_5_1_1_val.jpg,17
fairface_2102_5_5_1_val.jpg,33
fairface_10386_1_4_0_val.jpg,31
fairface_10573_2_4_1_val.jpg,30
fairface_4489_4_2_0_val.jpg,30
fairface_10319_3_0_0_val.jpg,39
fairface_1920_1_3_1_val.jpg,28
fairface_1495_3_6_1_val.jpg,42
fairface_8227_3_3_1_val.jpg,32
fairface_9837_6_3_0_val.jpg,29
fairface_7748_2_7_1_val.jpg,28
fairface_4058_6_3_1_val.jpg,29
fairface_8783_3_3_1_val.jpg,38
fairface_3394_0_7_0_val.jpg,45
fairface_2388_3_3_1_val.jpg,40
fairface_5776_4_4_0_val.jpg,29
fairface_5358_4_7_0_val.jpg,51
fairface_6408_2_1_0_val.jpg,27
fairface_851_2_3_1_val.jpg,31
fairface_10755_6_2_1_val.jpg,30
fairface_702_5_1_1_val.jpg,31
fairface_2364_1_6_1_val.jpg,33
fairface_7857_3_4_1_val.jpg,38
fairface_10833_6_6_1_val.jpg,33
fairface_966_2_5_1_val.jpg,36
fairface_314_1_4_0_val.jpg,32
fairface_3402_6_2_1_val.jpg,26
fairface_7103_5_2_0_val.jpg,25
fairface_22_2_3_1_val.jpg,30
fairface_3942_2_1_0_val.jpg,34
fairface_6422_6_4_0_val.jpg,36
fairface_6344_6_1_1_val.jpg,31
fairface_7898_5_5_0_val.jpg,37
fairface_2938_1_2_1_val.jpg,26
fairface_2895_0_5_0_val.jpg,23
fairface_5280_5_4_1_val.jpg,33
fairface_6444_6_4_1_val.jpg,32
fairface_2776_0_3_1_val.jpg,30
fairface_8591_2_1_0_val.jpg,29
fairface_4862_6_2_0_val.jpg,24
fairface_7605_2_4_0_val.jpg,41
fairface_3946_2_4_0_val.jpg,33
fairface_6963_3_6_1_val.jpg,44
fairface_7106_3_0_1_val.jpg,33
fairface_7272_1_8_1_val.jpg,42
fairface_2373_0_4_1_val.jpg,30
fairface_5573_4_5_0_val.jpg,28
fairface_10056_1_5_1_val.jpg,32
fairface_3558_6_2_0_val.jpg,24
fairface_9460_1_3_0_val.jpg,33
fairface_4953_0_4_0_val.jpg,28
fairface_9580_3_2_0_val.jpg,31
fairface_5063_0_6_0_val.jpg,27
fairface_2617_4_3_1_val.jpg,45
fairface_9369_4_3_0_val.jpg,27
fairface_4274_1_1_1_val.jpg,43
fairface_4992_4_2_1_val.jpg,30
fairface_5069_6_1_0_val.jpg,29
fairface_3712_2_6_0_val.jpg,38
fairface_5987_5_5_0_val.jpg,34
fairface_4171_2_5_0_val.jpg,38
fairface_5114_6_4_1_val.jpg,27
fairface_1526_6_3_0_val.jpg,30
fairface_9521_5_4_0_val.jpg,25
fairface_2359_6_3_1_val.jpg,40
fairface_8059_6_4_0_val.jpg,33
fairface_643_3_4_0_val.jpg,34
fairface_2851_1_1_0_val.jpg,26
fairface_3271_2_4_1_val.jpg,30
fairface_4734_5_3_0_val.jpg,25
fairface_10877_2_5_1_val.jpg,42
fairface_2516_5_3_1_val.jpg,32
fairface_9148_4_3_0_val.jpg,27
fairface_878_1_4_0_val.jpg,29
fairface_10647_4_4_0_val.jpg,31
fairface_7008_2_2_0_val.jpg,34
fairface_3935_3_5_1_val.jpg,28
fairface_1635_0_4_0_val.jpg,34
fairface_7712_3_3_1_val.jpg,39
fairface_5256_6_2_1_val.jpg,30
fairface_6792_0_1_1_val.jpg,28
fairface_1947_6_3_0_val.jpg,34
fairface_1687_3_1_1_val.jpg,27
fairface_6759_1_4_1_val.jpg,38
fairface_6713_0_3_0_val.jpg,30
fairface_3584_3_4_0_val.jpg,45
fairface_4354_4_5_0_val.jpg,28
fairface_4549_5_2_0_val.jpg,24
fairface_5417_4_3_1_val.jpg,36
fairface_267_5_3_0_val.jpg,24
fairface_4423_3_4_0_val.jpg,33
fairface_8197_1_3_1_val.jpg,31
fairface_98_3_4_0_val.jpg,32
fairface_4350_0_3_1_val.jpg,28
fairface_5255_0_3_0_val.jpg,28
fairface_3532_4_4_0_val.jpg,29
fairface_1249_2_3_1_val.jpg,43
fairface_167_6_3_1_val.jpg,31
fairface_7269_6_2_1_val.jpg,30
fairface_8961_1_4_0_val.jpg,36
fairface_10334_2_0_1_val.jpg,29
fairface_578_5_1_0_val.jpg,22
fairface_7981_3_4_0_val.jpg,33
fairface_8000_2_4_0_val.jpg,32
fairface_6956_5_0_1_val.jpg,37
fairface_8171_2_4_0_val.jpg,29
fairface_2904_3_6_0_val.jpg,48
fairface_5558_3_3_1_val.jpg,29
fairface_6054_1_3_1_val.jpg,27
fairface_2507_5_6_0_val.jpg,43
fairface_2780_5_4_1_val.jpg,29
fairface_6819_2_2_1_val.jpg,35
fairface_4394_0_7_0_val.jpg,32
fairface_9979_0_1_1_val.jpg,34
fairface_9999_3_6_0_val.jpg,26
fairface_4356_2_3_1_val.jpg,34
fairface_2300_3_4_0_val.jpg,31
fairface_7271_0_2_1_val.jpg,25
fairface_179_4_4_0_val.jpg,34
fairface_3475_2_4_0_val.jpg,33
fairface_1449_2_4_1_val.jpg,32
fairface_10638_2_1_0_val.jpg,32
fairface_5763_6_2_0_val.jpg,32
fairface_5374_5_5_1_val.jpg,33
fairface_10882_0_3_0_val.jpg,23
fairface_3839_6_1_1_val.jpg,42
fairface_3706_5_1_1_val.jpg,23
fairface_8494_5_5_1_val.jpg,32
fairface_4412_1_4_1_val.jpg,30
fairface_8432_3_1_0_val.jpg,32
fairface_6610_5_5_1_val.jpg,37
fairface_6410_3_4_1_val.jpg,33
fairface_1198_2_4_1_val.jpg,28
fairface_2508_5_6_0_val.jpg,43
fairface_157_2_1_0_val.jpg,31
fairface_2145_2_4_0_val.jpg,30
fairface_8789_6_1_0_val.jpg,22
fairface_847_3_2_1_val.jpg,31
fairface_361_4_1_0_val.jpg,27
fairface_3209_3_3_1_val.jpg,30
fairface_6863_4_1_0_val.jpg,39
fairface_3570_3_4_0_val.jpg,34
fairface_1392_3_3_1_val.jpg,32
fairface_5940_3_3_0_val.jpg,28
fairface_5202_5_3_0_val.jpg,28
fairface_8940_6_2_0_val.jpg,28
fairface_812_5_6_0_val.jpg,48
fairface_7930_4_2_0_val.jpg,25
fairface_7744_1_3_0_val.jpg,37
fairface_7925_5_3_0_val.jpg,29
fairface_3357_5_3_0_val.jpg,33
fairface_9632_2_3_0_val.jpg,33
fairface_2121_1_2_1_val.jpg,30
fairface_7505_5_5_0_val.jpg,36
fairface_10259_2_4_1_val.jpg,31
fairface_6402_0_3_1_val.jpg,31
fairface_3429_0_4_1_val.jpg,33
fairface_6785_2_3_0_val.jpg,32
fairface_4816_3_4_0_val.jpg,27
fairface_6288_3_3_1_val.jpg,36
fairface_8112_1_5_1_val.jpg,32
fairface_4472_0_3_0_val.jpg,27
fairface_477_1_3_0_val.jpg,33
fairface_3652_3_3_1_val.jpg,33
fairface_2355_2_5_1_val.jpg,35
fairface_6780_5_2_1_val.jpg,38
fairface_6868_4_3_0_val.jpg,25
fairface_8034_4_4_0_val.jpg,33
fairface_3837_3_5_1_val.jpg,39
fairface_6113_3_4_1_val.jpg,30
fairface_8830_6_3_1_val.jpg,31
fairface_2865_5_5_1_val.jpg,34
fairface_6308_1_2_0_val.jpg,28
fairface_3020_2_2_1_val.jpg,33
fairface_7863_3_3_1_val.jpg,31
fairface_4224_3_3_1_val.jpg,43
fairface_5236_4_5_0_val.jpg,35
fairface_5200_6_4_0_val.jpg,44
fairface_3999_5_4_0_val.jpg,33
fairface_8683_6_3_0_val.jpg,25
fairface_3256_0_6_0_val.jpg,46
fairface_6756_0_3_1_val.jpg,33
fairface_9246_4_5_0_val.jpg,35
fairface_7230_0_4_0_val.jpg,27
fairface_6657_2_2_0_val.jpg,27
fairface_5460_3_3_1_val.jpg,33
fairface_10247_3_4_1_val.jpg,34
fairface_8758_6_5_0_val.jpg,48
fairface_1908_0_4_1_val.jpg,35
fairface_4511_2_1_0_val.jpg,28
fairface_2389_1_3_0_val.jpg,43
fairface_2553_0_3_1_val.jpg,30
fairface_10467_0_3_1_val.jpg,30
fairface_7924_5_1_1_val.jpg,25
fairface_617_6_5_0_val.jpg,31
fairface_6796_2_3_1_val.jpg,29
fairface_172_5_3_1_val.jpg,24
fairface_4504_6_4_0_val.jpg,43
fairface_10332_3_7_0_val.jpg,48
fairface_8215_4_3_0_val.jpg,29
fairface_8535_4_3_1_val.jpg,32
fairface_108_4_3_1_val.jpg,33
fairface_9757_1_5_1_val.jpg,28
fairface_7987_5_6_0_val.jpg,44
fairface_1439_3_4_0_val.jpg,27
fairface_3893_1_7_1_val.jpg,37
fairface_349_4_3_0_val.jpg,31
fairface_5532_5_4_1_val.jpg,31
fairface_9103_5_4_1_val.jpg,35
fairface_8915_0_4_0_val.jpg,32
fairface_5770_4_1_0_val.jpg,30
fairface_8804_1_4_0_val.jpg,32
fairface_3727_1_2_1_val.jpg,24
fairface_6562_5_2_1_val.jpg,28
fairface_6970_5_3_1_val.jpg,31
fairface_182_2_3_1_val.jpg,34
fairface_3849_5_0_0_val.jpg,31
fairface_1893_3_5_1_val.jpg,37
fairface_8979_5_2_1_val.jpg,32
fairface_746_1_1_0_val.jpg,25
fairface_142_1_4_0_val.jpg,29
fairface_897_5_1_0_val.jpg,27
fairface_4044_0_3_1_val.jpg,33
fairface_3260_1_6_1_val.jpg,33
fairface_5297_1_6_1_val.jpg,25
fairface_485_1_2_1_val.jpg,32
fairface_446_2_5_1_val.jpg,34
fairface_174_1_3_1_val.jpg,31
fairface_9656_4_5_0_val.jpg,33
fairface_6631_1_2_0_val.jpg,37
fairface_9127_3_3_1_val.jpg,34
fairface_3887_6_4_0_val.jpg,30
fairface_5128_4_3_1_val.jpg,32
fairface_6143_1_4_0_val.jpg,35
fairface_457_5_0_1_val.jpg,32
fairface_10474_6_3_1_val.jpg,31
fairface_3879_5_4_1_val.jpg,31
fairface_2309_5_4_1_val.jpg,34
fairface_10362_1_3_1_val.jpg,28
fairface_4002_1_4_1_val.jpg,32
fairface_4299_6_1_1_val.jpg,29
fairface_10582_5_3_0_val.jpg,26
fairface_9199_4_4_0_val.jpg,32
fairface_6537_6_2_0_val.jpg,28
fairface_403_1_4_0_val.jpg,31
fairface_1289_2_4_0_val.jpg,31
fairface_2392_5_2_0_val.jpg,34
fairface_5379_5_2_0_val.jpg,25
fairface_6421_1_3_1_val.jpg,27
fairface_7421_6_1_1_val.jpg,28
fairface_9296_3_4_1_val.jpg,27
fairface_10391_5_3_1_val.jpg,32
fairface_9315_1_7_1_val.jpg,45
fairface_1415_0_0_0_val.jpg,28
fairface_1874_4_6_0_val.jpg,29
fairface_5081_3_3_1_val.jpg,33
fairface_5668_3_3_1_val.jpg,25
fairface_3234_0_3_1_val.jpg,31
fairface_9522_6_5_0_val.jpg,32
fairface_366_4_4_0_val.jpg,31
fairface_449_6_2_0_val.jpg,28
fairface_1419_3_3_1_val.jpg,28
fairface_3912_3_6_0_val.jpg,36
fairface_7009_0_4_0_val.jpg,33
fairface_916_5_7_1_val.jpg,42
fairface_2201_2_4_1_val.jpg,30
fairface_6839_5_3_0_val.jpg,27
fairface_4869_4_3_1_val.jpg,32
fairface_10600_3_2_1_val.jpg,32
fairface_7364_3_4_0_val.jpg,31
fairface_1647_4_6_0_val.jpg,44
fairface_701_2_4_0_val.jpg,34
fairface_5133_2_1_0_val.jpg,30
fairface_5244_3_2_0_val.jpg,25
fairface_160_5_2_1_val.jpg,43
fairface_4478_4_7_0_val.jpg,48
fairface_8445_3_3_0_val.jpg,29
fairface_9498_5_2_1_val.jpg,28
fairface_10077_2_2_0_val.jpg,29
fairface_6038_3_5_0_val.jpg,29
fairface_10016_1_6_0_val.jpg,35
fairface_4820_5_3_0_val.jpg,26
fairface_3031_0_3_1_val.jpg,34
fairface_8923_4_5_0_val.jpg,38
fairface_7425_5_3_0_val.jpg,26
fairface_4052_5_3_1_val.jpg,33
fairface_9398_5_2_0_val.jpg,34
fairface_5416_2_1_0_val.jpg,29
fairface_7918_3_6_1_val.jpg,35
fairface_8584_1_3_1_val.jpg,36
fairface_3603_5_3_0_val.jpg,31
fairface_543_1_3_1_val.jpg,34
fairface_4209_5_5_0_val.jpg,31
fairface_5198_4_7_0_val.jpg,50
fairface_10658_0_4_0_val.jpg,27
fairface_5137_1_4_0_val.jpg,29
fairface_5465_1_2_1_val.jpg,35
fairface_3536_0_0_1_val.jpg,31
fairface_2526_3_3_1_val.jpg,36
fairface_3642_1_3_1_val.jpg,27
fairface_7300_6_4_1_val.jpg,28
fairface_6424_5_4_1_val.jpg,29
fairface_5433_2_2_0_val.jpg,25
fairface_9252_5_5_0_val.jpg,34
fairface_7029_3_1_1_val.jpg,30
fairface_7700_3_7_0_val.jpg,49
fairface_1043_2_1_1_val.jpg,35
fairface_10704_1_2_0_val.jpg,28
fairface_6782_4_3_0_val.jpg,35
fairface_4602_3_3_1_val.jpg,30
fairface_2978_5_5_1_val.jpg,34
fairface_1756_3_1_0_val.jpg,34
fairface_4138_3_4_1_val.jpg,30
fairface_8617_5_7_0_val.jpg,30
fairface_10880_3_3_1_val.jpg,29
fairface_2107_5_2_1_val.jpg,30
fairface_1216_3_5_0_val.jpg,38
fairface_480_0_6_1_val.jpg,26
fairface_10934_3_4_1_val.jpg,33
fairface_9639_1_2_0_val.jpg,32
fairface_9949_1_5_0_val.jpg,39
fairface_2522_5_4_1_val.jpg,44
fairface_2018_1_1_1_val.jpg,27
fairface_9385_4_4_0_val.jpg,31
fairface_6937_4_5_0_val.jpg,38
fairface_6462_6_4_1_val.jpg,33
fairface_6353_1_2_1_val.jpg,36
fairface_9967_0_4_1_val.jpg,33
fairface_1451_6_3_0_val.jpg,35
fairface_2480_0_3_1_val.jpg,30
fairface_3728_1_3_0_val.jpg,28
fairface_10338_6_2_0_val.jpg,23
fairface_9026_6_3_0_val.jpg,27
fairface_8177_5_3_1_val.jpg,34
fairface_6090_1_4_0_val.jpg,29
fairface_7147_0_1_0_val.jpg,28
fairface_782_2_6_0_val.jpg,36
fairface_1910_2_6_0_val.jpg,36
fairface_6960_1_7_1_val.jpg,49
fairface_7976_2_3_0_val.jpg,36
fairface_6976_6_2_0_val.jpg,28
fairface_5963_5_4_0_val.jpg,29
fairface_359_6_2_0_val.jpg,22
fairface_3662_2_3_1_val.jpg,29
fairface_1724_4_5_0_val.jpg,31
fairface_7221_0_6_0_val.jpg,33
fairface_7597_2_3_1_val.jpg,25
fairface_3328_0_3_1_val.jpg,31
fairface_4516_3_5_1_val.jpg,40
fairface_6243_3_4_0_val.jpg,33
fairface_7140_0_0_0_val.jpg,22
fairface_6945_0_3_0_val.jpg,36
fairface_8913_3_4_1_val.jpg,22
fairface_7878_6_3_1_val.jpg,33
fairface_312_2_3_0_val.jpg,38
fairface_9511_1_4_0_val.jpg,30
fairface_9576_2_1_0_val.jpg,26
fairface_9856_6_3_1_val.jpg,36
fairface_9968_4_7_0_val.jpg,39
fairface_7213_6_4_0_val.jpg,28
fairface_7737_2_3_1_val.jpg,33
fairface_2832_3_6_1_val.jpg,54
fairface_9407_5_2_1_val.jpg,30
fairface_3136_0_3_0_val.jpg,32
fairface_5669_5_3_1_val.jpg,27
fairface_10307_4_4_1_val.jpg,36
fairface_10514_1_6_1_val.jpg,27
fairface_10637_4_2_1_val.jpg,32
fairface_4213_2_5_1_val.jpg,37
fairface_6493_6_3_1_val.jpg,31
fairface_6065_5_3_0_val.jpg,26
fairface_2913_5_3_1_val.jpg,33
fairface_8863_3_5_1_val.jpg,40
fairface_7633_3_1_1_val.jpg,29
fairface_440_3_3_1_val.jpg,32
fairface_7964_5_5_0_val.jpg,31
fairface_597_3_3_0_val.jpg,29
fairface_8127_4_3_1_val.jpg,30
fairface_4976_1_3_1_val.jpg,32
fairface_1638_2_4_1_val.jpg,31
fairface_9924_6_3_1_val.jpg,29
fairface_1699_1_3_0_val.jpg,45
fairface_5580_0_1_1_val.jpg,28
fairface_9574_1_2_1_val.jpg,32
fairface_7354_2_5_1_val.jpg,25
fairface_3622_5_1_1_val.jpg,26
fairface_5977_5_2_1_val.jpg,25
fairface_3711_4_3_0_val.jpg,27
fairface_10225_5_6_0_val.jpg,33
fairface_10224_3_5_0_val.jpg,29
fairface_4861_0_4_0_val.jpg,31
fairface_8196_2_6_1_val.jpg,31
fairface_5067_0_4_0_val.jpg,38
fairface_5836_3_4_0_val.jpg,30
fairface_3929_2_3_0_val.jpg,35
fairface_9973_4_4_0_val.jpg,39
fairface_9248_4_4_0_val.jpg,32
fairface_6902_2_0_1_val.jpg,31
fairface_8638_5_3_0_val.jpg,29
fairface_5143_3_4_0_val.jpg,32
fairface_9788_6_3_1_val.jpg,28
fairface_5823_3_3_1_val.jpg,30
fairface_9817_6_3_1_val.jpg,26
fairface_350_3_4_0_val.jpg,39
fairface_6148_5_5_1_val.jpg,47
fairface_7869_5_3_1_val.jpg,31
fairface_1197_5_2_1_val.jpg,30
fairface_9517_1_2_0_val.jpg,25
fairface_2828_0_0_0_val.jpg,33
fairface_6638_4_3_1_val.jpg,36
fairface_1951_1_3_1_val.jpg,32
fairface_6418_6_3_1_val.jpg,31
fairface_5201_0_5_0_val.jpg,24
fairface_13_1_2_0_val.jpg,31
fairface_10494_6_4_0_val.jpg,37
fairface_570_3_6_0_val.jpg,47
fairface_2876_5_2_1_val.jpg,31
fairface_6997_1_1_0_val.jpg,23
fairface_7431_6_4_0_val.jpg,34
fairface_2187_4_4_0_val.jpg,24
fairface_8341_4_3_0_val.jpg,36
fairface_589_6_6_1_val.jpg,44
fairface_411_0_1_0_val.jpg,32
fairface_7261_6_3_1_val.jpg,26
fairface_4344_6_4_1_val.jpg,34
fairface_8411_5_4_0_val.jpg,35
fairface_8824_2_3_1_val.jpg,35
fairface_4169_5_6_1_val.jpg,34
fairface_1332_1_3_1_val.jpg,28
fairface_7669_6_1_0_val.jpg,25
fairface_2721_4_3_1_val.jpg,30
fairface_6783_2_6_0_val.jpg,38
fairface_10043_6_3_1_val.jpg,30
fairface_10389_5_2_1_val.jpg,24
fairface_4813_1_6_0_val.jpg,46
fairface_5492_1_7_1_val.jpg,36
fairface_3748_2_1_1_val.jpg,38
fairface_2752_1_4_0_val.jpg,27
fairface_8490_3_4_1_val.jpg,40
fairface_6746_2_2_1_val.jpg,30
fairface_6244_3_4_1_val.jpg,27
fairface_4363_6_2_0_val.jpg,24
fairface_8074_0_1_1_val.jpg,39
fairface_5105_6_5_0_val.jpg,33
fairface_1055_5_1_1_val.jpg,31
fairface_5092_5_1_1_val.jpg,31
fairface_919_2_1_0_val.jpg,28
fairface_5976_5_4_0_val.jpg,39
fairface_10500_6_8_0_val.jpg,47
fairface_2476_2_3_0_val.jpg,25
fairface_5733_5_2_1_val.jpg,27
fairface_10413_3_6_0_val.jpg,38
fairface_3990_2_1_0_val.jpg,27
fairface_10231_0_3_0_val.jpg,30
fairface_2444_5_5_0_val.jpg,38
fairface_5288_2_5_1_val.jpg,31
fairface_5245_1_3_1_val.jpg,32
fairface_1159_3_6_0_val.jpg,46
fairface_5768_4_1_0_val.jpg,33
fairface_10101_2_3_0_val.jpg,25
fairface_8891_3_4_1_val.jpg,29
fairface_6964_3_3_0_val.jpg,30
fairface_7596_3_3_1_val.jpg,27
fairface_953_4_5_0_val.jpg,43
fairface_6103_3_8_0_val.jpg,37
fairface_409_5_3_0_val.jpg,25
fairface_8717_4_7_0_val.jpg,50
fairface_7048_5_1_0_val.jpg,34
fairface_9172_4_5_0_val.jpg,39
fairface_2086_2_1_0_val.jpg,27
fairface_6707_4_3_0_val.jpg,25
fairface_10142_5_1_1_val.jpg,30
fairface_9206_0_3_0_val.jpg,31
fairface_1916_6_3_0_val.jpg,25
fairface_6698_4_3_1_val.jpg,31
fairface_494_3_4_0_val.jpg,37
fairface_374_1_4_0_val.jpg,37
fairface_3544_2_4_1_val.jpg,32
fairface_5151_1_5_1_val.jpg,41
fairface_7239_1_1_0_val.jpg,24
fairface_633_0_3_0_val.jpg,26
fairface_10057_6_3_1_val.jpg,29
fairface_2854_3_3_0_val.jpg,22
fairface_8051_3_3_0_val.jpg,24
fairface_79_3_4_0_val.jpg,35
fairface_9125_0_3_0_val.jpg,34
fairface_9635_5_5_1_val.jpg,28
fairface_10718_3_4_0_val.jpg,43
fairface_5861_4_5_0_val.jpg,29
fairface_4507_3_4_1_val.jpg,33
fairface_3148_3_1_0_val.jpg,31
fairface_7721_1_3_1_val.jpg,32
fairface_574_4_2_1_val.jpg,25
fairface_2563_5_4_0_val.jpg,29
fairface_5777_5_1_1_val.jpg,25
fairface_5316_0_4_0_val.jpg,32
fairface_2697_2_5_0_val.jpg,38
fairface_23_3_4_1_val.jpg,29
fairface_6559_3_5_0_val.jpg,35
fairface_2072_3_3_1_val.jpg,33
fairface_2630_1_1_1_val.jpg,25
fairface_4167_6_4_0_val.jpg,31
fairface_9408_0_6_0_val.jpg,32
fairface_9916_1_1_1_val.jpg,25
fairface_6124_3_4_1_val.jpg,29
fairface_3181_3_1_0_val.jpg,30
fairface_2131_5_7_0_val.jpg,42
fairface_3979_0_4_0_val.jpg,30
fairface_9891_1_3_0_val.jpg,24
fairface_2297_5_4_0_val.jpg,39
fairface_4252_2_2_0_val.jpg,24
fairface_1075_1_3_0_val.jpg,26
fairface_4140_2_3_1_val.jpg,32
fairface_103_1_4_0_val.jpg,40
fairface_8928_6_3_1_val.jpg,32
fairface_7991_3_4_0_val.jpg,32
fairface_10842_5_5_1_val.jpg,35
fairface_900_2_3_1_val.jpg,25
fairface_1817_3_4_1_val.jpg,34
fairface_5889_5_4_1_val.jpg,25
fairface_7383_5_6_0_val.jpg,28
fairface_3018_2_3_1_val.jpg,27
fairface_492_0_2_1_val.jpg,27
fairface_10898_1_1_0_val.jpg,26
fairface_2932_3_3_0_val.jpg,29
fairface_2413_1_7_0_val.jpg,45
fairface_7454_6_2_1_val.jpg,29
fairface_9074_6_2_0_val.jpg,32
fairface_9995_3_4_1_val.jpg,33
fairface_6473_1_4_1_val.jpg,32
fairface_1019_2_2_1_val.jpg,27
fairface_6966_4_5_1_val.jpg,37
fairface_2923_0_3_1_val.jpg,28
fairface_6549_2_3_1_val.jpg,25
fairface_3441_5_3_0_val.jpg,32
fairface_2749_2_3_0_val.jpg,30
fairface_10328_0_3_1_val.jpg,30
fairface_6326_4_4_0_val.jpg,32
fairface_1979_3_4_1_val.jpg,31
fairface_7514_1_3_0_val.jpg,32
fairface_10816_3_4_0_val.jpg,30
fairface_458_3_2_1_val.jpg,28
fairface_5250_3_2_0_val.jpg,29
fairface_6983_5_5_1_val.jpg,34
fairface_8011_0_5_0_val.jpg,36
fairface_7831_4_6_1_val.jpg,38
fairface_7358_0_5_0_val.jpg,41
fairface_1769_5_3_0_val.jpg,34
fairface_3971_6_4_0_val.jpg,32
fairface_6582_1_3_1_val.jpg,33
fairface_8079_0_4_1_val.jpg,24
fairface_3869_2_1_0_val.jpg,28
fairface_4050_4_1_0_val.jpg,29
fairface_5100_0_3_0_val.jpg,28
fairface_3548_6_3_1_val.jpg,37
fairface_10330_3_4_1_val.jpg,33
fairface_9187_0_2_0_val.jpg,32
fairface_7031_3_2_0_val.jpg,28
fairface_1388_0_3_1_val.jpg,33
fairface_958_2_7_1_val.jpg,46
fairface_6688_1_4_0_val.jpg,36
fairface_2200_1_3_0_val.jpg,29
fairface_8715_6_6_1_val.jpg,40
fairface_9830_0_0_1_val.jpg,28
fairface_10743_3_3_1_val.jpg,28
fairface_10590_4_2_1_val.jpg,30
fairface_5022_3_5_0_val.jpg,31
fairface_8712_1_3_1_val.jpg,30
fairface_4819_0_6_1_val.jpg,46
fairface_2833_1_3_0_val.jpg,33
fairface_8383_4_7_0_val.jpg,50
fairface_10593_5_6_0_val.jpg,26
fairface_5277_4_3_1_val.jpg,33
fairface_8039_4_6_0_val.jpg,31
fairface_2700_2_4_0_val.jpg,29
fairface_5624_2_2_1_val.jpg,29
fairface_2509_3_1_0_val.jpg,41
fairface_5028_1_2_1_val.jpg,30
fairface_4939_0_0_0_val.jpg,26
fairface_9111_5_4_1_val.jpg,39
fairface_10291_3_4_1_val.jpg,37
fairface_1864_3_2_0_val.jpg,26
fairface_6431_6_4_1_val.jpg,27
fairface_3264_0_5_0_val.jpg,40
fairface_5070_0_2_1_val.jpg,32
fairface_5396_5_3_1_val.jpg,39
fairface_2931_6_4_1_val.jpg,32
fairface_4462_5_5_0_val.jpg,24
fairface_5223_4_4_0_val.jpg,27
