image_path,person,roll,yaw,pitch
dlib/intra-sim/Gray_Davis_/3.png,intra-sim/Gray_Davis_,1.3322198538696388,13.862068965517253,-39.71165495517326
dlib/intra-sim/Gray_Davis_/15.png,intra-sim/Gray_Davis_,-5.856013585428958,6.3908794788273156,-34.70588235294129
dlib/intra-sim/Gray_Davis_/16.png,intra-sim/Gray_Davis_,7.125016348901798,58.48484848484853,-32.291457286432234
dlib/intra-sim/Gray_Davis_/13.png,intra-sim/Gray_Davis_,6.009005957494525,-17.752293577981575,-28.77425944841675
dlib/intra-sim/Gray_Davis_/1.png,intra-sim/Gray_Davis_,-13.324531261890783,-30.297661233167855,-39.39469734867439
dlib/intra-sim/Gray_Davis_/7.png,intra-sim/Gray_Davis_,-1.3971810272963767,-7.427330437687999,-34.083697401701485
dlib/intra-sim/Gray_Davis_/9.png,intra-sim/Gray_Davis_,13.671307132195835,-13.910256410256425,-39.137418203450295
dlib/intra-sim/Gray_Davis_/18.png,intra-sim/Gray_Davis_,-3.90049374238189,10.296167247386803,-10.414386239249453
dlib/intra-sim/Gray_Davis_/17.png,intra-sim/Gray_Davis_,-8.130102354155978,46.62650602409633,-27.02623906705533
dlib/intra-sim/Gray_Davis_/10.png,intra-sim/Gray_Davis_,-2.7927023657132835,-26.661654135338345,-18.285847734703452
dlib/intra-sim/Gray_Davis_/20.png,intra-sim/Gray_Davis_,0.0,31.764705882352946,-27.39130434782609
dlib/intra-sim/Gray_Davis_/14.png,intra-sim/Gray_Davis_,2.726310993906266,16.518987341772032,-19.408945686900974
dlib/intra-sim/Gray_Davis_/11.png,intra-sim/Gray_Davis_,0.0,-20.60240963855422,-36.81818181818182
dlib/intra-sim/Gray_Davis_/12.png,intra-sim/Gray_Davis_,2.6025622024998065,12.90137614678909,-27.412031782065768
dlib/intra-sim/Gray_Davis_/2.png,intra-sim/Gray_Davis_,-6.519801751656986,8.729882557633772,-11.083743842364555
dlib/intra-sim/Gray_Davis_/19.png,intra-sim/Gray_Davis_,-8.130102354155978,-23.74722838137467,-29.105812220566435
dlib/intra-sim/Gray_Davis_/8.png,intra-sim/Gray_Davis_,-6.1701750950296095,-11.824817518248182,-27.325642370215057
dlib/intra-sim/Gray_Davis_/4.png,intra-sim/Gray_Davis_,-1.4320961841646465,-14.301369863013775,-46.136518771331005
dlib/intra-sim/Gray_Davis_/5.png,intra-sim/Gray_Davis_,-10.784297867562598,10.783410138248769,-48.84691848906569
dlib/intra-sim/Gray_Davis_/6.png,intra-sim/Gray_Davis_,-8.130102354155978,-21.818181818181785,-26.22857142857152
dlib/intra-sim/Paul_Bremer_/3.png,intra-sim/Paul_Bremer_,7.125016348901798,8.57835218093706,-35.00000000000005
dlib/intra-sim/Paul_Bremer_/15.png,intra-sim/Paul_Bremer_,-10.713123022791038,33.231279970490704,-25.39591836734691
dlib/intra-sim/Paul_Bremer_/16.png,intra-sim/Paul_Bremer_,-12.68038349181982,31.09495824311786,-7.2919527602307
dlib/intra-sim/Paul_Bremer_/13.png,intra-sim/Paul_Bremer_,5.710593137499643,-14.623513870541544,-31.43634385201307
dlib/intra-sim/Paul_Bremer_/1.png,intra-sim/Paul_Bremer_,-11.003540851749504,60.36585365853665,-19.543973941368236
dlib/intra-sim/Paul_Bremer_/7.png,intra-sim/Paul_Bremer_,6.952957468173915,11.268485047650271,-15.539390612132948
dlib/intra-sim/Paul_Bremer_/9.png,intra-sim/Paul_Bremer_,-12.200468727380786,6.91299599563159,-30.314960629921323
dlib/intra-sim/Paul_Bremer_/18.png,intra-sim/Paul_Bremer_,6.009005957494525,22.10982658959537,-22.28773584905663
dlib/intra-sim/Paul_Bremer_/17.png,intra-sim/Paul_Bremer_,6.519801751656986,-5.102897942041253,-26.5818921668362
dlib/intra-sim/Paul_Bremer_/10.png,intra-sim/Paul_Bremer_,-13.70696100407981,-19.55056179775282,-37.551068325898136
dlib/intra-sim/Paul_Bremer_/20.png,intra-sim/Paul_Bremer_,0.0,5.696202531645568,-24.545454545454547
dlib/intra-sim/Paul_Bremer_/14.png,intra-sim/Paul_Bremer_,9.462322208025617,0.6443914081144726,-9.8437499999999
dlib/intra-sim/Paul_Bremer_/11.png,intra-sim/Paul_Bremer_,-10.713123022791038,9.087509349289505,-25.822571588995004
dlib/intra-sim/Paul_Bremer_/12.png,intra-sim/Paul_Bremer_,0.0,8.181818181818187,-35.78313253012048
dlib/intra-sim/Paul_Bremer_/2.png,intra-sim/Paul_Bremer_,-5.710593137499643,-2.0930232558140034,-29.017400204708224
dlib/intra-sim/Paul_Bremer_/19.png,intra-sim/Paul_Bremer_,7.495857639729858,28.536585365853696,-42.705488994148666
dlib/intra-sim/Paul_Bremer_/8.png,intra-sim/Paul_Bremer_,-4.289153328819018,8.26649417852525,-28.784370477568785
dlib/intra-sim/Paul_Bremer_/4.png,intra-sim/Paul_Bremer_,-11.309932474020211,-34.578947368421154,-41.76000000000002
dlib/intra-sim/Paul_Bremer_/5.png,intra-sim/Paul_Bremer_,-8.530765609948133,4.350282485875624,-35.90862944162437
dlib/intra-sim/Paul_Bremer_/6.png,intra-sim/Paul_Bremer_,7.594643368591445,35.19276160503543,-26.04320636725403
dlib/intra-sim/Junichiro_Koizumi_/3.png,intra-sim/Junichiro_Koizumi_,-8.74616226255521,1.34903640256951,-19.34853420195431
dlib/intra-sim/Junichiro_Koizumi_/15.png,intra-sim/Junichiro_Koizumi_,-4.398705354995532,-10.664451827242502,-32.340585146286514
dlib/intra-sim/Junichiro_Koizumi_/16.png,intra-sim/Junichiro_Koizumi_,-9.211026540816668,47.7630035197497,-25.33891850723532
dlib/intra-sim/Junichiro_Koizumi_/13.png,intra-sim/Junichiro_Koizumi_,-8.74616226255521,36.20266120777882,-51.32921174652241
dlib/intra-sim/Junichiro_Koizumi_/1.png,intra-sim/Junichiro_Koizumi_,-5.572197803963796,35.09161041465762,-37.808691653253554
dlib/intra-sim/Junichiro_Koizumi_/7.png,intra-sim/Junichiro_Koizumi_,-5.440332031005506,-11.006369426751531,-27.174515235457072
dlib/intra-sim/Junichiro_Koizumi_/9.png,intra-sim/Junichiro_Koizumi_,-1.4688007143858246,-4.706094482509911,-48.9702198719733
dlib/intra-sim/Junichiro_Koizumi_/18.png,intra-sim/Junichiro_Koizumi_,9.246112745563252,-5.181347150259185,-39.052273693157694
dlib/intra-sim/Junichiro_Koizumi_/17.png,intra-sim/Junichiro_Koizumi_,-4.1849161251184155,-1.836734693877432,-30.620738302374917
dlib/intra-sim/Junichiro_Koizumi_/10.png,intra-sim/Junichiro_Koizumi_,-1.3322198538696388,-17.04871060171915,-45.28236114338833
dlib/intra-sim/Junichiro_Koizumi_/20.png,intra-sim/Junichiro_Koizumi_,1.3971810272963767,6.320474777448098,-32.077104642014234
dlib/intra-sim/Junichiro_Koizumi_/14.png,intra-sim/Junichiro_Koizumi_,-4.398705354995532,30.257787325456505,-35.058548009367726
dlib/intra-sim/Junichiro_Koizumi_/11.png,intra-sim/Junichiro_Koizumi_,-5.710593137499643,-16.545961002785603,-36.054490413723464
dlib/intra-sim/Junichiro_Koizumi_/12.png,intra-sim/Junichiro_Koizumi_,-6.009005957494525,36.37444279346202,-38.543478260869605
dlib/intra-sim/Junichiro_Koizumi_/2.png,intra-sim/Junichiro_Koizumi_,-2.935673446421173,37.91489361702112,-40.098135426889165
dlib/intra-sim/Junichiro_Koizumi_/19.png,intra-sim/Junichiro_Koizumi_,-5.856013585428958,42.79610976033345,-34.19047619047622
dlib/intra-sim/Junichiro_Koizumi_/8.png,intra-sim/Junichiro_Koizumi_,-7.305759533310824,28.573962398013407,-56.79235119849181
dlib/intra-sim/Junichiro_Koizumi_/4.png,intra-sim/Junichiro_Koizumi_,6.340191745909909,-16.54596100278546,-41.58110882956887
dlib/intra-sim/Junichiro_Koizumi_/5.png,intra-sim/Junichiro_Koizumi_,-7.907162702958458,33.71541501976293,-38.10018326206469
dlib/intra-sim/Junichiro_Koizumi_/6.png,intra-sim/Junichiro_Koizumi_,6.78897457443879,-12.984244670991773,-37.98479087452469
dlib/intra-sim/Tom_Daschle_/3.png,intra-sim/Tom_Daschle_,0.0,-12.222222222222229,-28.799999999999997
dlib/intra-sim/Tom_Daschle_/15.png,intra-sim/Tom_Daschle_,0.0,6.521739130434781,-31.304347826086953
dlib/intra-sim/Tom_Daschle_/16.png,intra-sim/Tom_Daschle_,1.363927531602919,20.60240963855422,-34.6649177200096
dlib/intra-sim/Tom_Daschle_/13.png,intra-sim/Tom_Daschle_,-8.74616226255521,-8.0942184154176,-37.52542372881363
dlib/intra-sim/Tom_Daschle_/1.png,intra-sim/Tom_Daschle_,1.5911402711945877,-18.880597014925257,-36.85403445149602
dlib/intra-sim/Tom_Daschle_/7.png,intra-sim/Tom_Daschle_,-10.713123022791038,-23.343534812547887,-32.32715008431702
dlib/intra-sim/Tom_Daschle_/9.png,intra-sim/Tom_Daschle_,-4.085616779974877,-8.136531365313672,-53.83747178329561
dlib/intra-sim/Tom_Daschle_/18.png,intra-sim/Tom_Daschle_,0.0,22.799999999999997,-48.795180722891565
dlib/intra-sim/Tom_Daschle_/17.png,intra-sim/Tom_Daschle_,-11.040940180323732,4.268149882903913,-52.81481481481475
dlib/intra-sim/Tom_Daschle_/10.png,intra-sim/Tom_Daschle_,1.6846843178962914,4.495592556317419,-36.55462184873952
dlib/intra-sim/Tom_Daschle_/20.png,intra-sim/Tom_Daschle_,-1.245364266768347,11.879413362303085,-21.45958986730993
dlib/intra-sim/Tom_Daschle_/14.png,intra-sim/Tom_Daschle_,-2.5448043798130957,3.8208709942481818,-46.88645460290702
dlib/intra-sim/Tom_Daschle_/11.png,intra-sim/Tom_Daschle_,17.5924245621816,-13.736983040761586,-26.844477836213407
dlib/intra-sim/Tom_Daschle_/12.png,intra-sim/Tom_Daschle_,8.74616226255521,-0.6501547987615908,-40.66162570888459
dlib/intra-sim/Tom_Daschle_/2.png,intra-sim/Tom_Daschle_,0.0,-9.473684210526317,-25.05154639175258
dlib/intra-sim/Tom_Daschle_/19.png,intra-sim/Tom_Daschle_,0.0,67.0212765957447,-39.23076923076923
dlib/intra-sim/Tom_Daschle_/8.png,intra-sim/Tom_Daschle_,-1.3322198538696388,19.683562027443273,-42.82177113540039
dlib/intra-sim/Tom_Daschle_/4.png,intra-sim/Tom_Daschle_,16.990823291986167,-28.674033149171287,-17.615267175572413
dlib/intra-sim/Tom_Daschle_/5.png,intra-sim/Tom_Daschle_,6.78897457443879,-6.610169491525568,-37.699438887533574
dlib/intra-sim/Tom_Daschle_/6.png,intra-sim/Tom_Daschle_,-1.363927531602919,-19.481707317073216,-43.46210995542355
dlib/intra-sim/Atal_Bihari_Vajpayee_/3.png,intra-sim/Atal_Bihari_Vajpayee_,0.0,-5.172413793103445,-30.0
dlib/intra-sim/Atal_Bihari_Vajpayee_/15.png,intra-sim/Atal_Bihari_Vajpayee_,2.245742565895071,12.87810843864655,-56.945102260495226
dlib/intra-sim/Atal_Bihari_Vajpayee_/16.png,intra-sim/Atal_Bihari_Vajpayee_,1.245364266768347,-20.797546012270047,-28.950602694398484
dlib/intra-sim/Atal_Bihari_Vajpayee_/13.png,intra-sim/Atal_Bihari_Vajpayee_,6.4830736928972374,-20.720986330742377,-31.470588235294116
dlib/intra-sim/Atal_Bihari_Vajpayee_/1.png,intra-sim/Atal_Bihari_Vajpayee_,-1.6365770416167182,9.920948616600851,-7.686159023979812
dlib/intra-sim/Atal_Bihari_Vajpayee_/7.png,intra-sim/Atal_Bihari_Vajpayee_,1.3971810272963767,-6.827212522576929,-56.198830409356646
dlib/intra-sim/Atal_Bihari_Vajpayee_/9.png,intra-sim/Atal_Bihari_Vajpayee_,0.0,28.588235294117652,-46.09756097560975
dlib/intra-sim/Atal_Bihari_Vajpayee_/18.png,intra-sim/Atal_Bihari_Vajpayee_,-2.726310993906266,29.56124314442424,-37.530791788856426
dlib/intra-sim/Atal_Bihari_Vajpayee_/17.png,intra-sim/Atal_Bihari_Vajpayee_,2.2025981617658057,15.305642633228842,-33.13469387755104
dlib/intra-sim/Atal_Bihari_Vajpayee_/10.png,intra-sim/Atal_Bihari_Vajpayee_,5.856013585428958,-45.86086956521751,-24.35980551053487
dlib/intra-sim/Atal_Bihari_Vajpayee_/20.png,intra-sim/Atal_Bihari_Vajpayee_,2.489552921999156,-12.571428571428598,-35.090909090909136
dlib/intra-sim/Atal_Bihari_Vajpayee_/14.png,intra-sim/Atal_Bihari_Vajpayee_,1.5074357587749678,-2.0486656200942264,-23.038785834738743
dlib/intra-sim/Atal_Bihari_Vajpayee_/11.png,intra-sim/Atal_Bihari_Vajpayee_,6.981057406829795,12.158124092135282,-72.31057764441107
dlib/intra-sim/Atal_Bihari_Vajpayee_/12.png,intra-sim/Atal_Bihari_Vajpayee_,4.398705354995532,19.03294367693935,-39.45319740500474
dlib/intra-sim/Atal_Bihari_Vajpayee_/2.png,intra-sim/Atal_Bihari_Vajpayee_,-1.3322198538696388,21.944922547332222,-36.165327210103264
dlib/intra-sim/Atal_Bihari_Vajpayee_/19.png,intra-sim/Atal_Bihari_Vajpayee_,-1.4320961841646465,-18.653908530651975,-46.04198826798385
dlib/intra-sim/Atal_Bihari_Vajpayee_/8.png,intra-sim/Atal_Bihari_Vajpayee_,-4.1849161251184155,6.570552147239269,-12.081280788177438
dlib/intra-sim/Atal_Bihari_Vajpayee_/4.png,intra-sim/Atal_Bihari_Vajpayee_,2.8624052261117474,-13.414313854234976,-32.62653898768802
dlib/intra-sim/Atal_Bihari_Vajpayee_/5.png,intra-sim/Atal_Bihari_Vajpayee_,4.635463426902642,-37.236533957845445,-45.37095751426761
dlib/intra-sim/Atal_Bihari_Vajpayee_/6.png,intra-sim/Atal_Bihari_Vajpayee_,-1.363927531602919,12.302991315535593,-4.610655737704789
dlib/intra-sim/Guillermo_Coria_/3.png,intra-sim/Guillermo_Coria_,-1.4320961841646465,2.7640904488694247,-10.823723228994936
dlib/intra-sim/Guillermo_Coria_/15.png,intra-sim/Guillermo_Coria_,7.305759533310824,3.054151624548723,-28.445070422535274
dlib/intra-sim/Guillermo_Coria_/16.png,intra-sim/Guillermo_Coria_,12.200468727380786,8.371285218062496,-31.52336987882279
dlib/intra-sim/Guillermo_Coria_/13.png,intra-sim/Guillermo_Coria_,0.0,-29.07692307692308,-8.57142857142857
dlib/intra-sim/Guillermo_Coria_/1.png,intra-sim/Guillermo_Coria_,-1.6846843178962914,-4.8760330578511315,-19.357541899441372
dlib/intra-sim/Guillermo_Coria_/7.png,intra-sim/Guillermo_Coria_,4.398705354995532,-21.07221006564562,-28.309859154929576
dlib/intra-sim/Guillermo_Coria_/9.png,intra-sim/Guillermo_Coria_,9.462322208025617,-22.39234449760778,-17.86516853932578
dlib/intra-sim/Guillermo_Coria_/18.png,intra-sim/Guillermo_Coria_,10.43747535111818,-2.3887850467289553,-21.00000000000003
dlib/intra-sim/Guillermo_Coria_/17.png,intra-sim/Guillermo_Coria_,6.4830736928972374,0.5615428247306369,-19.14520666522401
dlib/intra-sim/Guillermo_Coria_/10.png,intra-sim/Guillermo_Coria_,-10.175510843043206,-35.28507367072383,-15.580011897679896
dlib/intra-sim/Guillermo_Coria_/20.png,intra-sim/Guillermo_Coria_,-4.763641690726177,66.10446137105549,-43.75000000000001
dlib/intra-sim/Guillermo_Coria_/14.png,intra-sim/Guillermo_Coria_,0.0,-1.1392405063291164,1.9148936170212776
dlib/intra-sim/Guillermo_Coria_/11.png,intra-sim/Guillermo_Coria_,-10.713123022791038,-23.68797141722915,-14.717488789237793
dlib/intra-sim/Guillermo_Coria_/12.png,intra-sim/Guillermo_Coria_,0.0,-1.3043478260869534,-11.647058823529406
dlib/intra-sim/Guillermo_Coria_/2.png,intra-sim/Guillermo_Coria_,4.899092453787765,1.059747056258118,-27.933130699088103
dlib/intra-sim/Guillermo_Coria_/19.png,intra-sim/Guillermo_Coria_,6.1701750950296095,-12.889447236180873,6.824752726350624
dlib/intra-sim/Guillermo_Coria_/8.png,intra-sim/Guillermo_Coria_,7.305759533310824,0.3567567567567238,-28.32649712879416
dlib/intra-sim/Guillermo_Coria_/4.png,intra-sim/Guillermo_Coria_,6.009005957494525,6.181132075471723,-21.27647395535209
dlib/intra-sim/Guillermo_Coria_/5.png,intra-sim/Guillermo_Coria_,0.0,0.0,-22.771084337349393
dlib/intra-sim/Guillermo_Coria_/6.png,intra-sim/Guillermo_Coria_,-4.085616779974877,-4.967259120673489,-21.64864864864859
dlib/intra-sim/John_Negroponte_/3.png,intra-sim/John_Negroponte_,-10.175510843043206,-3.755304101838803,-49.28917609046856
dlib/intra-sim/John_Negroponte_/15.png,intra-sim/John_Negroponte_,2.726310993906266,-21.555555555555515,-71.08220603537968
dlib/intra-sim/John_Negroponte_/16.png,intra-sim/John_Negroponte_,-1.5074357587749678,-25.26682134570747,-35.22673031026255
dlib/intra-sim/John_Negroponte_/13.png,intra-sim/John_Negroponte_,1.5074357587749678,7.7574370709380815,-42.09188361408887
dlib/intra-sim/John_Negroponte_/1.png,intra-sim/John_Negroponte_,4.635463426902642,-27.827102803738264,-55.11111111111108
dlib/intra-sim/John_Negroponte_/7.png,intra-sim/John_Negroponte_,2.0454084888872277,-11.465346534653406,-36.526315789473664
dlib/intra-sim/John_Negroponte_/9.png,intra-sim/John_Negroponte_,-4.635463426902642,-44.08997111019404,-36.96198913975415
dlib/intra-sim/John_Negroponte_/18.png,intra-sim/John_Negroponte_,-7.495857639729858,0.9298892988928884,-37.53605769230761
dlib/intra-sim/John_Negroponte_/17.png,intra-sim/John_Negroponte_,11.040940180323732,15.219084712755588,-62.85319949811799
dlib/intra-sim/John_Negroponte_/10.png,intra-sim/John_Negroponte_,-1.4688007143858246,-21.395017793594235,-33.674832962138055
dlib/intra-sim/John_Negroponte_/20.png,intra-sim/John_Negroponte_,0.0,4.285714285714292,-23.023255813953483
dlib/intra-sim/John_Negroponte_/14.png,intra-sim/John_Negroponte_,1.4688007143858246,2.8592057761732974,-30.796620398310267
dlib/intra-sim/John_Negroponte_/11.png,intra-sim/John_Negroponte_,-4.513988458001262,2.0594138900039383,-54.97051390058969
dlib/intra-sim/John_Negroponte_/12.png,intra-sim/John_Negroponte_,-3.3664606634298013,10.61281337047366,-45.48111190306489
dlib/intra-sim/John_Negroponte_/2.png,intra-sim/John_Negroponte_,2.935673446421173,-28.509743981658488,-38.703229113275285
dlib/intra-sim/John_Negroponte_/19.png,intra-sim/John_Negroponte_,2.8624052261117474,-45.910931174088994,-32.06249999999999
dlib/intra-sim/John_Negroponte_/8.png,intra-sim/John_Negroponte_,1.4688007143858246,-20.119176598049876,-32.912133891213465
dlib/intra-sim/John_Negroponte_/4.png,intra-sim/John_Negroponte_,3.094058058917111,9.031628270206824,-40.1503759398496
dlib/intra-sim/John_Negroponte_/5.png,intra-sim/John_Negroponte_,7.69605172201657,9.39320388349519,-53.8918918918919
dlib/intra-sim/John_Negroponte_/6.png,intra-sim/John_Negroponte_,-1.5074357587749678,1.566731141199284,-45.45186060248063
dlib/intra-sim/Mahmoud_Abbas_/3.png,intra-sim/Mahmoud_Abbas_,-1.4688007143858246,1.2089971883785324,-48.89212827988331
dlib/intra-sim/Mahmoud_Abbas_/15.png,intra-sim/Mahmoud_Abbas_,-10.713123022791038,-2.7499056959637187,-33.5246995994659
dlib/intra-sim/Mahmoud_Abbas_/16.png,intra-sim/Mahmoud_Abbas_,3.01278750418334,22.106463878327048,-37.23618090452256
dlib/intra-sim/Mahmoud_Abbas_/13.png,intra-sim/Mahmoud_Abbas_,-6.0724564072077,7.100552486187851,-57.07652060170052
dlib/intra-sim/Mahmoud_Abbas_/1.png,intra-sim/Mahmoud_Abbas_,5.440332031005506,-16.64769493454746,-53.24954015941141
dlib/intra-sim/Mahmoud_Abbas_/7.png,intra-sim/Mahmoud_Abbas_,1.3019526725788753,9.432739059967602,-44.324903557651105
dlib/intra-sim/Mahmoud_Abbas_/9.png,intra-sim/Mahmoud_Abbas_,-12.528807709151511,28.536585365853668,-36.60826032540666
dlib/intra-sim/Mahmoud_Abbas_/18.png,intra-sim/Mahmoud_Abbas_,-4.085616779974877,32.53116011505276,-34.71248246844326
dlib/intra-sim/Mahmoud_Abbas_/17.png,intra-sim/Mahmoud_Abbas_,0.0,0.0,-58.23529411764706
dlib/intra-sim/Mahmoud_Abbas_/10.png,intra-sim/Mahmoud_Abbas_,8.530765609948133,8.899721448467929,-47.31147540983613
dlib/intra-sim/Mahmoud_Abbas_/20.png,intra-sim/Mahmoud_Abbas_,-4.085616779974877,28.688524590163908,-36.23044096728319
dlib/intra-sim/Mahmoud_Abbas_/14.png,intra-sim/Mahmoud_Abbas_,-1.3971810272963767,23.456342668863257,-46.79131483715314
dlib/intra-sim/Mahmoud_Abbas_/11.png,intra-sim/Mahmoud_Abbas_,-1.3322198538696388,-29.5918367346939,-46.65226781857458
dlib/intra-sim/Mahmoud_Abbas_/12.png,intra-sim/Mahmoud_Abbas_,-3.90049374238189,-11.12903225806457,-46.537949400798986
dlib/intra-sim/Mahmoud_Abbas_/2.png,intra-sim/Mahmoud_Abbas_,-5.29008120537127,-4.284088754030023,-39.8542773872793
dlib/intra-sim/Mahmoud_Abbas_/19.png,intra-sim/Mahmoud_Abbas_,-2.6630007660671433,-18.020106115610204,-48.55029585798831
dlib/intra-sim/Mahmoud_Abbas_/8.png,intra-sim/Mahmoud_Abbas_,4.398705354995532,38.7551020408163,-61.32203389830516
dlib/intra-sim/Mahmoud_Abbas_/4.png,intra-sim/Mahmoud_Abbas_,-6.952957468173915,3.5753424657534083,-58.288590604026794
dlib/intra-sim/Mahmoud_Abbas_/5.png,intra-sim/Mahmoud_Abbas_,-13.392497753751098,-19.31460674157303,-66.46302250803852
dlib/intra-sim/Mahmoud_Abbas_/6.png,intra-sim/Mahmoud_Abbas_,2.8624052261117474,-20.48040455120099,-63.21873147599282
dlib/intra-sim/Michael_Bloomberg_/3.png,intra-sim/Michael_Bloomberg_,4.398705354995532,-1.9266055045871295,-8.240000000000009
dlib/intra-sim/Michael_Bloomberg_/15.png,intra-sim/Michael_Bloomberg_,-6.1701750950296095,-17.351097178683347,-24.925791094931355
dlib/intra-sim/Michael_Bloomberg_/16.png,intra-sim/Michael_Bloomberg_,-7.35237935989236,-27.36263736263748,-37.04318936877072
dlib/intra-sim/Michael_Bloomberg_/13.png,intra-sim/Michael_Bloomberg_,-18.43494882292201,23.68421052631571,-34.61538461538459
dlib/intra-sim/Michael_Bloomberg_/1.png,intra-sim/Michael_Bloomberg_,-2.7927023657132835,-37.28232189973603,-48.40078010726486
dlib/intra-sim/Michael_Bloomberg_/7.png,intra-sim/Michael_Bloomberg_,-8.130102354155978,23.057851239669475,-39.411764705882206
dlib/intra-sim/Michael_Bloomberg_/9.png,intra-sim/Michael_Bloomberg_,1.3019526725788753,-19.488091979195342,-37.259880768381606
dlib/intra-sim/Michael_Bloomberg_/18.png,intra-sim/Michael_Bloomberg_,-4.398705354995532,-3.1722054380664417,-16.666666666666714
dlib/intra-sim/Michael_Bloomberg_/17.png,intra-sim/Michael_Bloomberg_,-4.1849161251184155,14.058062480277712,-38.66920152091266
dlib/intra-sim/Michael_Bloomberg_/10.png,intra-sim/Michael_Bloomberg_,-11.888658039627972,16.22568093385219,-39.3913043478261
dlib/intra-sim/Michael_Bloomberg_/20.png,intra-sim/Michael_Bloomberg_,-3.2704879231835657,-5.129924559932988,-40.38105046343984
dlib/intra-sim/Michael_Bloomberg_/14.png,intra-sim/Michael_Bloomberg_,-4.635463426902642,-41.06184364060683,-16.913244492793083
dlib/intra-sim/Michael_Bloomberg_/11.png,intra-sim/Michael_Bloomberg_,-7.495857639729858,26.66538903794566,-27.387247278382503
dlib/intra-sim/Michael_Bloomberg_/12.png,intra-sim/Michael_Bloomberg_,-12.528807709151511,3.1034482758621067,-28.183934807916177
dlib/intra-sim/Michael_Bloomberg_/2.png,intra-sim/Michael_Bloomberg_,0.0,-5.0,-34.89795918367347
dlib/intra-sim/Michael_Bloomberg_/19.png,intra-sim/Michael_Bloomberg_,-4.635463426902642,-2.803738317757066,-33.39943342776194
dlib/intra-sim/Michael_Bloomberg_/8.png,intra-sim/Michael_Bloomberg_,-7.69605172201657,16.598877980364747,-44.97294046903187
dlib/intra-sim/Michael_Bloomberg_/4.png,intra-sim/Michael_Bloomberg_,-3.094058058917111,-10.515826494724536,-17.24311519099794
dlib/intra-sim/Michael_Bloomberg_/5.png,intra-sim/Michael_Bloomberg_,3.468229258917148,-5.858490566037844,-40.24169184290039
dlib/intra-sim/Michael_Bloomberg_/6.png,intra-sim/Michael_Bloomberg_,-5.710593137499643,-17.490347490347418,-37.753846153846176
dlib/intra-sim/Roh_Moo-hyun_/3.png,intra-sim/Roh_Moo-hyun_,-1.4320961841646465,-5.765534913516916,-44.04021937842785
dlib/intra-sim/Roh_Moo-hyun_/15.png,intra-sim/Roh_Moo-hyun_,-6.009005957494525,-3.197278911564652,-26.04968944099373
dlib/intra-sim/Roh_Moo-hyun_/16.png,intra-sim/Roh_Moo-hyun_,0.0,-6.75,-46.09756097560975
dlib/intra-sim/Roh_Moo-hyun_/13.png,intra-sim/Roh_Moo-hyun_,-9.211026540816668,5.3564013840830285,-47.93103448275872
dlib/intra-sim/Roh_Moo-hyun_/1.png,intra-sim/Roh_Moo-hyun_,-3.01278750418334,9.654913728432106,-29.56600361663648
dlib/intra-sim/Roh_Moo-hyun_/7.png,intra-sim/Roh_Moo-hyun_,-1.363927531602919,2.292191435768231,-54.3381273847959
dlib/intra-sim/Roh_Moo-hyun_/9.png,intra-sim/Roh_Moo-hyun_,7.594643368591445,45.048439181916024,-57.370212765957426
dlib/intra-sim/Roh_Moo-hyun_/18.png,intra-sim/Roh_Moo-hyun_,-1.548157698977968,-8.307134220072527,-32.314368370298865
dlib/intra-sim/Roh_Moo-hyun_/17.png,intra-sim/Roh_Moo-hyun_,-2.6630007660671433,7.362637362637386,-44.523580365736215
dlib/intra-sim/Roh_Moo-hyun_/10.png,intra-sim/Roh_Moo-hyun_,-4.289153328819018,-13.460595446584977,-31.44222889920794
dlib/intra-sim/Roh_Moo-hyun_/20.png,intra-sim/Roh_Moo-hyun_,-1.5074357587749678,9.762162162162213,-39.62396006655569
dlib/intra-sim/Roh_Moo-hyun_/14.png,intra-sim/Roh_Moo-hyun_,4.398705354995532,6.136363636363598,-41.14754098360646
dlib/intra-sim/Roh_Moo-hyun_/11.png,intra-sim/Roh_Moo-hyun_,-1.3971810272963767,-2.478632478632491,-37.67619586753465
dlib/intra-sim/Roh_Moo-hyun_/12.png,intra-sim/Roh_Moo-hyun_,0.0,-18.461538461538467,-60.37974683544304
dlib/intra-sim/Roh_Moo-hyun_/2.png,intra-sim/Roh_Moo-hyun_,5.572197803963796,-0.2123893805309364,-47.865470852017886
dlib/intra-sim/Roh_Moo-hyun_/19.png,intra-sim/Roh_Moo-hyun_,-2.6630007660671433,8.747300215982634,-53.470444020702764
dlib/intra-sim/Roh_Moo-hyun_/8.png,intra-sim/Roh_Moo-hyun_,-1.3971810272963767,1.096532333645726,-40.27707808564237
dlib/intra-sim/Roh_Moo-hyun_/4.png,intra-sim/Roh_Moo-hyun_,-3.2704879231835657,-18.84667571234742,-33.57310137169634
dlib/intra-sim/Roh_Moo-hyun_/5.png,intra-sim/Roh_Moo-hyun_,10.175510843043206,-29.899227410144604,-37.587184576126965
dlib/intra-sim/Roh_Moo-hyun_/6.png,intra-sim/Roh_Moo-hyun_,-7.907162702958458,45.819536423841015,-22.931506849315028
dlib/intra-sim/David_Beckham_/3.png,intra-sim/David_Beckham_,-4.1849161251184155,-7.811104020421141,-45.426765015806225
dlib/intra-sim/David_Beckham_/15.png,intra-sim/David_Beckham_,-9.211026540816668,-26.53725078698841,-32.38156209987199
dlib/intra-sim/David_Beckham_/16.png,intra-sim/David_Beckham_,-7.943471810590412,-13.34849863512278,-26.15976900866223
dlib/intra-sim/David_Beckham_/13.png,intra-sim/David_Beckham_,-4.763641690726177,-15.490196078431367,-78.9434889434889
dlib/intra-sim/David_Beckham_/1.png,intra-sim/David_Beckham_,5.042451069170913,-56.66952421774555,-56.75999999999998
dlib/intra-sim/David_Beckham_/7.png,intra-sim/David_Beckham_,5.856013585428958,-3.9283387622150343,-59.99036299389648
dlib/intra-sim/David_Beckham_/9.png,intra-sim/David_Beckham_,-3.094058058917111,0.9770808202653428,-29.96631106120155
dlib/intra-sim/David_Beckham_/18.png,intra-sim/David_Beckham_,1.3322198538696388,2.646317558107014,-23.028430160692324
dlib/intra-sim/David_Beckham_/17.png,intra-sim/David_Beckham_,0.0,5.555555555555557,-54.8780487804878
dlib/intra-sim/David_Beckham_/10.png,intra-sim/David_Beckham_,-4.899092453787765,-28.82901994060255,-42.10275927687918
dlib/intra-sim/David_Beckham_/20.png,intra-sim/David_Beckham_,-2.6630007660671433,-10.197968220890829,-68.67346938775512
dlib/intra-sim/David_Beckham_/14.png,intra-sim/David_Beckham_,0.0,0.0,-70.48192771084337
dlib/intra-sim/David_Beckham_/11.png,intra-sim/David_Beckham_,-1.4688007143858246,4.89563567362427,-65.7952218430035
dlib/intra-sim/David_Beckham_/12.png,intra-sim/David_Beckham_,1.6365770416167182,-18.246178600160917,-63.245251857968626
dlib/intra-sim/David_Beckham_/2.png,intra-sim/David_Beckham_,1.4688007143858246,-15.394736842105402,-27.544288332315176
dlib/intra-sim/David_Beckham_/19.png,intra-sim/David_Beckham_,-1.548157698977968,-31.395348837209355,-63.01900070372985
dlib/intra-sim/David_Beckham_/8.png,intra-sim/David_Beckham_,-1.5074357587749678,-21.239039268013713,-28.368087035358062
dlib/intra-sim/David_Beckham_/4.png,intra-sim/David_Beckham_,6.952957468173915,28.629265471370672,-73.82930937675471
dlib/intra-sim/David_Beckham_/5.png,intra-sim/David_Beckham_,1.3971810272963767,8.40230991337829,-34.49359135461186
dlib/intra-sim/David_Beckham_/6.png,intra-sim/David_Beckham_,1.5074357587749678,-8.875091307523789,-42.716417910447824
dlib/intra-sim/George_Robertson_/3.png,intra-sim/George_Robertson_,7.125016348901798,-12.419659735349684,-29.694267515923656
dlib/intra-sim/George_Robertson_/15.png,intra-sim/George_Robertson_,4.513988458001262,-56.833144154370075,-30.062483728195843
dlib/intra-sim/George_Robertson_/16.png,intra-sim/George_Robertson_,-4.398705354995532,-14.823529411764753,-30.102915951972548
dlib/intra-sim/George_Robertson_/13.png,intra-sim/George_Robertson_,0.0,-45.0,-11.05263157894737
dlib/intra-sim/George_Robertson_/1.png,intra-sim/George_Robertson_,-1.5074357587749678,35.41149943630222,-62.95454545454539
dlib/intra-sim/George_Robertson_/7.png,intra-sim/George_Robertson_,-5.194428907734806,-5.567010309278373,-15.559322033898212
dlib/intra-sim/George_Robertson_/9.png,intra-sim/George_Robertson_,1.5074357587749678,-10.465116279069733,-42.10275927687923
dlib/intra-sim/George_Robertson_/18.png,intra-sim/George_Robertson_,-12.875001559612476,28.297482837528506,-23.799709724238028
dlib/intra-sim/George_Robertson_/17.png,intra-sim/George_Robertson_,4.289153328819018,-17.816013628620027,-47.64402407566649
dlib/intra-sim/George_Robertson_/10.png,intra-sim/George_Robertson_,-1.548157698977968,-29.088607594936796,-50.790960451977504
dlib/intra-sim/George_Robertson_/20.png,intra-sim/George_Robertson_,4.763641690726177,-70.29023746701846,-42.262773722627706
dlib/intra-sim/George_Robertson_/14.png,intra-sim/George_Robertson_,0.0,27.0,-25.200000000000003
dlib/intra-sim/George_Robertson_/11.png,intra-sim/George_Robertson_,6.632514615138463,23.96984924623121,-11.10115236875798
dlib/intra-sim/George_Robertson_/12.png,intra-sim/George_Robertson_,13.62699485989154,-51.64397905759159,-29.738643434972104
dlib/intra-sim/George_Robertson_/2.png,intra-sim/George_Robertson_,0.0,-20.769230769230777,-19.411764705882348
dlib/intra-sim/George_Robertson_/19.png,intra-sim/George_Robertson_,-9.462322208025617,-6.355353075170868,-33.65482233502544
dlib/intra-sim/George_Robertson_/8.png,intra-sim/George_Robertson_,-9.926245506651703,11.43721633888049,-46.55172413793101
dlib/intra-sim/George_Robertson_/4.png,intra-sim/George_Robertson_,-7.125016348901798,20.972477064220172,-35.31942633637553
dlib/intra-sim/George_Robertson_/5.png,intra-sim/George_Robertson_,8.325650330426836,5.118924508790116,-33.34698055271244
dlib/intra-sim/George_Robertson_/6.png,intra-sim/George_Robertson_,-4.398705354995532,4.65882352941172,-30.403361344537775
dlib/intra-sim/Hamid_Karzai_/3.png,intra-sim/Hamid_Karzai_,3.01278750418334,20.322580645161334,-45.54285714285725
dlib/intra-sim/Hamid_Karzai_/15.png,intra-sim/Hamid_Karzai_,2.935673446421173,-2.595019659239867,-5.2973805855161515
dlib/intra-sim/Hamid_Karzai_/16.png,intra-sim/Hamid_Karzai_,-4.763641690726177,-35.813953488372135,-28.838028169014105
dlib/intra-sim/Hamid_Karzai_/13.png,intra-sim/Hamid_Karzai_,0.0,-2.25,-74.57142857142857
dlib/intra-sim/Hamid_Karzai_/1.png,intra-sim/Hamid_Karzai_,-2.6630007660671433,17.475728155339823,-61.511849632252776
dlib/intra-sim/Hamid_Karzai_/7.png,intra-sim/Hamid_Karzai_,-12.68038349181982,11.93640790604411,-50.82704497434355
dlib/intra-sim/Hamid_Karzai_/9.png,intra-sim/Hamid_Karzai_,-11.040940180323732,-7.992065913945723,-65.32694938440494
dlib/intra-sim/Hamid_Karzai_/18.png,intra-sim/Hamid_Karzai_,3.2704879231835657,-18.268303375712463,-47.27023856081339
dlib/intra-sim/Hamid_Karzai_/17.png,intra-sim/Hamid_Karzai_,4.289153328819018,20.695825049701725,-23.694858106209693
dlib/intra-sim/Hamid_Karzai_/10.png,intra-sim/Hamid_Karzai_,6.009005957494525,-17.29464958553133,-40.62499999999996
dlib/intra-sim/Hamid_Karzai_/20.png,intra-sim/Hamid_Karzai_,-4.1849161251184155,3.5465116279069093,-25.372829417773342
dlib/intra-sim/Hamid_Karzai_/14.png,intra-sim/Hamid_Karzai_,4.899092453787765,-7.006802721088405,-78.08362369337989
dlib/intra-sim/Hamid_Karzai_/11.png,intra-sim/Hamid_Karzai_,1.2730300200567113,22.688870836718195,-51.980582524271895
dlib/intra-sim/Hamid_Karzai_/12.png,intra-sim/Hamid_Karzai_,11.309932474020211,-7.551020408163211,-77.67123287671235
dlib/intra-sim/Hamid_Karzai_/2.png,intra-sim/Hamid_Karzai_,4.763641690726177,-51.13989637305701,-52.38805970149252
dlib/intra-sim/Hamid_Karzai_/19.png,intra-sim/Hamid_Karzai_,1.4320961841646465,-24.20944558521566,-24.9497692098833
dlib/intra-sim/Hamid_Karzai_/8.png,intra-sim/Hamid_Karzai_,10.53918372862823,4.657605854678579,-87.5150060024011
dlib/intra-sim/Hamid_Karzai_/4.png,intra-sim/Hamid_Karzai_,-12.875001559612476,-50.60324825986078,-47.597503900155985
dlib/intra-sim/Hamid_Karzai_/5.png,intra-sim/Hamid_Karzai_,1.6365770416167182,-26.89562890276544,-43.33797909407669
dlib/intra-sim/Hamid_Karzai_/6.png,intra-sim/Hamid_Karzai_,-4.1849161251184155,-17.64388489208625,-82.68106734434568
dlib/intra-sim/Kofi_Annan_/3.png,intra-sim/Kofi_Annan_,-10.619655276155134,14.626474442988195,-4.807453416149116
dlib/intra-sim/Kofi_Annan_/15.png,intra-sim/Kofi_Annan_,-12.65255650055797,25.596007046388763,-31.213012313912948
dlib/intra-sim/Kofi_Annan_/16.png,intra-sim/Kofi_Annan_,-5.10216525235819,-20.85346215781,-16.54982332155481
dlib/intra-sim/Kofi_Annan_/13.png,intra-sim/Kofi_Annan_,-6.340191745909909,-18.81612090680109,-24.663461538461576
dlib/intra-sim/Kofi_Annan_/1.png,intra-sim/Kofi_Annan_,4.398705354995532,-1.1157024793389354,-13.818897637795176
dlib/intra-sim/Kofi_Annan_/7.png,intra-sim/Kofi_Annan_,-6.203447901691836,-35.59139784946228,-38.19277108433737
dlib/intra-sim/Kofi_Annan_/9.png,intra-sim/Kofi_Annan_,-2.3859440303888126,13.193033381712638,-12.878289473684204
dlib/intra-sim/Kofi_Annan_/18.png,intra-sim/Kofi_Annan_,4.085616779974877,-11.075660893345514,-22.11267605633806
dlib/intra-sim/Kofi_Annan_/17.png,intra-sim/Kofi_Annan_,1.4320961841646465,-10.90477696931346,-23.553576558460108
dlib/intra-sim/Kofi_Annan_/10.png,intra-sim/Kofi_Annan_,-8.914926957147866,5.175718849840223,-30.330396475771003
dlib/intra-sim/Kofi_Annan_/20.png,intra-sim/Kofi_Annan_,-6.340191745909909,-27.93103448275864,-31.057934508816132
dlib/intra-sim/Kofi_Annan_/14.png,intra-sim/Kofi_Annan_,1.4320961841646465,-20.964434476129327,-7.106690777576844
dlib/intra-sim/Kofi_Annan_/11.png,intra-sim/Kofi_Annan_,-6.84277341263094,-6.733646857631527,-23.420738974970305
dlib/intra-sim/Kofi_Annan_/12.png,intra-sim/Kofi_Annan_,-14.676393137450017,14.530853761623009,-31.154746423927257
dlib/intra-sim/Kofi_Annan_/2.png,intra-sim/Kofi_Annan_,2.5448043798130957,17.041002872812797,-18.63858093126376
dlib/intra-sim/Kofi_Annan_/19.png,intra-sim/Kofi_Annan_,3.7313969991604465,-26.960157402852964,-33.97297297297295
dlib/intra-sim/Kofi_Annan_/8.png,intra-sim/Kofi_Annan_,-6.340191745909909,4.6511627906976685,-12.070588235294082
dlib/intra-sim/Kofi_Annan_/4.png,intra-sim/Kofi_Annan_,-9.462322208025617,-0.7389162561576228,-31.854714064914937
dlib/intra-sim/Kofi_Annan_/5.png,intra-sim/Kofi_Annan_,-4.6668583714389955,1.549357158422282,-29.8481012658228
dlib/intra-sim/Kofi_Annan_/6.png,intra-sim/Kofi_Annan_,-5.31454566994475,29.690469725767073,-32.80155642023348
dlib/intra-sim/Jennifer_Aniston_/3.png,intra-sim/Jennifer_Aniston_,-2.7927023657132835,10.3733766233767,-52.64749046081591
dlib/intra-sim/Jennifer_Aniston_/15.png,intra-sim/Jennifer_Aniston_,8.673174047879765,-27.12817501101155,-22.502839833396465
dlib/intra-sim/Jennifer_Aniston_/16.png,intra-sim/Jennifer_Aniston_,-13.172553423326894,-25.094569859670543,-43.27996798078854
dlib/intra-sim/Jennifer_Aniston_/13.png,intra-sim/Jennifer_Aniston_,8.841814560191672,-3.05568130375741,-59.29360884190298
dlib/intra-sim/Jennifer_Aniston_/1.png,intra-sim/Jennifer_Aniston_,-13.091893064346849,18.584387682024357,-62.84660391757824
dlib/intra-sim/Jennifer_Aniston_/7.png,intra-sim/Jennifer_Aniston_,-6.911227119024681,68.05800756620434,-23.57217391304349
dlib/intra-sim/Jennifer_Aniston_/9.png,intra-sim/Jennifer_Aniston_,7.765166018425334,12.808830436824806,-59.88630211153232
dlib/intra-sim/Jennifer_Aniston_/18.png,intra-sim/Jennifer_Aniston_,-1.3019526725788753,28.681806961244092,-57.60717846460615
dlib/intra-sim/Jennifer_Aniston_/17.png,intra-sim/Jennifer_Aniston_,-4.289153328819018,35.762811127379194,-37.71208226221081
dlib/intra-sim/Jennifer_Aniston_/10.png,intra-sim/Jennifer_Aniston_,2.6630007660671433,13.756811012331523,-57.89445910290234
dlib/intra-sim/Jennifer_Aniston_/20.png,intra-sim/Jennifer_Aniston_,0.0,-12.85714285714286,-20.526315789473685
dlib/intra-sim/Jennifer_Aniston_/14.png,intra-sim/Jennifer_Aniston_,4.398705354995532,28.102040816326507,-43.71428571428577
dlib/intra-sim/Jennifer_Aniston_/11.png,intra-sim/Jennifer_Aniston_,1.5911402711945877,19.319022945965955,-39.50807360120163
dlib/intra-sim/Jennifer_Aniston_/12.png,intra-sim/Jennifer_Aniston_,-6.78897457443879,9.659027389603182,-56.22200099552008
dlib/intra-sim/Jennifer_Aniston_/2.png,intra-sim/Jennifer_Aniston_,4.289153328819018,-13.581191908146494,-65.75425439861549
dlib/intra-sim/Jennifer_Aniston_/19.png,intra-sim/Jennifer_Aniston_,0.0,5.421686746987959,-56.666666666666664
dlib/intra-sim/Jennifer_Aniston_/8.png,intra-sim/Jennifer_Aniston_,-12.68038349181982,24.91286863270774,-27.76619508562925
dlib/intra-sim/Jennifer_Aniston_/4.png,intra-sim/Jennifer_Aniston_,2.8624052261117474,-12.78586278586276,-42.163865546218545
dlib/intra-sim/Jennifer_Aniston_/5.png,intra-sim/Jennifer_Aniston_,-12.094757077012105,25.757575757575697,-28.566094100074707
dlib/intra-sim/Jennifer_Aniston_/6.png,intra-sim/Jennifer_Aniston_,-1.4688007143858246,10.639324487334164,-47.60479041916155
dlib/intra-sim/Colin_Powell_/3.png,intra-sim/Colin_Powell_,11.592175410291071,11.949579831932809,-16.76217765042969
dlib/intra-sim/Colin_Powell_/15.png,intra-sim/Colin_Powell_,-5.079607860014571,21.76090468497577,-17.93747286148502
dlib/intra-sim/Colin_Powell_/16.png,intra-sim/Colin_Powell_,-9.926245506651703,10.769971126082751,-17.287319422150958
dlib/intra-sim/Colin_Powell_/13.png,intra-sim/Colin_Powell_,-3.5763343749973515,3.396226415094304,-45.68231046931412
dlib/intra-sim/Colin_Powell_/1.png,intra-sim/Colin_Powell_,-8.972626614896393,7.901785714285666,-34.243902439024374
dlib/intra-sim/Colin_Powell_/7.png,intra-sim/Colin_Powell_,4.969740728110304,-1.3576642335766709,-55.105932203389834
dlib/intra-sim/Colin_Powell_/9.png,intra-sim/Colin_Powell_,-3.2704879231835657,-55.75689109805701,-32.17727543129091
dlib/intra-sim/Colin_Powell_/18.png,intra-sim/Colin_Powell_,-3.90049374238189,-21.97171145686008,-31.767032967032932
dlib/intra-sim/Colin_Powell_/17.png,intra-sim/Colin_Powell_,-12.380756928807177,-31.055618615210022,-44.48491155046817
dlib/intra-sim/Colin_Powell_/10.png,intra-sim/Colin_Powell_,0.0,19.756097560975604,-28.76288659793814
dlib/intra-sim/Colin_Powell_/20.png,intra-sim/Colin_Powell_,1.169139327907419,-10.257973733583526,-38.39160839160834
dlib/intra-sim/Colin_Powell_/14.png,intra-sim/Colin_Powell_,5.194428907734806,-16.23287671232876,-11.400000000000048
dlib/intra-sim/Colin_Powell_/11.png,intra-sim/Colin_Powell_,1.3322198538696388,-2.928529924462495,-26.54334038054972
dlib/intra-sim/Colin_Powell_/12.png,intra-sim/Colin_Powell_,-5.194428907734806,27.910772578890104,-26.651665166516587
dlib/intra-sim/Colin_Powell_/2.png,intra-sim/Colin_Powell_,0.0,-22.235294117647054,-27.75700934579439
dlib/intra-sim/Colin_Powell_/19.png,intra-sim/Colin_Powell_,11.888658039627972,-16.79914833215041,-20.517339397384788
dlib/intra-sim/Colin_Powell_/8.png,intra-sim/Colin_Powell_,-14.036243467926475,10.512820512820484,-9.854014598540276
dlib/intra-sim/Colin_Powell_/4.png,intra-sim/Colin_Powell_,-2.489552921999156,32.33805668016197,-16.246851385390343
dlib/intra-sim/Colin_Powell_/5.png,intra-sim/Colin_Powell_,9.246112745563252,-24.499579478553443,-15.544933078393854
dlib/intra-sim/Colin_Powell_/6.png,intra-sim/Colin_Powell_,5.194428907734806,13.411433926897914,-42.752391073326145
dlib/intra-sim/Lindsay_Davenport_/3.png,intra-sim/Lindsay_Davenport_,-1.5911402711945877,-9.342313787638687,-32.67692307692295
dlib/intra-sim/Lindsay_Davenport_/15.png,intra-sim/Lindsay_Davenport_,4.513988458001262,3.071055800883314,-38.12598425196848
dlib/intra-sim/Lindsay_Davenport_/16.png,intra-sim/Lindsay_Davenport_,7.305759533310824,-33.34532374100715,-49.76090854751946
dlib/intra-sim/Lindsay_Davenport_/13.png,intra-sim/Lindsay_Davenport_,6.1701750950296095,19.11472806669302,-50.62111801242246
dlib/intra-sim/Lindsay_Davenport_/1.png,intra-sim/Lindsay_Davenport_,-15.524110996754256,-16.275805119735764,-25.93596059113295
dlib/intra-sim/Lindsay_Davenport_/7.png,intra-sim/Lindsay_Davenport_,9.211026540816668,7.559863169897383,-37.451114922813034
dlib/intra-sim/Lindsay_Davenport_/9.png,intra-sim/Lindsay_Davenport_,3.179830119864234,10.097560975609696,-54.801271860095525
dlib/intra-sim/Lindsay_Davenport_/18.png,intra-sim/Lindsay_Davenport_,-3.01278750418334,0.9737248840804256,-15.287356321839
dlib/intra-sim/Lindsay_Davenport_/17.png,intra-sim/Lindsay_Davenport_,-11.003540851749504,-54.951219512194974,-31.82857142857138
dlib/intra-sim/Lindsay_Davenport_/10.png,intra-sim/Lindsay_Davenport_,4.969740728110304,1.2340842311459852,-53.63042463835749
dlib/intra-sim/Lindsay_Davenport_/20.png,intra-sim/Lindsay_Davenport_,7.69605172201657,8.799188640973654,-53.81292627476465
dlib/intra-sim/Lindsay_Davenport_/14.png,intra-sim/Lindsay_Davenport_,2.8624052261117474,27.175521183591144,-31.094420600858378
dlib/intra-sim/Lindsay_Davenport_/11.png,intra-sim/Lindsay_Davenport_,1.4688007143858246,-23.167337971439068,-0.6005719733080355
dlib/intra-sim/Lindsay_Davenport_/12.png,intra-sim/Lindsay_Davenport_,-5.572197803963796,-9.09931404712198,-33.94936708860765
dlib/intra-sim/Lindsay_Davenport_/2.png,intra-sim/Lindsay_Davenport_,7.305759533310824,3.842173350582158,-44.56790123456794
dlib/intra-sim/Lindsay_Davenport_/19.png,intra-sim/Lindsay_Davenport_,11.003540851749504,-8.143360752056452,-39.42477876106196
dlib/intra-sim/Lindsay_Davenport_/8.png,intra-sim/Lindsay_Davenport_,5.856013585428958,-8.50865512649797,-35.26717557251906
dlib/intra-sim/Lindsay_Davenport_/4.png,intra-sim/Lindsay_Davenport_,1.5074357587749678,-16.56612529002315,-20.625000000000043
dlib/intra-sim/Lindsay_Davenport_/5.png,intra-sim/Lindsay_Davenport_,6.0724564072077,-25.19625682349873,-13.65758754863812
dlib/intra-sim/Lindsay_Davenport_/6.png,intra-sim/Lindsay_Davenport_,-6.1701750950296095,-38.793103448275936,-24.870229007633657
dlib/intra-sim/Amelie_Mauresmo_/3.png,intra-sim/Amelie_Mauresmo_,1.4688007143858246,-2.1451440768410066,11.673186879325756
dlib/intra-sim/Amelie_Mauresmo_/15.png,intra-sim/Amelie_Mauresmo_,1.5911402711945877,-56.28787878787884,-42.03468208092472
dlib/intra-sim/Amelie_Mauresmo_/16.png,intra-sim/Amelie_Mauresmo_,6.340191745909909,-10.465116279069631,-29.12087912087923
dlib/intra-sim/Amelie_Mauresmo_/13.png,intra-sim/Amelie_Mauresmo_,-12.994616791916506,13.731778425655875,-19.125902165196507
dlib/intra-sim/Amelie_Mauresmo_/1.png,intra-sim/Amelie_Mauresmo_,-16.189206257026942,8.249999999999943,-26.222760290556913
dlib/intra-sim/Amelie_Mauresmo_/7.png,intra-sim/Amelie_Mauresmo_,6.1701750950296095,-20.35141329258975,-36.66049953746528
dlib/intra-sim/Amelie_Mauresmo_/9.png,intra-sim/Amelie_Mauresmo_,-16.85839876773828,-15.973672265093114,-24.14311926605501
dlib/intra-sim/Amelie_Mauresmo_/18.png,intra-sim/Amelie_Mauresmo_,-3.01278750418334,12.838137472283734,-20.598768886401757
dlib/intra-sim/Amelie_Mauresmo_/17.png,intra-sim/Amelie_Mauresmo_,-9.462322208025617,5.891647855530479,-29.547169811320785
dlib/intra-sim/Amelie_Mauresmo_/10.png,intra-sim/Amelie_Mauresmo_,-2.8624052261117474,0.3699354081034585,-78.23300970873794
dlib/intra-sim/Amelie_Mauresmo_/20.png,intra-sim/Amelie_Mauresmo_,-3.094058058917111,-22.599437525110517,-40.30541276081039
dlib/intra-sim/Amelie_Mauresmo_/14.png,intra-sim/Amelie_Mauresmo_,2.935673446421173,7.162405473532573,-25.19607843137267
dlib/intra-sim/Amelie_Mauresmo_/11.png,intra-sim/Amelie_Mauresmo_,4.763641690726177,10.346106304078988,-41.25358851674627
dlib/intra-sim/Amelie_Mauresmo_/12.png,intra-sim/Amelie_Mauresmo_,3.99091309842978,15.540078843626816,-38.0253844276299
dlib/intra-sim/Amelie_Mauresmo_/2.png,intra-sim/Amelie_Mauresmo_,3.01278750418334,6.638297872340459,-10.78239608801951
dlib/intra-sim/Amelie_Mauresmo_/19.png,intra-sim/Amelie_Mauresmo_,1.3971810272963767,-15.15880654475447,-31.668853319338815
dlib/intra-sim/Amelie_Mauresmo_/8.png,intra-sim/Amelie_Mauresmo_,0.0,4.02985074626865,-47.77777777777778
dlib/intra-sim/Amelie_Mauresmo_/4.png,intra-sim/Amelie_Mauresmo_,-1.4320961841646465,-20.063312229256898,-10.803782505910265
dlib/intra-sim/Amelie_Mauresmo_/5.png,intra-sim/Amelie_Mauresmo_,11.309932474020211,-2.3342939481266427,-34.768211920529836
dlib/intra-sim/Amelie_Mauresmo_/6.png,intra-sim/Amelie_Mauresmo_,-17.927919762007235,-2.7029220779219543,-22.12078651685393
dlib/intra-sim/Arnold_Schwarzenegger_/3.png,intra-sim/Arnold_Schwarzenegger_,12.528807709151511,-32.99035369774916,-20.51813471502588
dlib/intra-sim/Arnold_Schwarzenegger_/15.png,intra-sim/Arnold_Schwarzenegger_,2.6025622024998065,-12.311320754717002,-30.834492350486897
dlib/intra-sim/Arnold_Schwarzenegger_/16.png,intra-sim/Arnold_Schwarzenegger_,11.560130794217766,19.62153518123677,-43.06980656013459
dlib/intra-sim/Arnold_Schwarzenegger_/13.png,intra-sim/Arnold_Schwarzenegger_,-2.7927023657132835,-1.3353115727003626,-17.207415990729928
dlib/intra-sim/Arnold_Schwarzenegger_/1.png,intra-sim/Arnold_Schwarzenegger_,9.688786560366804,-39.046692607003855,-25.255544840887097
dlib/intra-sim/Arnold_Schwarzenegger_/7.png,intra-sim/Arnold_Schwarzenegger_,11.309932474020211,-30.15584415584413,-33.53684210526318
dlib/intra-sim/Arnold_Schwarzenegger_/9.png,intra-sim/Arnold_Schwarzenegger_,-6.340191745909909,25.572998430141283,-36.068268015170695
dlib/intra-sim/Arnold_Schwarzenegger_/18.png,intra-sim/Arnold_Schwarzenegger_,-5.440332031005506,4.352418010005607,-35.31516183986364
dlib/intra-sim/Arnold_Schwarzenegger_/17.png,intra-sim/Arnold_Schwarzenegger_,8.652541791114725,-12.6032735775526,-66.99873896595211
dlib/intra-sim/Arnold_Schwarzenegger_/10.png,intra-sim/Arnold_Schwarzenegger_,5.710593137499643,-3.7544696066746326,-28.18867924528294
dlib/intra-sim/Arnold_Schwarzenegger_/20.png,intra-sim/Arnold_Schwarzenegger_,-1.4320961841646465,1.0723626852659294,-45.49938347718872
dlib/intra-sim/Arnold_Schwarzenegger_/14.png,intra-sim/Arnold_Schwarzenegger_,-13.570434385161487,35.20334928229663,-22.459016393442596
dlib/intra-sim/Arnold_Schwarzenegger_/11.png,intra-sim/Arnold_Schwarzenegger_,0.0,-36.0,-30.0
dlib/intra-sim/Arnold_Schwarzenegger_/12.png,intra-sim/Arnold_Schwarzenegger_,-6.4830736928972374,-2.04488078541371,-16.77700348432053
dlib/intra-sim/Arnold_Schwarzenegger_/2.png,intra-sim/Arnold_Schwarzenegger_,4.398705354995532,-1.6799999999999926,-56.35342185903981
dlib/intra-sim/Arnold_Schwarzenegger_/19.png,intra-sim/Arnold_Schwarzenegger_,-6.952957468173915,28.36466165413539,-24.317048853439687
dlib/intra-sim/Arnold_Schwarzenegger_/8.png,intra-sim/Arnold_Schwarzenegger_,-2.726310993906266,-6.412500000000023,-11.956745623068995
dlib/intra-sim/Arnold_Schwarzenegger_/4.png,intra-sim/Arnold_Schwarzenegger_,-4.513988458001262,-26.58567774936062,-91.0307802433786
dlib/intra-sim/Arnold_Schwarzenegger_/5.png,intra-sim/Arnold_Schwarzenegger_,4.398705354995532,2.0804020100501504,-32.37960339943352
dlib/intra-sim/Arnold_Schwarzenegger_/6.png,intra-sim/Arnold_Schwarzenegger_,2.7927023657132835,-28.710085361998058,-31.57852348993281
dlib/intra-sim/Jiang_Zemin_/3.png,intra-sim/Jiang_Zemin_,-3.2704879231835657,-1.2647170527914966,-39.457478005865056
dlib/intra-sim/Jiang_Zemin_/15.png,intra-sim/Jiang_Zemin_,9.16234704572171,4.233687405159259,-40.38099506947559
dlib/intra-sim/Jiang_Zemin_/16.png,intra-sim/Jiang_Zemin_,3.6913859864512752,11.193580742226658,-41.122496506753514
dlib/intra-sim/Jiang_Zemin_/13.png,intra-sim/Jiang_Zemin_,-5.042451069170913,15.5949895615867,-29.378980891719692
dlib/intra-sim/Jiang_Zemin_/1.png,intra-sim/Jiang_Zemin_,-8.130102354155978,4.035087719298247,-25.921288014311372
dlib/intra-sim/Jiang_Zemin_/7.png,intra-sim/Jiang_Zemin_,2.8624052261117474,-25.72239747634065,-36.37571157495264
dlib/intra-sim/Jiang_Zemin_/9.png,intra-sim/Jiang_Zemin_,-1.6365770416167182,-16.52748189177676,-29.629486684677765
dlib/intra-sim/Jiang_Zemin_/18.png,intra-sim/Jiang_Zemin_,-3.01278750418334,8.80851063829779,-25.344180225281633
dlib/intra-sim/Jiang_Zemin_/17.png,intra-sim/Jiang_Zemin_,-1.6846843178962914,63.19852941176478,-32.002724795640184
dlib/intra-sim/Jiang_Zemin_/10.png,intra-sim/Jiang_Zemin_,-3.094058058917111,18.364249578414785,-18.95294117647063
dlib/intra-sim/Jiang_Zemin_/20.png,intra-sim/Jiang_Zemin_,3.179830119864234,11.033973412112218,-40.73245952197379
dlib/intra-sim/Jiang_Zemin_/14.png,intra-sim/Jiang_Zemin_,-2.935673446421173,-34.79924122668364,-34.12002308136171
dlib/intra-sim/Jiang_Zemin_/11.png,intra-sim/Jiang_Zemin_,5.355825042855191,-5.861723446893592,-27.05426356589149
dlib/intra-sim/Jiang_Zemin_/12.png,intra-sim/Jiang_Zemin_,0.0,4.285714285714292,-25.384615384615387
dlib/intra-sim/Jiang_Zemin_/2.png,intra-sim/Jiang_Zemin_,1.7899106082460694,12.89473684210519,-32.805194805194915
dlib/intra-sim/Jiang_Zemin_/19.png,intra-sim/Jiang_Zemin_,4.899092453787765,32.548262548262514,-1.1965504850881672
dlib/intra-sim/Jiang_Zemin_/8.png,intra-sim/Jiang_Zemin_,-1.9749340108819768,-28.034425319267157,-24.934497816593876
dlib/intra-sim/Jiang_Zemin_/4.png,intra-sim/Jiang_Zemin_,0.0,-8.709677419354833,-28.481012658227847
dlib/intra-sim/Jiang_Zemin_/5.png,intra-sim/Jiang_Zemin_,-4.289153328819018,4.552529182879425,-46.335832083957975
dlib/intra-sim/Jiang_Zemin_/6.png,intra-sim/Jiang_Zemin_,-1.847610265994596,10.300913487372384,-36.00866634569101
dlib/intra-sim/Andre_Agassi_/3.png,intra-sim/Andre_Agassi_,-2.935673446421173,18.752339363692997,-24.405778069599435
dlib/intra-sim/Andre_Agassi_/15.png,intra-sim/Andre_Agassi_,4.763641690726177,-13.894009216589907,-14.023668639053213
dlib/intra-sim/Andre_Agassi_/16.png,intra-sim/Andre_Agassi_,-5.042451069170913,-10.509868421052571,-38.477466504263106
dlib/intra-sim/Andre_Agassi_/13.png,intra-sim/Andre_Agassi_,1.548157698977968,-35.607476635514026,-37.623727623727504
dlib/intra-sim/Andre_Agassi_/1.png,intra-sim/Andre_Agassi_,-6.1701750950296095,-15.113681691264516,-17.917349950803555
dlib/intra-sim/Andre_Agassi_/7.png,intra-sim/Andre_Agassi_,-4.1849161251184155,18.77501516070349,-39.479166666666664
dlib/intra-sim/Andre_Agassi_/9.png,intra-sim/Andre_Agassi_,0.0,-25.714285714285708,-43.84615384615385
dlib/intra-sim/Andre_Agassi_/18.png,intra-sim/Andre_Agassi_,0.0,-3.9130434782608745,-36.48648648648648
dlib/intra-sim/Andre_Agassi_/17.png,intra-sim/Andre_Agassi_,-1.5074357587749678,-1.5777940102262704,-34.09381663112994
dlib/intra-sim/Andre_Agassi_/10.png,intra-sim/Andre_Agassi_,-8.972626614896393,-9.310344827586206,-32.51076923076934
dlib/intra-sim/Andre_Agassi_/20.png,intra-sim/Andre_Agassi_,12.200468727380786,4.446764091858029,-62.13726221559119
dlib/intra-sim/Andre_Agassi_/14.png,intra-sim/Andre_Agassi_,-5.710593137499643,-7.361477572559409,-54.6229913473424
dlib/intra-sim/Andre_Agassi_/11.png,intra-sim/Andre_Agassi_,1.2730300200567113,10.579631635969648,-14.870982344952496
dlib/intra-sim/Andre_Agassi_/12.png,intra-sim/Andre_Agassi_,3.094058058917111,8.713692946058003,-51.74002047082913
dlib/intra-sim/Andre_Agassi_/2.png,intra-sim/Andre_Agassi_,5.440332031005506,16.3022508038585,-46.100056850483234
dlib/intra-sim/Andre_Agassi_/19.png,intra-sim/Andre_Agassi_,0.0,-7.941176470588232,-51.265822784810126
dlib/intra-sim/Andre_Agassi_/8.png,intra-sim/Andre_Agassi_,1.4688007143858246,14.346089850249657,-32.68156424581006
dlib/intra-sim/Andre_Agassi_/4.png,intra-sim/Andre_Agassi_,-1.6365770416167182,-3.892733564013852,-48.75000000000003
dlib/intra-sim/Andre_Agassi_/5.png,intra-sim/Andre_Agassi_,-19.98310652189998,3.1177829099307246,-62.75434243176201
dlib/intra-sim/Andre_Agassi_/6.png,intra-sim/Andre_Agassi_,4.969740728110304,-73.6210131332082,-29.368421052631582
dlib/intra-sim/Recep_Tayyip_Erdogan_/3.png,intra-sim/Recep_Tayyip_Erdogan_,1.363927531602919,-14.015223596574856,-25.63842341279199
dlib/intra-sim/Recep_Tayyip_Erdogan_/15.png,intra-sim/Recep_Tayyip_Erdogan_,-8.615648184164113,50.084745762711805,-40.30748663101598
dlib/intra-sim/Recep_Tayyip_Erdogan_/16.png,intra-sim/Recep_Tayyip_Erdogan_,1.7899106082460694,63.78828586781296,-25.344481605351277
dlib/intra-sim/Recep_Tayyip_Erdogan_/13.png,intra-sim/Recep_Tayyip_Erdogan_,-2.2025981617658057,-36.51085141903159,-45.91422121896166
dlib/intra-sim/Recep_Tayyip_Erdogan_/1.png,intra-sim/Recep_Tayyip_Erdogan_,7.907162702958458,-16.825938566552864,-43.42741935483862
dlib/intra-sim/Recep_Tayyip_Erdogan_/7.png,intra-sim/Recep_Tayyip_Erdogan_,-7.594643368591445,-57.42081447963788,-39.09227306826713
dlib/intra-sim/Recep_Tayyip_Erdogan_/9.png,intra-sim/Recep_Tayyip_Erdogan_,-1.3971810272963767,-5.799666110183608,-11.591085773516523
dlib/intra-sim/Recep_Tayyip_Erdogan_/18.png,intra-sim/Recep_Tayyip_Erdogan_,4.513988458001262,-41.68564920273353,-10.43857331571995
dlib/intra-sim/Recep_Tayyip_Erdogan_/17.png,intra-sim/Recep_Tayyip_Erdogan_,-9.926245506651703,-11.019151846785247,-44.692015209125536
dlib/intra-sim/Recep_Tayyip_Erdogan_/10.png,intra-sim/Recep_Tayyip_Erdogan_,4.1849161251184155,-10.170706725845063,-38.94296577946777
dlib/intra-sim/Recep_Tayyip_Erdogan_/20.png,intra-sim/Recep_Tayyip_Erdogan_,-16.69924423399362,16.914153132250647,-65.8511837655018
dlib/intra-sim/Recep_Tayyip_Erdogan_/14.png,intra-sim/Recep_Tayyip_Erdogan_,-1.5074357587749678,1.433518005540165,-51.74999999999995
dlib/intra-sim/Recep_Tayyip_Erdogan_/11.png,intra-sim/Recep_Tayyip_Erdogan_,9.462322208025617,-9.950859950859837,-22.592592592592567
dlib/intra-sim/Recep_Tayyip_Erdogan_/12.png,intra-sim/Recep_Tayyip_Erdogan_,0.0,25.714285714285708,-17.58620689655173
dlib/intra-sim/Recep_Tayyip_Erdogan_/2.png,intra-sim/Recep_Tayyip_Erdogan_,-7.765166018425334,-10.201271186440678,-77.69316286826015
dlib/intra-sim/Recep_Tayyip_Erdogan_/19.png,intra-sim/Recep_Tayyip_Erdogan_,-2.7927023657132835,9.93771234428094,-33.96992481203017
dlib/intra-sim/Recep_Tayyip_Erdogan_/8.png,intra-sim/Recep_Tayyip_Erdogan_,-2.8624052261117474,15.474083438685156,-52.41086587436333
dlib/intra-sim/Recep_Tayyip_Erdogan_/4.png,intra-sim/Recep_Tayyip_Erdogan_,0.0,1.3432835820895548,-30.0
dlib/intra-sim/Recep_Tayyip_Erdogan_/5.png,intra-sim/Recep_Tayyip_Erdogan_,0.0,-11.40845070422536,-8.526315789473685
dlib/intra-sim/Recep_Tayyip_Erdogan_/6.png,intra-sim/Recep_Tayyip_Erdogan_,-10.713123022791038,8.86805318786223,-42.362344582593295
dlib/intra-sim/Tony_Blair_/3.png,intra-sim/Tony_Blair_,1.4688007143858246,-38.96156439649357,-33.700873362445286
dlib/intra-sim/Tony_Blair_/15.png,intra-sim/Tony_Blair_,-5.710593137499643,-11.68674698795182,-3.982300884955734
dlib/intra-sim/Tony_Blair_/16.png,intra-sim/Tony_Blair_,3.5763343749973515,-13.477386934673431,-24.599999999999895
dlib/intra-sim/Tony_Blair_/13.png,intra-sim/Tony_Blair_,2.935673446421173,9.170062986291144,-38.439635535307495
dlib/intra-sim/Tony_Blair_/1.png,intra-sim/Tony_Blair_,-4.1849161251184155,-3.3480453972257465,-30.85421412300692
dlib/intra-sim/Tony_Blair_/7.png,intra-sim/Tony_Blair_,0.0,-9.40298507462687,-17.14285714285714
dlib/intra-sim/Tony_Blair_/9.png,intra-sim/Tony_Blair_,-3.01278750418334,-21.19784656796776,-35.637583892617506
dlib/intra-sim/Tony_Blair_/18.png,intra-sim/Tony_Blair_,-2.935673446421173,-22.2121896162528,-23.049684326104867
dlib/intra-sim/Tony_Blair_/17.png,intra-sim/Tony_Blair_,-4.289153328819018,-16.77774284816104,-30.333982744224866
dlib/intra-sim/Tony_Blair_/10.png,intra-sim/Tony_Blair_,-7.943471810590412,48.55295735900973,-21.925233644859816
dlib/intra-sim/Tony_Blair_/20.png,intra-sim/Tony_Blair_,2.935673446421173,15.041436464088434,-32.00057487783859
dlib/intra-sim/Tony_Blair_/14.png,intra-sim/Tony_Blair_,-1.4688007143858246,-5.149175149175193,-32.082503556187675
dlib/intra-sim/Tony_Blair_/11.png,intra-sim/Tony_Blair_,-20.72555886556054,27.601612361437645,-7.563245129398169
dlib/intra-sim/Tony_Blair_/12.png,intra-sim/Tony_Blair_,-2.7927023657132835,33.7179892507114,-36.220369887991644
dlib/intra-sim/Tony_Blair_/2.png,intra-sim/Tony_Blair_,-3.179830119864234,-11.011419249592109,-31.93548387096772
dlib/intra-sim/Tony_Blair_/19.png,intra-sim/Tony_Blair_,4.763641690726177,-23.829787234042655,-33.5222672064778
dlib/intra-sim/Tony_Blair_/8.png,intra-sim/Tony_Blair_,7.305759533310824,-14.190871369294626,-19.0223921354452
dlib/intra-sim/Tony_Blair_/4.png,intra-sim/Tony_Blair_,-4.513988458001262,6.169611307420567,-13.25028312570788
dlib/intra-sim/Tony_Blair_/5.png,intra-sim/Tony_Blair_,-5.194428907734806,45.700934579439235,-30.00000000000002
dlib/intra-sim/Tony_Blair_/6.png,intra-sim/Tony_Blair_,-8.880659150520245,43.670505758637944,-16.76378772112382
dlib/intra-sim/Lleyton_Hewitt_/3.png,intra-sim/Lleyton_Hewitt_,-1.3019526725788753,-26.11298741172861,-19.707750952985933
dlib/intra-sim/Lleyton_Hewitt_/15.png,intra-sim/Lleyton_Hewitt_,1.4320961841646465,-41.28675308251661,-47.44938206678943
dlib/intra-sim/Lleyton_Hewitt_/16.png,intra-sim/Lleyton_Hewitt_,3.094058058917111,-3.845601436265696,-44.31264218394551
dlib/intra-sim/Lleyton_Hewitt_/13.png,intra-sim/Lleyton_Hewitt_,0.0,-2.0930232558139465,-22.25806451612904
dlib/intra-sim/Lleyton_Hewitt_/1.png,intra-sim/Lleyton_Hewitt_,4.398705354995532,-15.573440643863194,-13.82445141065834
dlib/intra-sim/Lleyton_Hewitt_/7.png,intra-sim/Lleyton_Hewitt_,-7.125016348901798,-15.98399999999998,-24.690265486725735
dlib/intra-sim/Lleyton_Hewitt_/9.png,intra-sim/Lleyton_Hewitt_,8.36588612403259,-5.831873905429035,-17.176554681915718
dlib/intra-sim/Lleyton_Hewitt_/18.png,intra-sim/Lleyton_Hewitt_,4.289153328819018,-32.75306479859893,-9.96516546404574
dlib/intra-sim/Lleyton_Hewitt_/17.png,intra-sim/Lleyton_Hewitt_,4.289153328819018,16.866566716641685,-49.11254775198363
dlib/intra-sim/Lleyton_Hewitt_/10.png,intra-sim/Lleyton_Hewitt_,1.6365770416167182,-22.81141868512115,-26.140350877193026
dlib/intra-sim/Lleyton_Hewitt_/20.png,intra-sim/Lleyton_Hewitt_,-4.398705354995532,-15.64824120603012,-35.532271584241464
dlib/intra-sim/Lleyton_Hewitt_/14.png,intra-sim/Lleyton_Hewitt_,7.305759533310824,21.218014329580328,-52.21079691516712
dlib/intra-sim/Lleyton_Hewitt_/11.png,intra-sim/Lleyton_Hewitt_,4.398705354995532,-7.058823529411754,-57.48175182481755
dlib/intra-sim/Lleyton_Hewitt_/12.png,intra-sim/Lleyton_Hewitt_,4.289153328819018,0.7954173486088365,10.25316455696212
dlib/intra-sim/Lleyton_Hewitt_/2.png,intra-sim/Lleyton_Hewitt_,-6.952957468173915,15.463049579045816,-19.280313637636468
dlib/intra-sim/Lleyton_Hewitt_/19.png,intra-sim/Lleyton_Hewitt_,-3.01278750418334,-14.08988764044949,-18.13614262560786
dlib/intra-sim/Lleyton_Hewitt_/8.png,intra-sim/Lleyton_Hewitt_,1.3322198538696388,-1.9621342512908484,-29.3649332719742
dlib/intra-sim/Lleyton_Hewitt_/4.png,intra-sim/Lleyton_Hewitt_,0.0,-1.2328767123287605,-6.92307692307692
dlib/intra-sim/Lleyton_Hewitt_/5.png,intra-sim/Lleyton_Hewitt_,6.009005957494525,12.054794520547958,-7.423180592991955
dlib/intra-sim/Lleyton_Hewitt_/6.png,intra-sim/Lleyton_Hewitt_,0.0,-1.2328767123287605,-25.714285714285708
dlib/intra-sim/Rudolph_Giuliani_/3.png,intra-sim/Rudolph_Giuliani_,-1.5074357587749678,-18.1278863232681,-43.80333951762519
dlib/intra-sim/Rudolph_Giuliani_/15.png,intra-sim/Rudolph_Giuliani_,-7.125016348901798,20.40000000000002,-36.47368421052639
dlib/intra-sim/Rudolph_Giuliani_/16.png,intra-sim/Rudolph_Giuliani_,-9.688786560366804,-1.7445838084378096,-51.45272385723221
dlib/intra-sim/Rudolph_Giuliani_/13.png,intra-sim/Rudolph_Giuliani_,-1.548157698977968,-20.22850020772752,-15.4194792671166
dlib/intra-sim/Rudolph_Giuliani_/1.png,intra-sim/Rudolph_Giuliani_,3.99091309842978,-25.385856413014267,-66.24340094470688
dlib/intra-sim/Rudolph_Giuliani_/7.png,intra-sim/Rudolph_Giuliani_,3.01278750418334,-23.090909090909093,-44.41638225255973
dlib/intra-sim/Rudolph_Giuliani_/9.png,intra-sim/Rudolph_Giuliani_,2.935673446421173,3.4948556256222503,-43.48059324708113
dlib/intra-sim/Rudolph_Giuliani_/18.png,intra-sim/Rudolph_Giuliani_,-9.926245506651703,2.252314021254747,-35.313653136531364
dlib/intra-sim/Rudolph_Giuliani_/17.png,intra-sim/Rudolph_Giuliani_,-7.495857639729858,25.2668213457076,-13.6632801161102
dlib/intra-sim/Rudolph_Giuliani_/10.png,intra-sim/Rudolph_Giuliani_,-14.53445508054012,51.555869872701635,-22.9856115107914
dlib/intra-sim/Rudolph_Giuliani_/14.png,intra-sim/Rudolph_Giuliani_,-11.003540851749504,13.970266724967246,-24.92795389048989
dlib/intra-sim/Rudolph_Giuliani_/11.png,intra-sim/Rudolph_Giuliani_,-11.040940180323732,-2.649203348636206,-63.8212394892557
dlib/intra-sim/Rudolph_Giuliani_/12.png,intra-sim/Rudolph_Giuliani_,-7.305759533310824,15.065789473684177,-34.32286023835312
dlib/intra-sim/Rudolph_Giuliani_/2.png,intra-sim/Rudolph_Giuliani_,-6.78897457443879,5.278592375366472,-37.724550898203695
dlib/intra-sim/Rudolph_Giuliani_/19.png,intra-sim/Rudolph_Giuliani_,-6.340191745909909,-22.26804123711337,-21.54255319148926
dlib/intra-sim/Rudolph_Giuliani_/8.png,intra-sim/Rudolph_Giuliani_,0.0,15.714285714285708,-27.0
dlib/intra-sim/Rudolph_Giuliani_/4.png,intra-sim/Rudolph_Giuliani_,0.0,-16.229508196721312,-40.90909090909091
dlib/intra-sim/Rudolph_Giuliani_/5.png,intra-sim/Rudolph_Giuliani_,11.888658039627972,-9.954853273137717,-29.933920704845832
dlib/intra-sim/Rudolph_Giuliani_/6.png,intra-sim/Rudolph_Giuliani_,-5.572197803963796,16.797235023041466,-41.73094170403588
dlib/intra-sim/Ariel_Sharon_/3.png,intra-sim/Ariel_Sharon_,12.875001559612476,7.323688969258541,-32.70133164235892
dlib/intra-sim/Ariel_Sharon_/15.png,intra-sim/Ariel_Sharon_,-7.594643368591445,14.557872034507623,-76.89655172413802
dlib/intra-sim/Ariel_Sharon_/16.png,intra-sim/Ariel_Sharon_,-2.5448043798130957,13.580313683071878,-45.3196824070205
dlib/intra-sim/Ariel_Sharon_/13.png,intra-sim/Ariel_Sharon_,13.671307132195835,2.9574541681078728,-51.630267609966175
dlib/intra-sim/Ariel_Sharon_/1.png,intra-sim/Ariel_Sharon_,14.826479970355663,-11.517736865738655,-46.61217391304344
dlib/intra-sim/Ariel_Sharon_/7.png,intra-sim/Ariel_Sharon_,-4.513988458001262,-13.193535975375042,-30.081355932203422
dlib/intra-sim/Ariel_Sharon_/9.png,intra-sim/Ariel_Sharon_,0.0,-13.200000000000005,-50.0
dlib/intra-sim/Ariel_Sharon_/18.png,intra-sim/Ariel_Sharon_,10.784297867562598,-25.72198921509876,-43.901388224030576
dlib/intra-sim/Ariel_Sharon_/17.png,intra-sim/Ariel_Sharon_,-4.1849161251184155,37.51721876024925,-33.24774462179055
dlib/intra-sim/Ariel_Sharon_/10.png,intra-sim/Ariel_Sharon_,-5.710593137499643,0.474934036939274,-33.960396039604
dlib/intra-sim/Ariel_Sharon_/20.png,intra-sim/Ariel_Sharon_,-2.726310993906266,10.722433460076005,-36.845637583892675
dlib/intra-sim/Ariel_Sharon_/14.png,intra-sim/Ariel_Sharon_,17.10272896905237,7.127937336814611,-61.93548387096776
dlib/intra-sim/Ariel_Sharon_/11.png,intra-sim/Ariel_Sharon_,5.856013585428958,26.665508857242017,-50.140768814293466
dlib/intra-sim/Ariel_Sharon_/12.png,intra-sim/Ariel_Sharon_,-1.4320961841646465,28.31870357866299,-45.33039647577088
dlib/intra-sim/Ariel_Sharon_/2.png,intra-sim/Ariel_Sharon_,-1.363927531602919,-3.663118346900461,-35.678889990089246
dlib/intra-sim/Ariel_Sharon_/19.png,intra-sim/Ariel_Sharon_,0.0,33.58208955223881,-38.0
dlib/intra-sim/Ariel_Sharon_/8.png,intra-sim/Ariel_Sharon_,21.25050550713324,-47.446270543615626,-55.69696969696971
dlib/intra-sim/Ariel_Sharon_/4.png,intra-sim/Ariel_Sharon_,11.003540851749504,21.520244461420887,-42.26720647773269
dlib/intra-sim/Ariel_Sharon_/5.png,intra-sim/Ariel_Sharon_,-2.7927023657132835,28.364167478091503,-49.90478576797797
dlib/intra-sim/Ariel_Sharon_/6.png,intra-sim/Ariel_Sharon_,14.381394591090602,12.79425252216454,-64.31854452601348
dlib/intra-sim/Carlos_Menem_/3.png,intra-sim/Carlos_Menem_,-6.4830736928972374,36.92994319718693,-9.028839043628295
dlib/intra-sim/Carlos_Menem_/15.png,intra-sim/Carlos_Menem_,-1.3019526725788753,21.363636363636346,-62.24920802534323
dlib/intra-sim/Carlos_Menem_/16.png,intra-sim/Carlos_Menem_,-4.398705354995532,10.7655502392345,-23.77866400797606
dlib/intra-sim/Carlos_Menem_/13.png,intra-sim/Carlos_Menem_,3.99091309842978,11.682451253481773,-31.244939271255028
dlib/intra-sim/Carlos_Menem_/1.png,intra-sim/Carlos_Menem_,2.8624052261117474,-13.462603878116298,-15.113759479956729
dlib/intra-sim/Carlos_Menem_/7.png,intra-sim/Carlos_Menem_,-4.899092453787765,-2.5207100591716056,-29.51826575672421
dlib/intra-sim/Carlos_Menem_/9.png,intra-sim/Carlos_Menem_,-11.592175410291071,24.26429240862217,-23.827705900915134
dlib/intra-sim/Carlos_Menem_/18.png,intra-sim/Carlos_Menem_,-1.363927531602919,8.989547038327487,-7.809523809523654
dlib/intra-sim/Carlos_Menem_/17.png,intra-sim/Carlos_Menem_,-4.513988458001262,-30.536820371644865,-30.112359550561713
dlib/intra-sim/Carlos_Menem_/10.png,intra-sim/Carlos_Menem_,-11.592175410291071,6.080691642651331,-43.93082706766926
dlib/intra-sim/Carlos_Menem_/20.png,intra-sim/Carlos_Menem_,-4.513988458001262,-28.37022132796779,-19.62492053401152
dlib/intra-sim/Carlos_Menem_/14.png,intra-sim/Carlos_Menem_,-1.3971810272963767,-7.157107231920108,-45.79993974088581
dlib/intra-sim/Carlos_Menem_/11.png,intra-sim/Carlos_Menem_,-10.175510843043206,14.266583618810344,-15.131840090728602
dlib/intra-sim/Carlos_Menem_/12.png,intra-sim/Carlos_Menem_,1.6365770416167182,-25.088161209068033,-37.617689015691894
dlib/intra-sim/Carlos_Menem_/2.png,intra-sim/Carlos_Menem_,0.0,7.714285714285708,-30.0
dlib/intra-sim/Carlos_Menem_/19.png,intra-sim/Carlos_Menem_,6.009005957494525,3.5281539558089463,-20.720188902007138
dlib/intra-sim/Carlos_Menem_/8.png,intra-sim/Carlos_Menem_,-7.125016348901798,60.94043887147333,-36.67669172932331
dlib/intra-sim/Carlos_Menem_/4.png,intra-sim/Carlos_Menem_,-7.125016348901798,38.76506024096389,-27.692307692307708
dlib/intra-sim/Carlos_Menem_/5.png,intra-sim/Carlos_Menem_,-9.211026540816668,3.650911797543742,-12.419659735349768
dlib/intra-sim/Carlos_Menem_/6.png,intra-sim/Carlos_Menem_,-2.726310993906266,15.01738122827345,-34.65838509316783
dlib/intra-sim/Serena_Williams_/3.png,intra-sim/Serena_Williams_,9.246112745563252,-2.9298067141403266,-56.66666666666664
dlib/intra-sim/Serena_Williams_/15.png,intra-sim/Serena_Williams_,-11.560130794217766,1.5666406858923665,-26.55737704918036
dlib/intra-sim/Serena_Williams_/16.png,intra-sim/Serena_Williams_,3.01278750418334,-24.7659574468084,-7.122302158273413
dlib/intra-sim/Serena_Williams_/13.png,intra-sim/Serena_Williams_,-7.943471810590412,32.72490598785083,-11.255349500713235
dlib/intra-sim/Serena_Williams_/1.png,intra-sim/Serena_Williams_,-11.040940180323732,-19.811031664964275,-61.13099041533538
dlib/intra-sim/Serena_Williams_/7.png,intra-sim/Serena_Williams_,-2.726310993906266,21.4186450492183,-34.73413379073765
dlib/intra-sim/Serena_Williams_/9.png,intra-sim/Serena_Williams_,0.0,4.5,-20.204081632653057
dlib/intra-sim/Serena_Williams_/18.png,intra-sim/Serena_Williams_,0.0,7.346938775510211,-55.945945945945944
dlib/intra-sim/Serena_Williams_/17.png,intra-sim/Serena_Williams_,2.436648246810131,-1.574344023323576,-43.910034602076195
dlib/intra-sim/Serena_Williams_/10.png,intra-sim/Serena_Williams_,-2.5448043798130957,-16.27659574468082,-49.318568994889254
dlib/intra-sim/Serena_Williams_/20.png,intra-sim/Serena_Williams_,0.0,-6.237623762376231,-40.5
dlib/intra-sim/Serena_Williams_/14.png,intra-sim/Serena_Williams_,2.5448043798130957,-7.422680412371108,-23.38781228111137
dlib/intra-sim/Serena_Williams_/11.png,intra-sim/Serena_Williams_,-11.592175410291071,-10.558968058968006,-3.152781866352697
dlib/intra-sim/Serena_Williams_/12.png,intra-sim/Serena_Williams_,0.0,-0.9090909090909064,-39.23076923076923
dlib/intra-sim/Serena_Williams_/2.png,intra-sim/Serena_Williams_,0.0,-24.0,-12.272727272727266
dlib/intra-sim/Serena_Williams_/19.png,intra-sim/Serena_Williams_,0.0,6.0,-54.0
dlib/intra-sim/Serena_Williams_/8.png,intra-sim/Serena_Williams_,13.448615051686518,12.602230483271342,-25.979381443298937
dlib/intra-sim/Serena_Williams_/4.png,intra-sim/Serena_Williams_,9.03948280335512,13.57880556802874,-46.741674167416726
dlib/intra-sim/Serena_Williams_/5.png,intra-sim/Serena_Williams_,6.632514615138463,18.980301274623415,-35.255474452554694
dlib/intra-sim/Serena_Williams_/6.png,intra-sim/Serena_Williams_,-1.2188752351312977,11.651418115278972,-47.138939670932416
dlib/intra-sim/Alvaro_Uribe_/3.png,intra-sim/Alvaro_Uribe_,-8.36588612403259,38.04469273743021,-31.234918381831086
dlib/intra-sim/Alvaro_Uribe_/15.png,intra-sim/Alvaro_Uribe_,-1.5911402711945877,-17.619047619047606,-23.27631966971407
dlib/intra-sim/Alvaro_Uribe_/16.png,intra-sim/Alvaro_Uribe_,0.0,14.594594594594597,-35.21739130434783
dlib/intra-sim/Alvaro_Uribe_/13.png,intra-sim/Alvaro_Uribe_,4.899092453787765,35.5598455598455,-49.41480206540451
dlib/intra-sim/Alvaro_Uribe_/1.png,intra-sim/Alvaro_Uribe_,4.763641690726177,-31.65517241379311,-50.09237875288677
dlib/intra-sim/Alvaro_Uribe_/7.png,intra-sim/Alvaro_Uribe_,-2.935673446421173,-12.674004532211114,-41.013384321223704
dlib/intra-sim/Alvaro_Uribe_/9.png,intra-sim/Alvaro_Uribe_,-10.175510843043206,14.61803165863722,-33.82903981264637
dlib/intra-sim/Alvaro_Uribe_/18.png,intra-sim/Alvaro_Uribe_,-7.495857639729858,6.194895591647381,-28.595859585958664
dlib/intra-sim/Alvaro_Uribe_/17.png,intra-sim/Alvaro_Uribe_,-3.468229258917148,13.520079325731317,-41.82897862232782
dlib/intra-sim/Alvaro_Uribe_/10.png,intra-sim/Alvaro_Uribe_,-6.009005957494525,11.785714285714237,-31.606816798539292
dlib/intra-sim/Alvaro_Uribe_/20.png,intra-sim/Alvaro_Uribe_,14.036243467926475,2.7272727272726485,-34.30939226519336
dlib/intra-sim/Alvaro_Uribe_/14.png,intra-sim/Alvaro_Uribe_,0.0,-9.130434782608702,-38.8421052631579
dlib/intra-sim/Alvaro_Uribe_/11.png,intra-sim/Alvaro_Uribe_,5.31454566994475,34.05779280664005,-44.412101764840735
dlib/intra-sim/Alvaro_Uribe_/12.png,intra-sim/Alvaro_Uribe_,-4.1849161251184155,-4.150347441566495,-48.86287625418063
dlib/intra-sim/Alvaro_Uribe_/2.png,intra-sim/Alvaro_Uribe_,0.0,-1.4285714285714306,-21.42857142857143
dlib/intra-sim/Alvaro_Uribe_/19.png,intra-sim/Alvaro_Uribe_,-1.5074357587749678,0.145748987854418,-39.32421340629269
dlib/intra-sim/Alvaro_Uribe_/8.png,intra-sim/Alvaro_Uribe_,-1.5911402711945877,-19.81356604522017,-23.7619699042408
dlib/intra-sim/Alvaro_Uribe_/4.png,intra-sim/Alvaro_Uribe_,-7.495857639729858,6.333206542411617,-36.55112651646455
dlib/intra-sim/Alvaro_Uribe_/5.png,intra-sim/Alvaro_Uribe_,-1.363927531602919,4.345238095238088,-63.257698541329034
dlib/intra-sim/Alvaro_Uribe_/6.png,intra-sim/Alvaro_Uribe_,15.124007308310569,35.46520719311954,-33.299210295408
dlib/intra-sim/Tom_Ridge_/3.png,intra-sim/Tom_Ridge_,-2.935673446421173,9.3257629524486,-28.313185268484723
dlib/intra-sim/Tom_Ridge_/15.png,intra-sim/Tom_Ridge_,-5.440332031005506,41.61676646706584,-15.05016722408034
dlib/intra-sim/Tom_Ridge_/16.png,intra-sim/Tom_Ridge_,8.972626614896393,9.2523364485982,-35.51470588235301
dlib/intra-sim/Tom_Ridge_/13.png,intra-sim/Tom_Ridge_,-4.289153328819018,-14.594594594594682,-12.772277227722697
dlib/intra-sim/Tom_Ridge_/1.png,intra-sim/Tom_Ridge_,6.952957468173915,-4.606424285209968,-27.558588720061735
dlib/intra-sim/Tom_Ridge_/7.png,intra-sim/Tom_Ridge_,14.381394591090602,-14.223954642097908,-28.735733099209888
dlib/intra-sim/Tom_Ridge_/9.png,intra-sim/Tom_Ridge_,-2.935673446421173,-11.642137877614218,-27.830923248053452
dlib/intra-sim/Tom_Ridge_/18.png,intra-sim/Tom_Ridge_,2.935673446421173,-7.110933758978518,-20.45110675259187
dlib/intra-sim/Tom_Ridge_/17.png,intra-sim/Tom_Ridge_,3.01278750418334,33.49708576186525,-27.378481703986807
dlib/intra-sim/Tom_Ridge_/10.png,intra-sim/Tom_Ridge_,-5.440332031005506,-15.96677740863784,-47.85985877240639
dlib/intra-sim/Tom_Ridge_/20.png,intra-sim/Tom_Ridge_,11.592175410291071,9.726128793486296,-24.54545454545459
dlib/intra-sim/Tom_Ridge_/14.png,intra-sim/Tom_Ridge_,-5.31454566994475,5.95134123518406,-10.053966540744796
dlib/intra-sim/Tom_Ridge_/11.png,intra-sim/Tom_Ridge_,-4.513988458001262,-19.4885745375408,-37.26361031518625
dlib/intra-sim/Tom_Ridge_/12.png,intra-sim/Tom_Ridge_,2.7927023657132835,-3.5048678720444144,-14.391520544360148
dlib/intra-sim/Tom_Ridge_/2.png,intra-sim/Tom_Ridge_,-5.710593137499643,25.6258596973866,-25.426008968609864
dlib/intra-sim/Tom_Ridge_/19.png,intra-sim/Tom_Ridge_,-6.632514615138463,25.16218721037997,-5.961227786752772
dlib/intra-sim/Tom_Ridge_/8.png,intra-sim/Tom_Ridge_,0.0,17.5,-23.877551020408163
dlib/intra-sim/Tom_Ridge_/4.png,intra-sim/Tom_Ridge_,4.1849161251184155,26.606523247744633,-41.958250497017985
dlib/intra-sim/Tom_Ridge_/5.png,intra-sim/Tom_Ridge_,-1.4320961841646465,22.76872964169384,-18.365833562208195
dlib/intra-sim/Tom_Ridge_/6.png,intra-sim/Tom_Ridge_,1.3971810272963767,38.61747851002866,-28.853320592451105
dlib/intra-sim/Jose_Maria_Aznar_/3.png,intra-sim/Jose_Maria_Aznar_,9.727578551401605,0.3333333333333428,-24.389078498293628
dlib/intra-sim/Jose_Maria_Aznar_/15.png,intra-sim/Jose_Maria_Aznar_,-5.440332031005506,4.134675896790441,-49.69849246231148
dlib/intra-sim/Jose_Maria_Aznar_/16.png,intra-sim/Jose_Maria_Aznar_,-8.530765609948133,24.28203477141018,-31.224489795918323
dlib/intra-sim/Jose_Maria_Aznar_/13.png,intra-sim/Jose_Maria_Aznar_,-11.003540851749504,47.00495049504946,-35.134257893183836
dlib/intra-sim/Jose_Maria_Aznar_/1.png,intra-sim/Jose_Maria_Aznar_,-14.93141717813755,-49.48488241881285,-42.40449438202256
dlib/intra-sim/Jose_Maria_Aznar_/7.png,intra-sim/Jose_Maria_Aznar_,2.8624052261117474,-7.521994134897454,-32.292993630573285
dlib/intra-sim/Jose_Maria_Aznar_/9.png,intra-sim/Jose_Maria_Aznar_,0.0,-50.294117647058826,-25.714285714285708
dlib/intra-sim/Jose_Maria_Aznar_/18.png,intra-sim/Jose_Maria_Aznar_,-5.856013585428958,21.597593582887697,-50.67384508509892
dlib/intra-sim/Jose_Maria_Aznar_/17.png,intra-sim/Jose_Maria_Aznar_,-9.211026540816668,1.9861531804412351,-27.249181303959553
dlib/intra-sim/Jose_Maria_Aznar_/10.png,intra-sim/Jose_Maria_Aznar_,7.907162702958458,-28.24267782426766,-44.064735945485474
dlib/intra-sim/Jose_Maria_Aznar_/20.png,intra-sim/Jose_Maria_Aznar_,4.635463426902642,18.778534241089304,-40.66318196667759
dlib/intra-sim/Jose_Maria_Aznar_/14.png,intra-sim/Jose_Maria_Aznar_,-8.130102354155978,-32.097902097902136,-10.31847133757968
dlib/intra-sim/Jose_Maria_Aznar_/11.png,intra-sim/Jose_Maria_Aznar_,-5.440332031005506,-11.07329842931948,-29.603024574669256
dlib/intra-sim/Jose_Maria_Aznar_/12.png,intra-sim/Jose_Maria_Aznar_,10.43747535111818,-21.85071181223547,-21.37685134393857
dlib/intra-sim/Jose_Maria_Aznar_/2.png,intra-sim/Jose_Maria_Aznar_,6.1701750950296095,-22.08608122179793,-43.66979091564514
dlib/intra-sim/Jose_Maria_Aznar_/19.png,intra-sim/Jose_Maria_Aznar_,3.01278750418334,-0.1410658307209331,-22.784810126582315
dlib/intra-sim/Jose_Maria_Aznar_/8.png,intra-sim/Jose_Maria_Aznar_,-11.888658039627972,25.63552833078097,-13.703703703703653
dlib/intra-sim/Jose_Maria_Aznar_/4.png,intra-sim/Jose_Maria_Aznar_,-4.513988458001262,36.769596199524926,-33.41538461538455
dlib/intra-sim/Jose_Maria_Aznar_/5.png,intra-sim/Jose_Maria_Aznar_,-19.290046219188735,-13.588850174216091,-47.983827493261515
dlib/intra-sim/Jose_Maria_Aznar_/6.png,intra-sim/Jose_Maria_Aznar_,-3.094058058917111,0.6387508871539609,-58.07848944835254
dlib/intra-sim/Jennifer_Lopez_/3.png,intra-sim/Jennifer_Lopez_,-5.31454566994475,33.55001326611834,-59.42504594381715
dlib/intra-sim/Jennifer_Lopez_/15.png,intra-sim/Jennifer_Lopez_,2.6025622024998065,1.5773195876288355,-65.8968058968058
dlib/intra-sim/Jennifer_Lopez_/16.png,intra-sim/Jennifer_Lopez_,-11.040940180323732,15.586854460093846,-44.22643746295197
dlib/intra-sim/Jennifer_Lopez_/13.png,intra-sim/Jennifer_Lopez_,2.726310993906266,-34.799999999999955,-82.72178636089325
dlib/intra-sim/Jennifer_Lopez_/1.png,intra-sim/Jennifer_Lopez_,5.572197803963796,-21.788286877544692,-18.298541607091764
dlib/intra-sim/Jennifer_Lopez_/7.png,intra-sim/Jennifer_Lopez_,0.0,-1.0112359550561791,-54.935064935064936
dlib/intra-sim/Jennifer_Lopez_/9.png,intra-sim/Jennifer_Lopez_,1.2730300200567113,-5.99427070899975,-60.574521232306374
dlib/intra-sim/Jennifer_Lopez_/18.png,intra-sim/Jennifer_Lopez_,5.572197803963796,-1.4995284501729458,-49.407496977025424
dlib/intra-sim/Jennifer_Lopez_/17.png,intra-sim/Jennifer_Lopez_,-1.245364266768347,-7.220809248554929,-22.419437340153394
dlib/intra-sim/Jennifer_Lopez_/10.png,intra-sim/Jennifer_Lopez_,-1.2730300200567113,-15.443007078349908,-70.23352793994997
dlib/intra-sim/Jennifer_Lopez_/20.png,intra-sim/Jennifer_Lopez_,3.90049374238189,-3.0517549077928834,-37.064039408867
dlib/intra-sim/Jennifer_Lopez_/14.png,intra-sim/Jennifer_Lopez_,3.7313969991604465,-19.852064473393725,-61.53354632587852
dlib/intra-sim/Jennifer_Lopez_/11.png,intra-sim/Jennifer_Lopez_,-2.3859440303888126,2.787794729542284,-74.29158110882942
dlib/intra-sim/Jennifer_Lopez_/12.png,intra-sim/Jennifer_Lopez_,-5.710593137499643,7.3081201334816654,-49.459459459459445
dlib/intra-sim/Jennifer_Lopez_/2.png,intra-sim/Jennifer_Lopez_,-2.6630007660671433,-32.07497360084481,-59.1401273885351
dlib/intra-sim/Jennifer_Lopez_/19.png,intra-sim/Jennifer_Lopez_,6.1701750950296095,37.56660746003544,-38.39590443686013
dlib/intra-sim/Jennifer_Lopez_/8.png,intra-sim/Jennifer_Lopez_,2.8624052261117474,-17.113846153846083,-54.77029578351155
dlib/intra-sim/Jennifer_Lopez_/4.png,intra-sim/Jennifer_Lopez_,0.0,0.0,-45.65217391304348
dlib/intra-sim/Jennifer_Lopez_/5.png,intra-sim/Jennifer_Lopez_,-1.4320961841646465,15.678595543551722,-37.36046511627906
dlib/intra-sim/Jennifer_Lopez_/6.png,intra-sim/Jennifer_Lopez_,-2.7927023657132835,-7.27172108467073,-77.59278897136805
dlib/intra-sim/Jean_Chretien_/3.png,intra-sim/Jean_Chretien_,-11.07020257793936,-5.118694362017834,-43.73211963589082
dlib/intra-sim/Jean_Chretien_/15.png,intra-sim/Jean_Chretien_,-5.572197803963796,-50.53350683148979,-37.929759704251275
dlib/intra-sim/Jean_Chretien_/16.png,intra-sim/Jean_Chretien_,5.194428907734806,12.85714285714286,-40.55335968379444
dlib/intra-sim/Jean_Chretien_/13.png,intra-sim/Jean_Chretien_,10.00797980144134,16.396181384248166,-43.212543554006835
dlib/intra-sim/Jean_Chretien_/1.png,intra-sim/Jean_Chretien_,-7.69605172201657,0.5784499054820458,-33.211418376449465
dlib/intra-sim/Jean_Chretien_/7.png,intra-sim/Jean_Chretien_,18.00416160591338,-7.058823529411939,-54.44906444906439
dlib/intra-sim/Jean_Chretien_/9.png,intra-sim/Jean_Chretien_,-6.1701750950296095,-29.44866160607276,-10.967336683417116
dlib/intra-sim/Jean_Chretien_/18.png,intra-sim/Jean_Chretien_,-1.7899106082460694,-52.85862785862789,-24.703264094955443
dlib/intra-sim/Jean_Chretien_/17.png,intra-sim/Jean_Chretien_,3.2704879231835657,-7.783375314861587,-35.48642145067032
dlib/intra-sim/Jean_Chretien_/10.png,intra-sim/Jean_Chretien_,-5.856013585428958,16.575797872340416,-39.00750625521279
dlib/intra-sim/Jean_Chretien_/20.png,intra-sim/Jean_Chretien_,4.085616779974877,-12.269129287598986,-62.612137203166185
dlib/intra-sim/Jean_Chretien_/14.png,intra-sim/Jean_Chretien_,1.4688007143858246,-5.684341886080803e-14,-42.35621521335807
dlib/intra-sim/Jean_Chretien_/11.png,intra-sim/Jean_Chretien_,7.125016348901798,17.358184764991847,-26.15999999999991
dlib/intra-sim/Jean_Chretien_/12.png,intra-sim/Jean_Chretien_,-4.899092453787765,-3.1112984822934493,-35.30670470756062
dlib/intra-sim/Jean_Chretien_/2.png,intra-sim/Jean_Chretien_,-4.763641690726177,-8.941935483870964,-21.155378486055753
dlib/intra-sim/Jean_Chretien_/19.png,intra-sim/Jean_Chretien_,1.6846843178962914,-28.952205882352956,-21.366906474820127
dlib/intra-sim/Jean_Chretien_/8.png,intra-sim/Jean_Chretien_,-8.325650330426836,0.6967741935484781,-46.52102225886239
dlib/intra-sim/Jean_Chretien_/4.png,intra-sim/Jean_Chretien_,8.652541791114725,-21.39516757599381,-55.39629005059023
dlib/intra-sim/Jean_Chretien_/5.png,intra-sim/Jean_Chretien_,0.0,15.42857142857143,-27.209302325581397
dlib/intra-sim/Jean_Chretien_/6.png,intra-sim/Jean_Chretien_,4.635463426902642,-28.173302107728347,-34.780876494023964
dlib/intra-sim/Igor_Ivanov_/3.png,intra-sim/Igor_Ivanov_,0.0,1.084337349397586,-19.714285714285708
dlib/intra-sim/Igor_Ivanov_/15.png,intra-sim/Igor_Ivanov_,0.0,5.84415584415585,-41.294117647058826
dlib/intra-sim/Igor_Ivanov_/16.png,intra-sim/Igor_Ivanov_,0.0,-60.0,-27.10843373493976
dlib/intra-sim/Igor_Ivanov_/13.png,intra-sim/Igor_Ivanov_,5.856013585428958,-19.827142331739623,-20.039525691699637
dlib/intra-sim/Igor_Ivanov_/1.png,intra-sim/Igor_Ivanov_,0.0,-5.172413793103445,-49.5
dlib/intra-sim/Igor_Ivanov_/7.png,intra-sim/Igor_Ivanov_,-3.094058058917111,-9.601328903654505,-23.40000000000005
dlib/intra-sim/Igor_Ivanov_/9.png,intra-sim/Igor_Ivanov_,1.847610265994596,-47.806652806652835,-32.61501210653741
dlib/intra-sim/Igor_Ivanov_/18.png,intra-sim/Igor_Ivanov_,2.726310993906266,17.32851985559556,-32.991689750692636
dlib/intra-sim/Igor_Ivanov_/17.png,intra-sim/Igor_Ivanov_,-6.78897457443879,13.730600292825798,-35.688842325825036
dlib/intra-sim/Igor_Ivanov_/10.png,intra-sim/Igor_Ivanov_,-1.4688007143858246,12.527700831025,-12.289803220035736
dlib/intra-sim/Igor_Ivanov_/20.png,intra-sim/Igor_Ivanov_,-2.726310993906266,-20.667420814479613,-58.407367280606785
dlib/intra-sim/Igor_Ivanov_/14.png,intra-sim/Igor_Ivanov_,-10.43747535111818,-22.912149532710316,-36.33730834752985
dlib/intra-sim/Igor_Ivanov_/11.png,intra-sim/Igor_Ivanov_,5.572197803963796,-5.028099173553741,-28.517441860465148
dlib/intra-sim/Igor_Ivanov_/12.png,intra-sim/Igor_Ivanov_,0.0,2.647058823529406,-37.05882352941177
dlib/intra-sim/Igor_Ivanov_/2.png,intra-sim/Igor_Ivanov_,0.0,-21.891891891891888,-50.869565217391305
dlib/intra-sim/Igor_Ivanov_/19.png,intra-sim/Igor_Ivanov_,6.009005957494525,-34.69565217391305,-33.66259711431734
dlib/intra-sim/Igor_Ivanov_/8.png,intra-sim/Igor_Ivanov_,1.5911402711945877,-53.76480195998376,-22.67263427109964
dlib/intra-sim/Igor_Ivanov_/4.png,intra-sim/Igor_Ivanov_,21.501434324047903,-57.14920071047967,-28.08403361344535
dlib/intra-sim/Igor_Ivanov_/5.png,intra-sim/Igor_Ivanov_,0.0,1.1688311688311757,-56.37362637362637
dlib/intra-sim/Igor_Ivanov_/6.png,intra-sim/Igor_Ivanov_,7.125016348901798,3.476394849785436,-96.13636363636364
dlib/intra-sim/Pete_Sampras_/3.png,intra-sim/Pete_Sampras_,-9.688786560366804,-11.761045426260084,-25.111607142857167
dlib/intra-sim/Pete_Sampras_/15.png,intra-sim/Pete_Sampras_,-3.01278750418334,-4.365448504983348,-24.325878594249147
dlib/intra-sim/Pete_Sampras_/16.png,intra-sim/Pete_Sampras_,3.2704879231835657,-36.76159479251422,-11.188524590163835
dlib/intra-sim/Pete_Sampras_/13.png,intra-sim/Pete_Sampras_,8.972626614896393,23.54260089686096,-30.458515283842857
dlib/intra-sim/Pete_Sampras_/1.png,intra-sim/Pete_Sampras_,8.130102354155978,39.576547231270325,-27.391304347826026
dlib/intra-sim/Pete_Sampras_/7.png,intra-sim/Pete_Sampras_,-10.713123022791038,26.47058823529406,-35.44329896907203
dlib/intra-sim/Pete_Sampras_/9.png,intra-sim/Pete_Sampras_,15.255118703057777,-10.602739726027366,-38.08421052631578
dlib/intra-sim/Pete_Sampras_/18.png,intra-sim/Pete_Sampras_,8.74616226255521,29.445086705202357,-33.313432835820905
dlib/intra-sim/Pete_Sampras_/17.png,intra-sim/Pete_Sampras_,-1.4320961841646465,8.656330749353899,-65.72427572427569
dlib/intra-sim/Pete_Sampras_/10.png,intra-sim/Pete_Sampras_,-1.5074357587749678,13.22136786726027,-20.08769448373404
dlib/intra-sim/Pete_Sampras_/20.png,intra-sim/Pete_Sampras_,-6.009005957494525,26.531791907514503,-52.77084701247541
dlib/intra-sim/Pete_Sampras_/14.png,intra-sim/Pete_Sampras_,7.305759533310824,38.77513711151744,-44.14285714285706
dlib/intra-sim/Pete_Sampras_/11.png,intra-sim/Pete_Sampras_,7.305759533310824,3.637374860956669,-24.66593946004913
dlib/intra-sim/Pete_Sampras_/12.png,intra-sim/Pete_Sampras_,14.036243467926475,3.4838709677419217,-23.44913151364771
dlib/intra-sim/Pete_Sampras_/2.png,intra-sim/Pete_Sampras_,0.0,7.974683544303801,-26.0
dlib/intra-sim/Pete_Sampras_/19.png,intra-sim/Pete_Sampras_,-3.179830119864234,23.278008298755168,-15.628742514970044
dlib/intra-sim/Pete_Sampras_/8.png,intra-sim/Pete_Sampras_,9.462322208025617,32.48275862068961,-36.1056751467709
dlib/intra-sim/Pete_Sampras_/4.png,intra-sim/Pete_Sampras_,-1.4688007143858246,-11.06690777576857,-26.17379117028743
dlib/intra-sim/Pete_Sampras_/5.png,intra-sim/Pete_Sampras_,6.952957468173915,-18.83489784649356,-45.254237288135634
dlib/intra-sim/Pete_Sampras_/6.png,intra-sim/Pete_Sampras_,-4.398705354995532,19.198919891989163,-47.93380140421267
dlib/intra-sim/Silvio_Berlusconi_/3.png,intra-sim/Silvio_Berlusconi_,-1.3971810272963767,-40.55013927576606,-16.84491978609627
dlib/intra-sim/Silvio_Berlusconi_/15.png,intra-sim/Silvio_Berlusconi_,3.01278750418334,-24.9101365923795,-23.424657534246705
dlib/intra-sim/Silvio_Berlusconi_/16.png,intra-sim/Silvio_Berlusconi_,6.632514615138463,27.28017476788642,-35.92383638928057
dlib/intra-sim/Silvio_Berlusconi_/13.png,intra-sim/Silvio_Berlusconi_,2.935673446421173,31.636549607910013,-49.2693565976009
dlib/intra-sim/Silvio_Berlusconi_/1.png,intra-sim/Silvio_Berlusconi_,5.440332031005506,-7.068062827225177,-64.61245235069867
dlib/intra-sim/Silvio_Berlusconi_/7.png,intra-sim/Silvio_Berlusconi_,6.340191745909909,2.5457570715474844,-40.51792828685248
dlib/intra-sim/Silvio_Berlusconi_/9.png,intra-sim/Silvio_Berlusconi_,-5.440332031005506,-3.8194859533771535,-69.70425138632166
dlib/intra-sim/Silvio_Berlusconi_/18.png,intra-sim/Silvio_Berlusconi_,-1.4320961841646465,13.30857528696822,-35.372201978136324
dlib/intra-sim/Silvio_Berlusconi_/17.png,intra-sim/Silvio_Berlusconi_,1.4320961841646465,7.974683544303801,-21.382889200560967
dlib/intra-sim/Silvio_Berlusconi_/10.png,intra-sim/Silvio_Berlusconi_,-2.6630007660671433,3.3729922665080068,-17.883008356545957
dlib/intra-sim/Silvio_Berlusconi_/20.png,intra-sim/Silvio_Berlusconi_,-9.688786560366804,6.482694106641674,-33.985487022048645
dlib/intra-sim/Silvio_Berlusconi_/14.png,intra-sim/Silvio_Berlusconi_,9.688786560366804,22.97314784859256,-23.511919390513683
dlib/intra-sim/Silvio_Berlusconi_/11.png,intra-sim/Silvio_Berlusconi_,-9.462322208025617,10.129870129870056,-29.607201309329035
dlib/intra-sim/Silvio_Berlusconi_/12.png,intra-sim/Silvio_Berlusconi_,6.952957468173915,9.384615384615344,-20.30963586821902
dlib/intra-sim/Silvio_Berlusconi_/2.png,intra-sim/Silvio_Berlusconi_,1.5074357587749678,-22.466666666666683,-28.82532884674208
dlib/intra-sim/Silvio_Berlusconi_/19.png,intra-sim/Silvio_Berlusconi_,-8.972626614896393,4.986486486486555,-46.77069199457268
dlib/intra-sim/Silvio_Berlusconi_/8.png,intra-sim/Silvio_Berlusconi_,-13.392497753751098,-4.176000000000059,-68.18520820385339
dlib/intra-sim/Silvio_Berlusconi_/4.png,intra-sim/Silvio_Berlusconi_,6.203447901691836,-8.323213451658177,-22.098765432098844
dlib/intra-sim/Silvio_Berlusconi_/5.png,intra-sim/Silvio_Berlusconi_,-10.175510843043206,8.986686390532583,-30.868167202572323
dlib/intra-sim/Silvio_Berlusconi_/6.png,intra-sim/Silvio_Berlusconi_,-11.888658039627972,-16.75709001233045,-64.94318181818173
dlib/intra-sim/Naomi_Watts_/3.png,intra-sim/Naomi_Watts_,4.289153328819018,-21.320644216691065,-49.820895522388014
dlib/intra-sim/Naomi_Watts_/15.png,intra-sim/Naomi_Watts_,-6.203447901691836,8.745625841184406,-14.473909324208648
dlib/intra-sim/Naomi_Watts_/16.png,intra-sim/Naomi_Watts_,0.0,-36.23376623376623,-41.83098591549296
dlib/intra-sim/Naomi_Watts_/13.png,intra-sim/Naomi_Watts_,3.99091309842978,-8.379978471474743,-71.73410404624265
dlib/intra-sim/Naomi_Watts_/1.png,intra-sim/Naomi_Watts_,-6.911227119024681,46.67413715822494,-16.62074903142492
dlib/intra-sim/Naomi_Watts_/7.png,intra-sim/Naomi_Watts_,1.363927531602919,-20.88266384778008,-42.11401425178145
dlib/intra-sim/Naomi_Watts_/9.png,intra-sim/Naomi_Watts_,0.0,12.85714285714286,-68.04878048780488
dlib/intra-sim/Naomi_Watts_/18.png,intra-sim/Naomi_Watts_,-2.6630007660671433,-9.316818774445878,-44.357142857142975
dlib/intra-sim/Naomi_Watts_/17.png,intra-sim/Naomi_Watts_,1.3971810272963767,-9.738406658739706,-43.51778656126476
dlib/intra-sim/Naomi_Watts_/10.png,intra-sim/Naomi_Watts_,-1.3322198538696388,21.416982152514876,-21.45289443813853
dlib/intra-sim/Naomi_Watts_/20.png,intra-sim/Naomi_Watts_,0.0,81.14754098360655,-50.48780487804878
dlib/intra-sim/Naomi_Watts_/14.png,intra-sim/Naomi_Watts_,4.398705354995532,-25.186246418338072,-71.7891373801917
dlib/intra-sim/Naomi_Watts_/11.png,intra-sim/Naomi_Watts_,-3.7313969991604465,-17.149253731343236,-37.10469314079431
dlib/intra-sim/Naomi_Watts_/12.png,intra-sim/Naomi_Watts_,3.468229258917148,-52.959999999999944,-40.177906495655826
dlib/intra-sim/Naomi_Watts_/2.png,intra-sim/Naomi_Watts_,-5.079607860014571,6.391152502910344,-73.70058873002523
dlib/intra-sim/Naomi_Watts_/19.png,intra-sim/Naomi_Watts_,-8.530765609948133,24.4356314826114,-59.73651191969883
dlib/intra-sim/Naomi_Watts_/8.png,intra-sim/Naomi_Watts_,-1.3971810272963767,8.724489795918402,-18.28427853553478
dlib/intra-sim/Naomi_Watts_/4.png,intra-sim/Naomi_Watts_,-4.085616779974877,27.86802030456846,-30.306122448979497
dlib/intra-sim/Naomi_Watts_/5.png,intra-sim/Naomi_Watts_,-3.01278750418334,0.205323193916314,-24.15759128763617
dlib/intra-sim/Naomi_Watts_/6.png,intra-sim/Naomi_Watts_,-5.856013585428958,-29.417110623628943,-29.9999999999999
dlib/intra-sim/Bill_Clinton_/3.png,intra-sim/Bill_Clinton_,-11.888658039627972,7.176298463789365,-32.94258373205737
dlib/intra-sim/Bill_Clinton_/15.png,intra-sim/Bill_Clinton_,-2.6025622024998065,-8.414434117003808,-27.56221432199077
dlib/intra-sim/Bill_Clinton_/16.png,intra-sim/Bill_Clinton_,0.0,28.481012658227858,-40.54945054945055
dlib/intra-sim/Bill_Clinton_/13.png,intra-sim/Bill_Clinton_,-1.4688007143858246,-2.399179767600785,-44.47470817120619
dlib/intra-sim/Bill_Clinton_/1.png,intra-sim/Bill_Clinton_,-3.3664606634298013,9.819657348962965,-44.45077298616768
dlib/intra-sim/Bill_Clinton_/7.png,intra-sim/Bill_Clinton_,3.01278750418334,-0.2627737226276849,-42.1545667447306
dlib/intra-sim/Bill_Clinton_/9.png,intra-sim/Bill_Clinton_,-3.094058058917111,11.774325429272224,-12.995951417004036
dlib/intra-sim/Bill_Clinton_/18.png,intra-sim/Bill_Clinton_,-9.462322208025617,-44.89051094890512,-39.31506849315067
dlib/intra-sim/Bill_Clinton_/17.png,intra-sim/Bill_Clinton_,-1.101706115206375,9.090909090909063,-40.88151019720207
dlib/intra-sim/Bill_Clinton_/10.png,intra-sim/Bill_Clinton_,3.094058058917111,-3.950571744743627,-44.31264218394553
dlib/intra-sim/Bill_Clinton_/20.png,intra-sim/Bill_Clinton_,-10.00797980144134,19.88571428571429,-33.52435530085968
dlib/intra-sim/Bill_Clinton_/14.png,intra-sim/Bill_Clinton_,2.8624052261117474,-37.60914760914758,-37.06930693069312
dlib/intra-sim/Bill_Clinton_/11.png,intra-sim/Bill_Clinton_,13.240519915187203,-50.10810810810812,-35.7777777777779
dlib/intra-sim/Bill_Clinton_/12.png,intra-sim/Bill_Clinton_,1.5911402711945877,-6.245434623813011,-49.231788079470114
dlib/intra-sim/Bill_Clinton_/2.png,intra-sim/Bill_Clinton_,0.0,-28.285714285714285,-24.35294117647059
dlib/intra-sim/Bill_Clinton_/19.png,intra-sim/Bill_Clinton_,-11.003540851749504,12.732063234698046,-18.554913294797657
dlib/intra-sim/Bill_Clinton_/8.png,intra-sim/Bill_Clinton_,-13.570434385161487,83.68063420158558,-31.870824053452132
dlib/intra-sim/Bill_Clinton_/4.png,intra-sim/Bill_Clinton_,-9.16234704572171,63.602656336469266,-21.50442477876095
dlib/intra-sim/Bill_Clinton_/5.png,intra-sim/Bill_Clinton_,6.340191745909909,16.893203883495175,-46.28571428571438
dlib/intra-sim/Bill_Clinton_/6.png,intra-sim/Bill_Clinton_,2.6630007660671433,33.992269464384336,-49.33350826554707
dlib/intra-sim/Vladimir_Putin_/3.png,intra-sim/Vladimir_Putin_,11.888658039627972,11.41372141372142,-56.44067796610181
dlib/intra-sim/Vladimir_Putin_/15.png,intra-sim/Vladimir_Putin_,1.4688007143858246,17.29602157788267,-48.994356080041115
dlib/intra-sim/Vladimir_Putin_/16.png,intra-sim/Vladimir_Putin_,-4.289153328819018,8.965071151358316,-33.973509933774864
dlib/intra-sim/Vladimir_Putin_/13.png,intra-sim/Vladimir_Putin_,0.0,32.5,-36.0
dlib/intra-sim/Vladimir_Putin_/1.png,intra-sim/Vladimir_Putin_,12.528807709151511,9.467376830892109,-54.99017681728871
dlib/intra-sim/Vladimir_Putin_/9.png,intra-sim/Vladimir_Putin_,4.513988458001262,4.955264969029443,-55.887096774193424
dlib/intra-sim/Vladimir_Putin_/18.png,intra-sim/Vladimir_Putin_,1.3971810272963767,0.7678244972578483,-57.90940766550524
dlib/intra-sim/Vladimir_Putin_/17.png,intra-sim/Vladimir_Putin_,3.3664606634298013,-11.989342806394248,-53.36749633967783
dlib/intra-sim/Vladimir_Putin_/10.png,intra-sim/Vladimir_Putin_,-1.3971810272963767,3.5145267104029614,-42.43373493975906
dlib/intra-sim/Vladimir_Putin_/20.png,intra-sim/Vladimir_Putin_,-6.1701750950296095,-0.5935439083650778,-67.71084337349407
dlib/intra-sim/Vladimir_Putin_/14.png,intra-sim/Vladimir_Putin_,-6.78897457443879,10.626631853785923,-72.44017880620567
dlib/intra-sim/Vladimir_Putin_/11.png,intra-sim/Vladimir_Putin_,12.875001559612476,-1.6350123864575323,-64.16498993963782
dlib/intra-sim/Vladimir_Putin_/12.png,intra-sim/Vladimir_Putin_,0.0,5.84415584415585,-53.13253012048193
dlib/intra-sim/Vladimir_Putin_/2.png,intra-sim/Vladimir_Putin_,2.436648246810131,12.537204196145368,-55.78280366543183
dlib/intra-sim/Vladimir_Putin_/19.png,intra-sim/Vladimir_Putin_,3.094058058917111,-15.415875427269311,-64.88511488511489
dlib/intra-sim/Vladimir_Putin_/8.png,intra-sim/Vladimir_Putin_,3.2704879231835657,-0.1914079115268663,-58.29922844682994
dlib/intra-sim/Vladimir_Putin_/4.png,intra-sim/Vladimir_Putin_,8.652541791114725,18.298755186721948,-59.88619119878609
dlib/intra-sim/Vladimir_Putin_/5.png,intra-sim/Vladimir_Putin_,10.43747535111818,12.766407904022572,-72.63665594855314
dlib/intra-sim/Vladimir_Putin_/6.png,intra-sim/Vladimir_Putin_,1.5074357587749678,-10.83841463414629,-48.69105458702495
dlib/intra-sim/Luiz_Inacio_Lula_da_Silva_/3.png,intra-sim/Luiz_Inacio_Lula_da_Silva_,-1.3971810272963767,24.419499679281543,-24.97082228116713
dlib/intra-sim/Luiz_Inacio_Lula_da_Silva_/15.png,intra-sim/Luiz_Inacio_Lula_da_Silva_,-1.4688007143858246,-24.341637010676124,-20.47781569965865
dlib/intra-sim/Luiz_Inacio_Lula_da_Silva_/16.png,intra-sim/Luiz_Inacio_Lula_da_Silva_,4.085616779974877,-25.239852398524064,-37.2639225181598
dlib/intra-sim/Luiz_Inacio_Lula_da_Silva_/13.png,intra-sim/Luiz_Inacio_Lula_da_Silva_,-11.003540851749504,42.80167014613773,-23.494851605087845
dlib/intra-sim/Luiz_Inacio_Lula_da_Silva_/1.png,intra-sim/Luiz_Inacio_Lula_da_Silva_,-20.772254682045833,-48.6,-62.04218600191755
dlib/intra-sim/Luiz_Inacio_Lula_da_Silva_/7.png,intra-sim/Luiz_Inacio_Lula_da_Silva_,-12.200468727380786,-29.93265993265983,-29.707406278573465
dlib/intra-sim/Luiz_Inacio_Lula_da_Silva_/9.png,intra-sim/Luiz_Inacio_Lula_da_Silva_,1.2188752351312977,31.591756193817176,-44.79763313609461
dlib/intra-sim/Luiz_Inacio_Lula_da_Silva_/18.png,intra-sim/Luiz_Inacio_Lula_da_Silva_,2.726310993906266,-7.015834348355654,-46.8325791855204
dlib/intra-sim/Luiz_Inacio_Lula_da_Silva_/17.png,intra-sim/Luiz_Inacio_Lula_da_Silva_,0.0,17.58620689655173,-19.367088607594937
dlib/intra-sim/Luiz_Inacio_Lula_da_Silva_/10.png,intra-sim/Luiz_Inacio_Lula_da_Silva_,4.1849161251184155,-28.013597398758407,-20.976719293551085
dlib/intra-sim/Luiz_Inacio_Lula_da_Silva_/20.png,intra-sim/Luiz_Inacio_Lula_da_Silva_,1.3019526725788753,11.952934812009772,-39.46524064171121
dlib/intra-sim/Luiz_Inacio_Lula_da_Silva_/14.png,intra-sim/Luiz_Inacio_Lula_da_Silva_,0.0,30.759493670886073,-46.09756097560975
dlib/intra-sim/Luiz_Inacio_Lula_da_Silva_/11.png,intra-sim/Luiz_Inacio_Lula_da_Silva_,-5.440332031005506,21.588170865279352,-29.277108433735037
dlib/intra-sim/Luiz_Inacio_Lula_da_Silva_/12.png,intra-sim/Luiz_Inacio_Lula_da_Silva_,-2.6025622024998065,9.293993677555292,-22.04081632653052
dlib/intra-sim/Luiz_Inacio_Lula_da_Silva_/2.png,intra-sim/Luiz_Inacio_Lula_da_Silva_,6.4830736928972374,-15.216957605985058,-31.853932584269774
dlib/intra-sim/Luiz_Inacio_Lula_da_Silva_/19.png,intra-sim/Luiz_Inacio_Lula_da_Silva_,0.0,0.0,-21.11111111111111
dlib/intra-sim/Luiz_Inacio_Lula_da_Silva_/8.png,intra-sim/Luiz_Inacio_Lula_da_Silva_,-6.952957468173915,32.24430157802449,-31.2698412698413
dlib/intra-sim/Luiz_Inacio_Lula_da_Silva_/4.png,intra-sim/Luiz_Inacio_Lula_da_Silva_,17.969139740157015,-9.52868852459008,-33.47290640394087
dlib/intra-sim/Luiz_Inacio_Lula_da_Silva_/5.png,intra-sim/Luiz_Inacio_Lula_da_Silva_,0.0,1.2328767123287605,-66.7741935483871
dlib/intra-sim/Luiz_Inacio_Lula_da_Silva_/6.png,intra-sim/Luiz_Inacio_Lula_da_Silva_,4.1849161251184155,-39.982014388489176,-41.73913043478275
dlib/intra-sim/Ricardo_Lagos_/3.png,intra-sim/Ricardo_Lagos_,2.7927023657132835,2.6504481434059244,-35.37076271186442
dlib/intra-sim/Ricardo_Lagos_/15.png,intra-sim/Ricardo_Lagos_,3.2704879231835657,27.936305732484044,-41.57423355149844
dlib/intra-sim/Ricardo_Lagos_/16.png,intra-sim/Ricardo_Lagos_,-16.82140989004083,12.541176470588256,-33.5241918444961
dlib/intra-sim/Ricardo_Lagos_/13.png,intra-sim/Ricardo_Lagos_,-17.969139740157015,31.47353856796954,-30.804020100502555
dlib/intra-sim/Ricardo_Lagos_/1.png,intra-sim/Ricardo_Lagos_,8.880659150520245,24.99765807962528,-75.76682603898487
dlib/intra-sim/Ricardo_Lagos_/7.png,intra-sim/Ricardo_Lagos_,-7.305759533310824,-19.97764292558287,-61.86662697231317
dlib/intra-sim/Ricardo_Lagos_/9.png,intra-sim/Ricardo_Lagos_,-14.349332042947134,-3.3350730688935073,-32.828375286041265
dlib/intra-sim/Ricardo_Lagos_/18.png,intra-sim/Ricardo_Lagos_,-14.743562836470735,19.791526563550747,-54.387328153018515
dlib/intra-sim/Ricardo_Lagos_/17.png,intra-sim/Ricardo_Lagos_,-12.994616791916506,28.250728862973773,-28.084596967278607
dlib/intra-sim/Ricardo_Lagos_/10.png,intra-sim/Ricardo_Lagos_,-1.4320961841646465,24.540407156076483,-41.56972111553791
dlib/intra-sim/Ricardo_Lagos_/20.png,intra-sim/Ricardo_Lagos_,8.130102354155978,8.885350318471325,-53.999999999999986
dlib/intra-sim/Ricardo_Lagos_/14.png,intra-sim/Ricardo_Lagos_,6.78897457443879,11.007556675062958,-50.043313481321114
dlib/intra-sim/Ricardo_Lagos_/11.png,intra-sim/Ricardo_Lagos_,1.3019526725788753,9.854014598540232,-30.767534186149064
dlib/intra-sim/Ricardo_Lagos_/12.png,intra-sim/Ricardo_Lagos_,5.079607860014571,13.109175061257844,-29.82971822420437
dlib/intra-sim/Ricardo_Lagos_/2.png,intra-sim/Ricardo_Lagos_,-8.130102354155978,6.307692307692307,-39.79969183359022
dlib/intra-sim/Ricardo_Lagos_/19.png,intra-sim/Ricardo_Lagos_,-5.710593137499643,-9.651474530831038,-38.46473029045646
dlib/intra-sim/Ricardo_Lagos_/8.png,intra-sim/Ricardo_Lagos_,-13.392497753751098,-18.57468643101494,-45.364372469635704
dlib/intra-sim/Ricardo_Lagos_/5.png,intra-sim/Ricardo_Lagos_,3.814074834290355,0.2682563338301094,-73.28767123287665
dlib/intra-sim/Ricardo_Lagos_/6.png,intra-sim/Ricardo_Lagos_,7.431407971172507,29.272903538536028,-31.92035727577219
dlib/intra-sim/Angelina_Jolie_/3.png,intra-sim/Angelina_Jolie_,5.710593137499643,19.07608695652165,-37.352601156069426
dlib/intra-sim/Angelina_Jolie_/15.png,intra-sim/Angelina_Jolie_,-1.3019526725788753,-0.9468438538206384,-53.53322528363051
dlib/intra-sim/Angelina_Jolie_/16.png,intra-sim/Angelina_Jolie_,0.0,-8.78048780487805,-57.46987951807229
dlib/intra-sim/Angelina_Jolie_/13.png,intra-sim/Angelina_Jolie_,3.7313969991604465,6.567762630312828,-43.1755424063116
dlib/intra-sim/Angelina_Jolie_/1.png,intra-sim/Angelina_Jolie_,-1.4688007143858246,22.418772563176844,-26.279594137542233
dlib/intra-sim/Angelina_Jolie_/7.png,intra-sim/Angelina_Jolie_,-1.3322198538696388,10.754375377187657,-9.781483611270858
dlib/intra-sim/Angelina_Jolie_/9.png,intra-sim/Angelina_Jolie_,-20.92450174492117,-37.48028539241457,-57.80172413793096
dlib/intra-sim/Angelina_Jolie_/18.png,intra-sim/Angelina_Jolie_,2.7927023657132835,-0.057692307692335,-46.20464009518141
dlib/intra-sim/Angelina_Jolie_/17.png,intra-sim/Angelina_Jolie_,2.726310993906266,10.271437384330625,-46.499206768905395
dlib/intra-sim/Angelina_Jolie_/10.png,intra-sim/Angelina_Jolie_,2.6630007660671433,9.16139240506331,-24.601018675721605
dlib/intra-sim/Angelina_Jolie_/20.png,intra-sim/Angelina_Jolie_,-11.560130794217766,8.016484977399656,-40.90196078431374
dlib/intra-sim/Angelina_Jolie_/14.png,intra-sim/Angelina_Jolie_,-1.3019526725788753,-24.98901098901098,-56.01260619347767
dlib/intra-sim/Angelina_Jolie_/11.png,intra-sim/Angelina_Jolie_,2.6025622024998065,1.1455451023795715,-70.67907995618847
dlib/intra-sim/Angelina_Jolie_/12.png,intra-sim/Angelina_Jolie_,14.826479970355663,-41.77524429967423,-29.920844327176837
dlib/intra-sim/Angelina_Jolie_/2.png,intra-sim/Angelina_Jolie_,6.78897457443879,-0.3394255874674883,-11.936949730190278
dlib/intra-sim/Angelina_Jolie_/19.png,intra-sim/Angelina_Jolie_,-4.289153328819018,-25.676556895989663,-64.75679090334818
dlib/intra-sim/Angelina_Jolie_/8.png,intra-sim/Angelina_Jolie_,4.085616779974877,-1.3138686131386663,-46.11940298507459
dlib/intra-sim/Angelina_Jolie_/4.png,intra-sim/Angelina_Jolie_,5.572197803963796,6.984732824427482,-23.451998832798296
dlib/intra-sim/Angelina_Jolie_/5.png,intra-sim/Angelina_Jolie_,4.289153328819018,29.784172661870528,-39.73348783314016
dlib/intra-sim/Angelina_Jolie_/6.png,intra-sim/Angelina_Jolie_,-7.495857639729858,41.509433962264154,-33.23832625833836
dlib/intra-sim/Gloria_Macapagal_Arroyo_/3.png,intra-sim/Gloria_Macapagal_Arroyo_,2.935673446421173,27.83157176951927,-38.699999999999946
dlib/intra-sim/Gloria_Macapagal_Arroyo_/15.png,intra-sim/Gloria_Macapagal_Arroyo_,0.0,-8.709677419354833,-55.0
dlib/intra-sim/Gloria_Macapagal_Arroyo_/16.png,intra-sim/Gloria_Macapagal_Arroyo_,14.036243467926475,32.866894197952334,-49.27868852459021
dlib/intra-sim/Gloria_Macapagal_Arroyo_/13.png,intra-sim/Gloria_Macapagal_Arroyo_,-6.632514615138463,-7.386158991510172,-59.37713046172913
dlib/intra-sim/Gloria_Macapagal_Arroyo_/1.png,intra-sim/Gloria_Macapagal_Arroyo_,-3.99091309842978,5.816743932369732,-41.113089937666885
dlib/intra-sim/Gloria_Macapagal_Arroyo_/7.png,intra-sim/Gloria_Macapagal_Arroyo_,-11.309932474020211,8.181818181818201,-29.69072164948455
dlib/intra-sim/Gloria_Macapagal_Arroyo_/9.png,intra-sim/Gloria_Macapagal_Arroyo_,-4.864514437760525,-3.7193284545845984,-50.70878274268098
dlib/intra-sim/Gloria_Macapagal_Arroyo_/18.png,intra-sim/Gloria_Macapagal_Arroyo_,0.0,-15.75,-6.92307692307692
dlib/intra-sim/Gloria_Macapagal_Arroyo_/17.png,intra-sim/Gloria_Macapagal_Arroyo_,-5.194428907734806,3.6633663366335583,-16.354515050167223
dlib/intra-sim/Gloria_Macapagal_Arroyo_/10.png,intra-sim/Gloria_Macapagal_Arroyo_,-10.43747535111818,11.589825119236863,-63.28571428571421
dlib/intra-sim/Gloria_Macapagal_Arroyo_/20.png,intra-sim/Gloria_Macapagal_Arroyo_,-9.688786560366804,-26.89197725837013,-28.812217194570053
dlib/intra-sim/Gloria_Macapagal_Arroyo_/14.png,intra-sim/Gloria_Macapagal_Arroyo_,-5.31454566994475,-1.2960829493088113,-55.81778265642157
dlib/intra-sim/Gloria_Macapagal_Arroyo_/11.png,intra-sim/Gloria_Macapagal_Arroyo_,0.0,30.0,-34.0
dlib/intra-sim/Gloria_Macapagal_Arroyo_/12.png,intra-sim/Gloria_Macapagal_Arroyo_,0.0,11.84210526315789,-27.209302325581397
dlib/intra-sim/Gloria_Macapagal_Arroyo_/2.png,intra-sim/Gloria_Macapagal_Arroyo_,-5.856013585428958,-2.7926657263751196,-20.610455311973084
dlib/intra-sim/Gloria_Macapagal_Arroyo_/19.png,intra-sim/Gloria_Macapagal_Arroyo_,-1.4688007143858246,-27.22105263157895,-36.741176470588144
dlib/intra-sim/Gloria_Macapagal_Arroyo_/8.png,intra-sim/Gloria_Macapagal_Arroyo_,-13.671307132195835,-19.49127906976736,-23.664850136239792
dlib/intra-sim/Gloria_Macapagal_Arroyo_/4.png,intra-sim/Gloria_Macapagal_Arroyo_,-6.952957468173915,-12.144271570014112,-55.57698594311857
dlib/intra-sim/Gloria_Macapagal_Arroyo_/5.png,intra-sim/Gloria_Macapagal_Arroyo_,-3.99091309842978,22.42086752637748,-10.000000000000014
dlib/intra-sim/Gloria_Macapagal_Arroyo_/6.png,intra-sim/Gloria_Macapagal_Arroyo_,-4.085616779974877,-29.182561307901885,-34.73919523099852
dlib/intra-sim/Megawati_Sukarnoputri_/3.png,intra-sim/Megawati_Sukarnoputri_,0.0,2.6732673267326703,-57.46987951807229
dlib/intra-sim/Megawati_Sukarnoputri_/15.png,intra-sim/Megawati_Sukarnoputri_,-5.572197803963796,6.409925878182435,-45.88479645527554
dlib/intra-sim/Megawati_Sukarnoputri_/16.png,intra-sim/Megawati_Sukarnoputri_,-4.1849161251184155,-15.675590551181005,-51.66619277793585
dlib/intra-sim/Megawati_Sukarnoputri_/13.png,intra-sim/Megawati_Sukarnoputri_,-4.289153328819018,-3.751124437781087,-60.1793879704538
dlib/intra-sim/Megawati_Sukarnoputri_/1.png,intra-sim/Megawati_Sukarnoputri_,-7.305759533310824,-0.4925209777453716,-35.97482517482522
dlib/intra-sim/Megawati_Sukarnoputri_/7.png,intra-sim/Megawati_Sukarnoputri_,-1.4320961841646465,6.120749479528129,-35.86015538290799
dlib/intra-sim/Megawati_Sukarnoputri_/9.png,intra-sim/Megawati_Sukarnoputri_,1.4688007143858246,29.363569861009537,-44.69178082191778
dlib/intra-sim/Megawati_Sukarnoputri_/18.png,intra-sim/Megawati_Sukarnoputri_,-15.255118703057777,27.233429394812603,-37.336244541484675
dlib/intra-sim/Megawati_Sukarnoputri_/17.png,intra-sim/Megawati_Sukarnoputri_,-8.972626614896393,-12.455357142857238,-36.000000000000064
dlib/intra-sim/Megawati_Sukarnoputri_/10.png,intra-sim/Megawati_Sukarnoputri_,-5.856013585428958,-12.44842746026373,-51.03448275862071
dlib/intra-sim/Megawati_Sukarnoputri_/20.png,intra-sim/Megawati_Sukarnoputri_,4.398705354995532,4.994764397905726,-43.06590257879641
dlib/intra-sim/Megawati_Sukarnoputri_/14.png,intra-sim/Megawati_Sukarnoputri_,-3.3664606634298013,47.90606653620347,-29.568345323741
dlib/intra-sim/Megawati_Sukarnoputri_/11.png,intra-sim/Megawati_Sukarnoputri_,-1.4688007143858246,-10.720221606648238,-52.10526315789475
dlib/intra-sim/Megawati_Sukarnoputri_/12.png,intra-sim/Megawati_Sukarnoputri_,-11.592175410291071,11.346704871060185,-68.8726364609347
dlib/intra-sim/Megawati_Sukarnoputri_/2.png,intra-sim/Megawati_Sukarnoputri_,-6.952957468173915,-37.850985221674826,-27.095158597662724
dlib/intra-sim/Megawati_Sukarnoputri_/19.png,intra-sim/Megawati_Sukarnoputri_,0.0,15.75,-31.18811881188119
dlib/intra-sim/Megawati_Sukarnoputri_/8.png,intra-sim/Megawati_Sukarnoputri_,-6.4830736928972374,2.9706034038163267,-51.495652173913065
dlib/intra-sim/Megawati_Sukarnoputri_/4.png,intra-sim/Megawati_Sukarnoputri_,2.935673446421173,5.456537618699784,-34.2296759522455
dlib/intra-sim/Megawati_Sukarnoputri_/5.png,intra-sim/Megawati_Sukarnoputri_,-4.398705354995532,-18.19148936170211,-45.22998296422499
dlib/intra-sim/Megawati_Sukarnoputri_/6.png,intra-sim/Megawati_Sukarnoputri_,-5.440332031005506,9.27950310559008,-38.17503729487805
dlib/intra-sim/Winona_Ryder_/3.png,intra-sim/Winona_Ryder_,10.175510843043206,26.096654275092888,-44.35158501440919
dlib/intra-sim/Winona_Ryder_/15.png,intra-sim/Winona_Ryder_,6.1701750950296095,-5.817208727871574,-34.159231297185976
dlib/intra-sim/Winona_Ryder_/16.png,intra-sim/Winona_Ryder_,-4.513988458001262,29.951710261569374,-34.56108597285058
dlib/intra-sim/Winona_Ryder_/13.png,intra-sim/Winona_Ryder_,16.144338780283483,7.7089783281734015,-57.49393414211444
dlib/intra-sim/Winona_Ryder_/1.png,intra-sim/Winona_Ryder_,-1.7899106082460694,-19.858196256381277,-34.69450549450556
dlib/intra-sim/Winona_Ryder_/7.png,intra-sim/Winona_Ryder_,1.3971810272963767,12.609890109890005,-44.772854739203574
dlib/intra-sim/Winona_Ryder_/9.png,intra-sim/Winona_Ryder_,-0.9548412538721888,40.75444497837577,-44.101109741060334
dlib/intra-sim/Winona_Ryder_/18.png,intra-sim/Winona_Ryder_,-10.43747535111818,4.651527016444803,-51.48219441770942
dlib/intra-sim/Winona_Ryder_/17.png,intra-sim/Winona_Ryder_,2.726310993906266,2.8323699421965784,-34.05529953917049
dlib/intra-sim/Winona_Ryder_/10.png,intra-sim/Winona_Ryder_,-6.1701750950296095,19.953370072064473,-29.80688767299647
dlib/intra-sim/Winona_Ryder_/20.png,intra-sim/Winona_Ryder_,3.99091309842978,14.400000000000103,-30.211693548387032
dlib/intra-sim/Winona_Ryder_/14.png,intra-sim/Winona_Ryder_,-1.5074357587749678,-35.91993530125363,-39.26279271465737
dlib/intra-sim/Winona_Ryder_/11.png,intra-sim/Winona_Ryder_,-2.726310993906266,-4.39464882943156,-32.84636118598379
dlib/intra-sim/Winona_Ryder_/12.png,intra-sim/Winona_Ryder_,-3.814074834290355,2.83404255319158,-34.18891170431207
dlib/intra-sim/Winona_Ryder_/2.png,intra-sim/Winona_Ryder_,-7.305759533310824,15.45521835677269,-47.30631704410025
dlib/intra-sim/Winona_Ryder_/19.png,intra-sim/Winona_Ryder_,1.5074357587749678,13.745583038869114,-32.53329002923026
dlib/intra-sim/Winona_Ryder_/8.png,intra-sim/Winona_Ryder_,-3.814074834290355,48.443877551020336,-33.880597014925364
dlib/intra-sim/Winona_Ryder_/4.png,intra-sim/Winona_Ryder_,-9.211026540816668,-9.539852095316364,-35.88812561334642
dlib/intra-sim/Winona_Ryder_/5.png,intra-sim/Winona_Ryder_,-10.713123022791038,26.538461538461576,-48.723127035830714
dlib/intra-sim/Winona_Ryder_/6.png,intra-sim/Winona_Ryder_,-10.713123022791038,6.91744611630746,-29.761668321747685
dlib/intra-sim/John_Ashcroft_/3.png,intra-sim/John_Ashcroft_,8.972626614896393,-24.000000000000114,-21.365546218487324
dlib/intra-sim/John_Ashcroft_/15.png,intra-sim/John_Ashcroft_,-14.036243467926475,19.16129032258064,-26.49867374005307
dlib/intra-sim/John_Ashcroft_/16.png,intra-sim/John_Ashcroft_,1.363927531602919,-16.560913705583744,-30.285374554102276
dlib/intra-sim/John_Ashcroft_/13.png,intra-sim/John_Ashcroft_,0.0,54.0,-33.529411764705884
dlib/intra-sim/John_Ashcroft_/1.png,intra-sim/John_Ashcroft_,2.489552921999156,23.16649642492338,-21.789473684210535
dlib/intra-sim/John_Ashcroft_/7.png,intra-sim/John_Ashcroft_,-5.31454566994475,-36.68044890726531,-39.94082840236688
dlib/intra-sim/John_Ashcroft_/9.png,intra-sim/John_Ashcroft_,2.8624052261117474,-4.596923076922977,-77.13410483321987
dlib/intra-sim/John_Ashcroft_/18.png,intra-sim/John_Ashcroft_,-2.935673446421173,6.41322877599724,-45.82004555808645
dlib/intra-sim/John_Ashcroft_/17.png,intra-sim/John_Ashcroft_,12.68038349181982,-5.931882686849633,0.1266535322262854
dlib/intra-sim/John_Ashcroft_/10.png,intra-sim/John_Ashcroft_,1.3971810272963767,30.790253539677323,-26.12605687932355
dlib/intra-sim/John_Ashcroft_/20.png,intra-sim/John_Ashcroft_,-9.03948280335512,-13.718421799602524,-45.91999999999992
dlib/intra-sim/John_Ashcroft_/14.png,intra-sim/John_Ashcroft_,-6.78897457443879,-4.331249999999969,-28.49411764705892
dlib/intra-sim/John_Ashcroft_/11.png,intra-sim/John_Ashcroft_,-6.4830736928972374,-13.991923853475669,-30.749330954504934
dlib/intra-sim/John_Ashcroft_/12.png,intra-sim/John_Ashcroft_,4.398705354995532,39.12244897959178,-57.5510204081633
dlib/intra-sim/John_Ashcroft_/2.png,intra-sim/John_Ashcroft_,5.31454566994475,7.021978021978072,-15.756400310318
dlib/intra-sim/John_Ashcroft_/19.png,intra-sim/John_Ashcroft_,2.5448043798130957,10.61866958664116,-29.149313247673888
dlib/intra-sim/John_Ashcroft_/8.png,intra-sim/John_Ashcroft_,-8.74616226255521,28.075221238938,-19.65189873417725
dlib/intra-sim/John_Ashcroft_/4.png,intra-sim/John_Ashcroft_,0.0,0.0,-44.505494505494504
dlib/intra-sim/John_Ashcroft_/5.png,intra-sim/John_Ashcroft_,4.1849161251184155,24.368437798281988,-16.440028728752694
dlib/intra-sim/John_Ashcroft_/6.png,intra-sim/John_Ashcroft_,0.0,-46.36363636363637,-27.551020408163268
dlib/intra-sim/Gerhard_Schroeder_/3.png,intra-sim/Gerhard_Schroeder_,8.530765609948133,-29.293242405455636,-33.19629415170824
dlib/intra-sim/Gerhard_Schroeder_/15.png,intra-sim/Gerhard_Schroeder_,-7.305759533310824,-15.163559620119614,-29.641011694315985
dlib/intra-sim/Gerhard_Schroeder_/16.png,intra-sim/Gerhard_Schroeder_,12.200468727380786,-6.156351791530923,-20.067372473532274
dlib/intra-sim/Gerhard_Schroeder_/13.png,intra-sim/Gerhard_Schroeder_,-7.69605172201657,38.79907621247117,-37.94625719769673
dlib/intra-sim/Gerhard_Schroeder_/1.png,intra-sim/Gerhard_Schroeder_,2.935673446421173,-40.59936908517357,-34.76568705321686
dlib/intra-sim/Gerhard_Schroeder_/7.png,intra-sim/Gerhard_Schroeder_,-3.094058058917111,-52.24982256919803,-36.801619433198454
dlib/intra-sim/Gerhard_Schroeder_/9.png,intra-sim/Gerhard_Schroeder_,-7.125016348901798,23.20197044334975,-53.37662337662341
dlib/intra-sim/Gerhard_Schroeder_/18.png,intra-sim/Gerhard_Schroeder_,0.0,-5.0,-28.636363636363633
dlib/intra-sim/Gerhard_Schroeder_/17.png,intra-sim/Gerhard_Schroeder_,-3.99091309842978,-35.95936794582394,-42.654028436019026
dlib/intra-sim/Gerhard_Schroeder_/10.png,intra-sim/Gerhard_Schroeder_,5.194428907734806,11.937716262975869,-38.596321393997954
dlib/intra-sim/Gerhard_Schroeder_/20.png,intra-sim/Gerhard_Schroeder_,2.1210963966614536,67.52972258916782,-69.61538461538454
dlib/intra-sim/Gerhard_Schroeder_/14.png,intra-sim/Gerhard_Schroeder_,-9.926245506651703,34.493632504548216,-26.722552731205965
dlib/intra-sim/Gerhard_Schroeder_/11.png,intra-sim/Gerhard_Schroeder_,-2.726310993906266,-27.71863117870708,-34.402173913043505
dlib/intra-sim/Gerhard_Schroeder_/12.png,intra-sim/Gerhard_Schroeder_,0.0,0.0,-19.89473684210526
dlib/intra-sim/Gerhard_Schroeder_/2.png,intra-sim/Gerhard_Schroeder_,-4.289153328819018,4.784656796769923,-25.24688008681497
dlib/intra-sim/Gerhard_Schroeder_/19.png,intra-sim/Gerhard_Schroeder_,1.4320961841646465,-4.962742175856917,-24.597504281869305
dlib/intra-sim/Gerhard_Schroeder_/8.png,intra-sim/Gerhard_Schroeder_,-12.80426606528675,3.88998035363457,-46.34674922600623
dlib/intra-sim/Gerhard_Schroeder_/4.png,intra-sim/Gerhard_Schroeder_,9.462322208025617,-42.63157894736846,-40.19762845849811
dlib/intra-sim/Gerhard_Schroeder_/5.png,intra-sim/Gerhard_Schroeder_,-1.3019526725788753,-32.04318936877077,-31.199454793275876
dlib/intra-sim/Gerhard_Schroeder_/6.png,intra-sim/Gerhard_Schroeder_,-15.945395900922856,-52.82271944922553,-62.92561983471077
dlib/intra-sim/Laura_Bush_/3.png,intra-sim/Laura_Bush_,-3.90049374238189,-6.3316582914573445,-46.17654113696329
dlib/intra-sim/Laura_Bush_/15.png,intra-sim/Laura_Bush_,-9.926245506651703,23.32217573221753,-45.89198506176387
dlib/intra-sim/Laura_Bush_/16.png,intra-sim/Laura_Bush_,-10.53918372862823,3.1184880058153226,-36.36215334420876
dlib/intra-sim/Laura_Bush_/13.png,intra-sim/Laura_Bush_,-8.130102354155978,35.368421052631476,-24.076433121019107
dlib/intra-sim/Laura_Bush_/1.png,intra-sim/Laura_Bush_,0.0,32.22222222222223,-30.0
dlib/intra-sim/Laura_Bush_/7.png,intra-sim/Laura_Bush_,-15.018360631150667,6.055344546934336,-31.794582392776547
dlib/intra-sim/Laura_Bush_/9.png,intra-sim/Laura_Bush_,-5.572197803963796,-24.8478817173728,-39.87610619469022
dlib/intra-sim/Laura_Bush_/18.png,intra-sim/Laura_Bush_,-2.7927023657132835,-16.15946439440036,-36.50073206442177
dlib/intra-sim/Laura_Bush_/17.png,intra-sim/Laura_Bush_,1.548157698977968,-41.902294596595105,-36.43636363636367
dlib/intra-sim/Laura_Bush_/10.png,intra-sim/Laura_Bush_,-2.935673446421173,-3.927680798004914,-57.99860286412838
dlib/intra-sim/Laura_Bush_/20.png,intra-sim/Laura_Bush_,-8.325650330426836,24.470989761092127,-50.68011527377524
dlib/intra-sim/Laura_Bush_/14.png,intra-sim/Laura_Bush_,-9.688786560366804,-8.837140314446756,-27.46805349182753
dlib/intra-sim/Laura_Bush_/11.png,intra-sim/Laura_Bush_,-11.040940180323732,5.909090909090878,-18.83950617283935
dlib/intra-sim/Laura_Bush_/12.png,intra-sim/Laura_Bush_,-6.78897457443879,9.762396694214884,-45.69635036496359
dlib/intra-sim/Laura_Bush_/2.png,intra-sim/Laura_Bush_,-1.5074357587749678,-52.94966335363895,-70.34739454094283
dlib/intra-sim/Laura_Bush_/19.png,intra-sim/Laura_Bush_,-3.99091309842978,-11.482758620689737,-30.12896292315955
dlib/intra-sim/Laura_Bush_/8.png,intra-sim/Laura_Bush_,3.094058058917111,-36.769673014732376,-36.06405693950182
dlib/intra-sim/Laura_Bush_/4.png,intra-sim/Laura_Bush_,-13.392497753751098,-16.64075513603558,-33.27543424317603
dlib/intra-sim/Laura_Bush_/5.png,intra-sim/Laura_Bush_,-15.945395900922856,-23.372093023255815,-48.41584158415842
dlib/intra-sim/Laura_Bush_/6.png,intra-sim/Laura_Bush_,-9.246112745563252,-26.11544461778466,-36.27145085803433
dlib/intra-sim/Hans_Blix_/3.png,intra-sim/Hans_Blix_,0.0,-12.5,-32.8235294117647
dlib/intra-sim/Hans_Blix_/15.png,intra-sim/Hans_Blix_,-1.245364266768347,13.786653185035377,-52.52124645892344
dlib/intra-sim/Hans_Blix_/16.png,intra-sim/Hans_Blix_,-4.635463426902642,-11.096849474912489,-34.370197126628746
dlib/intra-sim/Hans_Blix_/13.png,intra-sim/Hans_Blix_,3.179830119864234,7.656500802568175,-24.12710007304598
dlib/intra-sim/Hans_Blix_/1.png,intra-sim/Hans_Blix_,-9.688786560366804,-6.12840466926076,-12.254901960784196
dlib/intra-sim/Hans_Blix_/7.png,intra-sim/Hans_Blix_,1.5074357587749678,7.586455331412054,-37.17325227963534
dlib/intra-sim/Hans_Blix_/9.png,intra-sim/Hans_Blix_,-1.3971810272963767,10.278551532033433,0.1950162513542892
dlib/intra-sim/Hans_Blix_/18.png,intra-sim/Hans_Blix_,-2.7927023657132835,-14.941459021314898,-35.19386834986467
dlib/intra-sim/Hans_Blix_/17.png,intra-sim/Hans_Blix_,-5.440332031005506,11.753525444512547,-31.61407139161912
dlib/intra-sim/Hans_Blix_/10.png,intra-sim/Hans_Blix_,-3.99091309842978,-3.623503808487498,-55.31926707384783
dlib/intra-sim/Hans_Blix_/20.png,intra-sim/Hans_Blix_,9.688786560366804,-20.85824493731907,-18.675550720696293
dlib/intra-sim/Hans_Blix_/14.png,intra-sim/Hans_Blix_,-4.513988458001262,6.213389121338906,-31.681681681681734
dlib/intra-sim/Hans_Blix_/11.png,intra-sim/Hans_Blix_,0.0,11.647058823529406,-45.0
dlib/intra-sim/Hans_Blix_/12.png,intra-sim/Hans_Blix_,1.735704588928389,19.070631970260308,-40.209354120267214
dlib/intra-sim/Hans_Blix_/2.png,intra-sim/Hans_Blix_,1.3971810272963767,5.1068090787718035,-33.264887063654974
dlib/intra-sim/Hans_Blix_/19.png,intra-sim/Hans_Blix_,0.0,33.42857142857143,-32.5531914893617
dlib/intra-sim/Hans_Blix_/8.png,intra-sim/Hans_Blix_,5.572197803963796,-23.5054617676267,-21.60493827160495
dlib/intra-sim/Hans_Blix_/4.png,intra-sim/Hans_Blix_,-6.709836807756933,28.779069767441825,-11.020408163265245
dlib/intra-sim/Hans_Blix_/5.png,intra-sim/Hans_Blix_,3.99091309842978,-4.424522845575481,-27.774343122101996
dlib/intra-sim/Hans_Blix_/6.png,intra-sim/Hans_Blix_,-7.305759533310824,-2.4562631210636567,-0.276243093922659
dlib/intra-sim/Juan_Carlos_Ferrero_/3.png,intra-sim/Juan_Carlos_Ferrero_,6.1701750950296095,-17.590266875981115,-31.46699266503665
dlib/intra-sim/Juan_Carlos_Ferrero_/15.png,intra-sim/Juan_Carlos_Ferrero_,6.340191745909909,-30.59113300492608,-34.528301886792555
dlib/intra-sim/Juan_Carlos_Ferrero_/16.png,intra-sim/Juan_Carlos_Ferrero_,-4.513988458001262,28.49757673667203,-55.27687296416953
dlib/intra-sim/Juan_Carlos_Ferrero_/13.png,intra-sim/Juan_Carlos_Ferrero_,-3.01278750418334,-28.891454965357916,-38.614694335389885
dlib/intra-sim/Juan_Carlos_Ferrero_/1.png,intra-sim/Juan_Carlos_Ferrero_,5.710593137499643,12.751031636863758,-60.6206896551724
dlib/intra-sim/Juan_Carlos_Ferrero_/7.png,intra-sim/Juan_Carlos_Ferrero_,1.6365770416167182,-31.985494106980987,-51.195433176628654
dlib/intra-sim/Juan_Carlos_Ferrero_/9.png,intra-sim/Juan_Carlos_Ferrero_,1.4688007143858246,-6.263736263736362,-33.21608040201001
dlib/intra-sim/Juan_Carlos_Ferrero_/18.png,intra-sim/Juan_Carlos_Ferrero_,0.0,-8.873239436619713,-57.27272727272727
dlib/intra-sim/Juan_Carlos_Ferrero_/17.png,intra-sim/Juan_Carlos_Ferrero_,1.3322198538696388,7.0918367346938425,-64.77996965098633
dlib/intra-sim/Juan_Carlos_Ferrero_/10.png,intra-sim/Juan_Carlos_Ferrero_,3.01278750418334,-5.479452054794493,-63.16363636363647
dlib/intra-sim/Juan_Carlos_Ferrero_/20.png,intra-sim/Juan_Carlos_Ferrero_,3.094058058917111,-21.32352941176484,-32.1039209435767
dlib/intra-sim/Juan_Carlos_Ferrero_/14.png,intra-sim/Juan_Carlos_Ferrero_,3.01278750418334,-21.180502665651147,-61.137026239067026
dlib/intra-sim/Juan_Carlos_Ferrero_/11.png,intra-sim/Juan_Carlos_Ferrero_,6.340191745909909,-5.901639344262122,-52.75862068965529
dlib/intra-sim/Juan_Carlos_Ferrero_/12.png,intra-sim/Juan_Carlos_Ferrero_,2.8624052261117474,3.2010943912448937,-47.22675367047317
dlib/intra-sim/Juan_Carlos_Ferrero_/2.png,intra-sim/Juan_Carlos_Ferrero_,-3.01278750418334,4.460641399416886,-29.79020979020973
dlib/intra-sim/Juan_Carlos_Ferrero_/19.png,intra-sim/Juan_Carlos_Ferrero_,4.763641690726177,19.529276693455728,-52.087912087912045
dlib/intra-sim/Juan_Carlos_Ferrero_/8.png,intra-sim/Juan_Carlos_Ferrero_,-6.009005957494525,-15.522041763341107,-48.766519823788485
dlib/intra-sim/Juan_Carlos_Ferrero_/4.png,intra-sim/Juan_Carlos_Ferrero_,7.125016348901798,-66.8620037807183,-49.15492957746474
dlib/intra-sim/Juan_Carlos_Ferrero_/5.png,intra-sim/Juan_Carlos_Ferrero_,-2.6025622024998065,-22.695652173913032,-45.71139035265497
dlib/intra-sim/Juan_Carlos_Ferrero_/6.png,intra-sim/Juan_Carlos_Ferrero_,1.548157698977968,7.739925218113854,-52.26766917293237
dlib/intra-sim/Jack_Straw_/3.png,intra-sim/Jack_Straw_,12.094757077012105,23.01953818827708,-29.92037159920375
dlib/intra-sim/Jack_Straw_/15.png,intra-sim/Jack_Straw_,0.0,38.18181818181819,-48.46153846153846
dlib/intra-sim/Jack_Straw_/16.png,intra-sim/Jack_Straw_,8.325650330426836,2.485262178094928,-32.8578906045538
dlib/intra-sim/Jack_Straw_/13.png,intra-sim/Jack_Straw_,1.5074357587749678,-9.703593923675442,-23.03120759837182
dlib/intra-sim/Jack_Straw_/1.png,intra-sim/Jack_Straw_,-4.289153328819018,13.465007776049788,-28.20895522388051
dlib/intra-sim/Jack_Straw_/7.png,intra-sim/Jack_Straw_,1.5911402711945877,-3.932217231523111,-36.12635609444794
dlib/intra-sim/Jack_Straw_/9.png,intra-sim/Jack_Straw_,7.69605172201657,11.549295774648058,-37.18924972004477
dlib/intra-sim/Jack_Straw_/18.png,intra-sim/Jack_Straw_,-4.513988458001262,-13.15909090909092,-33.81308411214961
dlib/intra-sim/Jack_Straw_/17.png,intra-sim/Jack_Straw_,2.8624052261117474,6.89466484268128,-25.5022488755622
dlib/intra-sim/Jack_Straw_/10.png,intra-sim/Jack_Straw_,8.74616226255521,-9.978678038379428,-23.239436619718376
dlib/intra-sim/Jack_Straw_/20.png,intra-sim/Jack_Straw_,3.094058058917111,12.529154518950364,-31.96542311192005
dlib/intra-sim/Jack_Straw_/14.png,intra-sim/Jack_Straw_,-9.211026540816668,13.756558237145851,-38.18485523385296
dlib/intra-sim/Jack_Straw_/11.png,intra-sim/Jack_Straw_,-2.8624052261117474,16.11147540983609,-28.146718146718115
dlib/intra-sim/Jack_Straw_/12.png,intra-sim/Jack_Straw_,1.3971810272963767,3.2926829268293005,-51.77135110709446
dlib/intra-sim/Jack_Straw_/2.png,intra-sim/Jack_Straw_,0.0,2.5,-42.63157894736842
dlib/intra-sim/Jack_Straw_/19.png,intra-sim/Jack_Straw_,3.179830119864234,1.9687500000000144,-27.366042608134286
dlib/intra-sim/Jack_Straw_/8.png,intra-sim/Jack_Straw_,0.0,2.8125,-24.35294117647059
dlib/intra-sim/Jack_Straw_/4.png,intra-sim/Jack_Straw_,-8.841814560191672,-39.91881918819191,-45.388154111558386
dlib/intra-sim/Jack_Straw_/5.png,intra-sim/Jack_Straw_,7.495857639729858,-1.1949685534590486,-37.0528683914511
dlib/intra-sim/Jack_Straw_/6.png,intra-sim/Jack_Straw_,-4.398705354995532,-7.164667393675032,-28.519660755589804
dlib/intra-sim/Alejandro_Toledo_/3.png,intra-sim/Alejandro_Toledo_,0.0,-10.519480519480524,-53.07692307692308
dlib/intra-sim/Alejandro_Toledo_/15.png,intra-sim/Alejandro_Toledo_,-3.3664606634298013,9.819657348963132,-38.12281926029301
dlib/intra-sim/Alejandro_Toledo_/16.png,intra-sim/Alejandro_Toledo_,1.3971810272963767,-13.1947483588621,-60.646153846153865
dlib/intra-sim/Alejandro_Toledo_/13.png,intra-sim/Alejandro_Toledo_,-8.325650330426836,-12.04883525119277,-24.864937148970284
dlib/intra-sim/Alejandro_Toledo_/1.png,intra-sim/Alejandro_Toledo_,-1.5074357587749678,0.2332469455757007,-45.491875923190435
dlib/intra-sim/Alejandro_Toledo_/7.png,intra-sim/Alejandro_Toledo_,6.009005957494525,-10.66415094339618,-29.19327731092438
dlib/intra-sim/Alejandro_Toledo_/9.png,intra-sim/Alejandro_Toledo_,7.495857639729858,-13.859764089121882,-65.78727841501559
dlib/intra-sim/Alejandro_Toledo_/18.png,intra-sim/Alejandro_Toledo_,-6.519801751656986,-15.305062743401066,-34.03361344537808
dlib/intra-sim/Alejandro_Toledo_/17.png,intra-sim/Alejandro_Toledo_,6.009005957494525,-18.744993324432546,-42.21818181818182
dlib/intra-sim/Alejandro_Toledo_/10.png,intra-sim/Alejandro_Toledo_,1.5911402711945877,19.694415173867228,-72.09764918625685
dlib/intra-sim/Alejandro_Toledo_/20.png,intra-sim/Alejandro_Toledo_,-4.1849161251184155,13.682242990654204,-23.61702127659578
dlib/intra-sim/Alejandro_Toledo_/14.png,intra-sim/Alejandro_Toledo_,1.4688007143858246,-3.397435897435898,-26.75941080196403
dlib/intra-sim/Alejandro_Toledo_/11.png,intra-sim/Alejandro_Toledo_,-4.398705354995532,1.3432835820895264,-44.83636363636363
dlib/intra-sim/Alejandro_Toledo_/12.png,intra-sim/Alejandro_Toledo_,4.398705354995532,-2.140641158221328,-47.2555464256368
dlib/intra-sim/Alejandro_Toledo_/2.png,intra-sim/Alejandro_Toledo_,-6.340191745909909,-1.0659898477156986,-36.6119577960141
dlib/intra-sim/Alejandro_Toledo_/19.png,intra-sim/Alejandro_Toledo_,16.990823291986167,-20.27882441597582,-35.81994543801152
dlib/intra-sim/Alejandro_Toledo_/8.png,intra-sim/Alejandro_Toledo_,3.01278750418334,-9.956896551724114,-59.082352941176424
dlib/intra-sim/Alejandro_Toledo_/4.png,intra-sim/Alejandro_Toledo_,-10.43747535111818,-1.985046728972037,-33.514239656098844
dlib/intra-sim/Alejandro_Toledo_/5.png,intra-sim/Alejandro_Toledo_,6.581944655178011,-15.822580645161125,-18.535031847133737
dlib/intra-sim/Alejandro_Toledo_/6.png,intra-sim/Alejandro_Toledo_,8.36588612403259,21.603336422613538,-49.20313520574789
dlib/intra-sim/Tiger_Woods_/3.png,intra-sim/Tiger_Woods_,-3.2704879231835657,-37.89923954372611,-10.075901328273176
dlib/intra-sim/Tiger_Woods_/15.png,intra-sim/Tiger_Woods_,6.632514615138463,6.543624161073865,-32.64875239923228
dlib/intra-sim/Tiger_Woods_/16.png,intra-sim/Tiger_Woods_,-2.436648246810131,-4.305448963929379,-18.127433628318613
dlib/intra-sim/Tiger_Woods_/13.png,intra-sim/Tiger_Woods_,-1.4320961841646465,-15.37007369432871,-25.89689637033156
dlib/intra-sim/Tiger_Woods_/1.png,intra-sim/Tiger_Woods_,-1.1457628381751035,-10.0,-39.05527244217954
dlib/intra-sim/Tiger_Woods_/7.png,intra-sim/Tiger_Woods_,-4.864514437760525,1.4278948614728222,-44.8175182481753
dlib/intra-sim/Tiger_Woods_/9.png,intra-sim/Tiger_Woods_,-2.6025622024998065,-19.241379310344783,-50.94853683148343
dlib/intra-sim/Tiger_Woods_/18.png,intra-sim/Tiger_Woods_,0.93919094573558,3.4659011342949952,-19.336143308745974
dlib/intra-sim/Tiger_Woods_/17.png,intra-sim/Tiger_Woods_,-2.2025981617658057,9.238302502720288,-21.90397350993382
dlib/intra-sim/Tiger_Woods_/10.png,intra-sim/Tiger_Woods_,-2.3859440303888126,12.293284604842412,-29.571938168846582
dlib/intra-sim/Tiger_Woods_/20.png,intra-sim/Tiger_Woods_,3.179830119864234,17.312101910828062,-51.27987663839634
dlib/intra-sim/Tiger_Woods_/14.png,intra-sim/Tiger_Woods_,1.363927531602919,-4.128440366972455,-33.16524437548496
dlib/intra-sim/Tiger_Woods_/11.png,intra-sim/Tiger_Woods_,2.5448043798130957,6.762481089258671,-26.80810639645348
dlib/intra-sim/Tiger_Woods_/12.png,intra-sim/Tiger_Woods_,0.0,-6.92307692307692,-49.2
dlib/intra-sim/Tiger_Woods_/2.png,intra-sim/Tiger_Woods_,-2.7927023657132835,14.163843547890352,-26.991062562065643
dlib/intra-sim/Tiger_Woods_/19.png,intra-sim/Tiger_Woods_,-4.899092453787765,-21.67138810198294,-39.56551488197068
dlib/intra-sim/Tiger_Woods_/8.png,intra-sim/Tiger_Woods_,-4.289153328819018,35.269262634631374,-76.7631103074141
dlib/intra-sim/Tiger_Woods_/4.png,intra-sim/Tiger_Woods_,-12.094757077012105,-15.627009646302312,-30.86746987951812
dlib/intra-sim/Tiger_Woods_/5.png,intra-sim/Tiger_Woods_,2.8624052261117474,-16.040181464679208,-13.33505420753741
dlib/intra-sim/Tiger_Woods_/6.png,intra-sim/Tiger_Woods_,-1.3971810272963767,2.1937321937321315,-33.014175578214456
dlib/intra-sim/Jennifer_Capriati_/3.png,intra-sim/Jennifer_Capriati_,7.69605172201657,-11.727574750830598,-43.92892076948166
dlib/intra-sim/Jennifer_Capriati_/15.png,intra-sim/Jennifer_Capriati_,0.0,4.390243902439025,-30.0
dlib/intra-sim/Jennifer_Capriati_/16.png,intra-sim/Jennifer_Capriati_,8.325650330426836,24.16537627748525,-38.92942870859343
dlib/intra-sim/Jennifer_Capriati_/13.png,intra-sim/Jennifer_Capriati_,-11.309932474020211,3.0870712401056153,-36.18556701030938
dlib/intra-sim/Jennifer_Capriati_/1.png,intra-sim/Jennifer_Capriati_,10.840305454330569,-4.279444038039543,-44.78005865102634
dlib/intra-sim/Jennifer_Capriati_/7.png,intra-sim/Jennifer_Capriati_,0.0,-3.417721518987335,-26.470588235294116
dlib/intra-sim/Jennifer_Capriati_/9.png,intra-sim/Jennifer_Capriati_,-6.632514615138463,-13.163265306122383,-40.649229332087785
dlib/intra-sim/Jennifer_Capriati_/18.png,intra-sim/Jennifer_Capriati_,0.0,20.769230769230777,-28.723404255319146
dlib/intra-sim/Jennifer_Capriati_/17.png,intra-sim/Jennifer_Capriati_,-1.363927531602919,-18.9795918367346,-29.73780043699925
dlib/intra-sim/Jennifer_Capriati_/10.png,intra-sim/Jennifer_Capriati_,0.0,-18.75,-38.57142857142857
dlib/intra-sim/Jennifer_Capriati_/20.png,intra-sim/Jennifer_Capriati_,13.324531261890783,-6.181683899556788,-6.341897735945054
dlib/intra-sim/Jennifer_Capriati_/14.png,intra-sim/Jennifer_Capriati_,6.009005957494525,21.650943396226538,-35.25039536109644
dlib/intra-sim/Jennifer_Capriati_/11.png,intra-sim/Jennifer_Capriati_,12.68038349181982,-29.693388693708066,-11.174652241112824
dlib/intra-sim/Jennifer_Capriati_/12.png,intra-sim/Jennifer_Capriati_,-7.594643368591445,-4.921874999999986,-35.406091370558364
dlib/intra-sim/Jennifer_Capriati_/2.png,intra-sim/Jennifer_Capriati_,-1.3322198538696388,-26.821529745042483,-71.4412416851442
dlib/intra-sim/Jennifer_Capriati_/19.png,intra-sim/Jennifer_Capriati_,1.2730300200567113,-1.18512780790077,-48.293196165536536
dlib/intra-sim/Jennifer_Capriati_/8.png,intra-sim/Jennifer_Capriati_,-1.3971810272963767,5.3945140535049205,-11.502778448900584
dlib/intra-sim/Jennifer_Capriati_/4.png,intra-sim/Jennifer_Capriati_,5.31454566994475,8.11816192560174,-50.76734693877568
dlib/intra-sim/Jennifer_Capriati_/5.png,intra-sim/Jennifer_Capriati_,5.194428907734806,13.287958115183258,-55.23311132254995
dlib/intra-sim/Jennifer_Capriati_/6.png,intra-sim/Jennifer_Capriati_,8.325650330426836,28.809523809523824,-28.248765154916967
dlib/intra-sim/Hugo_Chavez_/3.png,intra-sim/Hugo_Chavez_,4.1849161251184155,-6.106027137898266,-54.01819560272927
dlib/intra-sim/Hugo_Chavez_/15.png,intra-sim/Hugo_Chavez_,-10.53918372862823,3.0007409236848304,-35.51271534044298
dlib/intra-sim/Hugo_Chavez_/16.png,intra-sim/Hugo_Chavez_,-27.89727103094763,41.28440366972467,-31.101511879049585
dlib/intra-sim/Hugo_Chavez_/13.png,intra-sim/Hugo_Chavez_,-3.90049374238189,20.817813765182223,-45.24725274725272
dlib/intra-sim/Hugo_Chavez_/1.png,intra-sim/Hugo_Chavez_,13.671307132195835,-48.883928571428626,-29.23790913531994
dlib/intra-sim/Hugo_Chavez_/7.png,intra-sim/Hugo_Chavez_,1.4688007143858246,4.084919472913683,-33.57568533969015
dlib/intra-sim/Hugo_Chavez_/9.png,intra-sim/Hugo_Chavez_,-1.5074357587749678,10.81841432225076,-25.06800709639263
dlib/intra-sim/Hugo_Chavez_/18.png,intra-sim/Hugo_Chavez_,-9.462322208025617,5.109170305676841,-56.52892561983467
dlib/intra-sim/Hugo_Chavez_/17.png,intra-sim/Hugo_Chavez_,-14.381394591090602,1.545426162972248,-69.50963222416812
dlib/intra-sim/Hugo_Chavez_/10.png,intra-sim/Hugo_Chavez_,-8.471144633014832,-4.335483870967835,-17.17974683544304
dlib/intra-sim/Hugo_Chavez_/20.png,intra-sim/Hugo_Chavez_,-13.091893064346849,24.965151937552335,-26.029882604055494
dlib/intra-sim/Hugo_Chavez_/14.png,intra-sim/Hugo_Chavez_,7.305759533310824,5.898938117905544,-52.349869451697174
dlib/intra-sim/Hugo_Chavez_/11.png,intra-sim/Hugo_Chavez_,5.194428907734806,5.0414937759336595,-39.78947368421055
dlib/intra-sim/Hugo_Chavez_/12.png,intra-sim/Hugo_Chavez_,5.572197803963796,11.278625954198418,-41.82107064287465
dlib/intra-sim/Hugo_Chavez_/2.png,intra-sim/Hugo_Chavez_,7.907162702958458,8.616695059625215,-81.5625
dlib/intra-sim/Hugo_Chavez_/19.png,intra-sim/Hugo_Chavez_,9.688786560366804,9.962581852198229,-40.59417849410632
dlib/intra-sim/Hugo_Chavez_/8.png,intra-sim/Hugo_Chavez_,4.513988458001262,-25.58173784977906,-37.9606879606879
dlib/intra-sim/Hugo_Chavez_/4.png,intra-sim/Hugo_Chavez_,5.31454566994475,-26.965799473838057,-40.06595218466602
dlib/intra-sim/Hugo_Chavez_/5.png,intra-sim/Hugo_Chavez_,0.0,6.92307692307692,-54.0
dlib/intra-sim/Hugo_Chavez_/6.png,intra-sim/Hugo_Chavez_,-1.3971810272963767,-7.630173564752994,-30.722891566265
dlib/intra-sim/Vicente_Fox_/3.png,intra-sim/Vicente_Fox_,9.727578551401605,-62.71790468012021,-33.16613511162662
dlib/intra-sim/Vicente_Fox_/15.png,intra-sim/Vicente_Fox_,8.130102354155978,28.079999999999913,-47.465753424657585
dlib/intra-sim/Vicente_Fox_/16.png,intra-sim/Vicente_Fox_,-3.094058058917111,-19.60425673428668,-78.70292887029292
dlib/intra-sim/Vicente_Fox_/13.png,intra-sim/Vicente_Fox_,-3.3664606634298013,-32.29007633587783,-42.008765522279006
dlib/intra-sim/Vicente_Fox_/1.png,intra-sim/Vicente_Fox_,7.495857639729858,-3.55348169418518,-24.42857142857153
dlib/intra-sim/Vicente_Fox_/7.png,intra-sim/Vicente_Fox_,-6.340191745909909,6.491803278688451,-35.062034739454084
dlib/intra-sim/Vicente_Fox_/9.png,intra-sim/Vicente_Fox_,-12.68038349181982,6.3274992583803,-54.92981471083653
dlib/intra-sim/Vicente_Fox_/18.png,intra-sim/Vicente_Fox_,0.0,-17.14285714285714,-55.0
dlib/intra-sim/Vicente_Fox_/17.png,intra-sim/Vicente_Fox_,-4.635463426902642,16.13519470977222,-26.883116883116895
dlib/intra-sim/Vicente_Fox_/10.png,intra-sim/Vicente_Fox_,-2.8624052261117474,10.914760914760976,-15.45882352941176
dlib/intra-sim/Vicente_Fox_/20.png,intra-sim/Vicente_Fox_,-6.519801751656986,-24.45356371490277,-49.487870619946186
dlib/intra-sim/Vicente_Fox_/14.png,intra-sim/Vicente_Fox_,10.43747535111818,-18.560311284046804,-26.68965517241378
dlib/intra-sim/Vicente_Fox_/11.png,intra-sim/Vicente_Fox_,0.0,0.0,-47.36842105263158
dlib/intra-sim/Vicente_Fox_/12.png,intra-sim/Vicente_Fox_,7.125016348901798,32.66244057052309,-42.418952618453794
dlib/intra-sim/Vicente_Fox_/2.png,intra-sim/Vicente_Fox_,-11.309932474020211,35.08474576271189,-25.65217391304347
dlib/intra-sim/Vicente_Fox_/19.png,intra-sim/Vicente_Fox_,13.671307132195835,3.7146994931208894,-51.14352392065342
dlib/intra-sim/Vicente_Fox_/8.png,intra-sim/Vicente_Fox_,-6.632514615138463,-0.2024493876530755,-81.26429675425045
dlib/intra-sim/Vicente_Fox_/4.png,intra-sim/Vicente_Fox_,-1.6846843178962914,-2.368421052631547,-47.331863285556665
dlib/intra-sim/Vicente_Fox_/5.png,intra-sim/Vicente_Fox_,11.003540851749504,14.85230405671524,-49.45312500000008
dlib/intra-sim/Vicente_Fox_/6.png,intra-sim/Vicente_Fox_,4.513988458001262,9.70078204692274,-68.18000664231148
dlib/intra-sim/George_W_Bush_/3.png,intra-sim/George_W_Bush_,3.179830119864234,23.20851063829784,-37.14367487120772
dlib/intra-sim/George_W_Bush_/15.png,intra-sim/George_W_Bush_,-6.78897457443879,-2.8726371242639317,-11.841004184100411
dlib/intra-sim/George_W_Bush_/16.png,intra-sim/George_W_Bush_,-8.36588612403259,-10.926784059314244,-2.9066985645933414
dlib/intra-sim/George_W_Bush_/13.png,intra-sim/George_W_Bush_,1.4688007143858246,-22.22012815680364,-26.71560089574527
dlib/intra-sim/George_W_Bush_/1.png,intra-sim/George_W_Bush_,-1.5074357587749678,-8.850667745851808,-20.232202092370382
dlib/intra-sim/George_W_Bush_/7.png,intra-sim/George_W_Bush_,6.911227119024681,26.244131455399028,-17.94366197183109
dlib/intra-sim/George_W_Bush_/9.png,intra-sim/George_W_Bush_,1.847610265994596,61.14503816793899,-25.429362880886345
dlib/intra-sim/George_W_Bush_/18.png,intra-sim/George_W_Bush_,1.6846843178962914,22.544031311154495,-29.819927971188505
dlib/intra-sim/George_W_Bush_/17.png,intra-sim/George_W_Bush_,-3.2704879231835657,-1.5387987724681835,-32.74522093387656
dlib/intra-sim/George_W_Bush_/10.png,intra-sim/George_W_Bush_,-18.43494882292201,47.06422018348621,-17.11656441717787
dlib/intra-sim/George_W_Bush_/20.png,intra-sim/George_W_Bush_,1.5911402711945877,-6.634865568083228,-25.32608695652179
dlib/intra-sim/George_W_Bush_/14.png,intra-sim/George_W_Bush_,-2.935673446421173,7.923250564333984,-33.15558802045287
dlib/intra-sim/George_W_Bush_/11.png,intra-sim/George_W_Bush_,-5.710593137499643,5.729442970822319,-34.489383215368974
dlib/intra-sim/George_W_Bush_/12.png,intra-sim/George_W_Bush_,-4.635463426902642,1.910292350820967,-29.298040362679068
dlib/intra-sim/George_W_Bush_/2.png,intra-sim/George_W_Bush_,-3.179830119864234,9.83965014577251,-47.87234042553187
dlib/intra-sim/George_W_Bush_/19.png,intra-sim/George_W_Bush_,14.036243467926475,-69.38931297709934,-13.366336633663352
dlib/intra-sim/George_W_Bush_/8.png,intra-sim/George_W_Bush_,7.69605172201657,-0.5498981670062051,-38.4473460119217
dlib/intra-sim/George_W_Bush_/4.png,intra-sim/George_W_Bush_,6.009005957494525,18.68820039551754,-48.091603053435115
dlib/intra-sim/George_W_Bush_/5.png,intra-sim/George_W_Bush_,-1.4688007143858246,-7.120879120879195,-16.98294243070363
dlib/intra-sim/George_W_Bush_/6.png,intra-sim/George_W_Bush_,-3.01278750418334,-31.46762589928057,-26.1853448275862
dlib/intra-sim/Jeremy_Greenstock_/3.png,intra-sim/Jeremy_Greenstock_,1.4688007143858246,-6.072370900866929,-23.700973164258343
dlib/intra-sim/Jeremy_Greenstock_/15.png,intra-sim/Jeremy_Greenstock_,-1.3971810272963767,-0.974289580514224,-51.0730088495575
dlib/intra-sim/Jeremy_Greenstock_/16.png,intra-sim/Jeremy_Greenstock_,-6.340191745909909,-29.076923076923062,-30.926640926641
dlib/intra-sim/Jeremy_Greenstock_/13.png,intra-sim/Jeremy_Greenstock_,-7.305759533310824,28.66712235133288,-46.52912621359216
dlib/intra-sim/Jeremy_Greenstock_/1.png,intra-sim/Jeremy_Greenstock_,-8.130102354155978,-27.677419354838648,-52.78991596638645
dlib/intra-sim/Jeremy_Greenstock_/7.png,intra-sim/Jeremy_Greenstock_,-4.085616779974877,-8.618784530386748,-51.56325543916203
dlib/intra-sim/Jeremy_Greenstock_/9.png,intra-sim/Jeremy_Greenstock_,3.90049374238189,9.47368421052633,-44.4918183913343
dlib/intra-sim/Jeremy_Greenstock_/18.png,intra-sim/Jeremy_Greenstock_,0.0,-14.594594594594597,-34.75247524752475
dlib/intra-sim/Jeremy_Greenstock_/17.png,intra-sim/Jeremy_Greenstock_,7.125016348901798,-15.086705202312077,-55.42372881355934
dlib/intra-sim/Jeremy_Greenstock_/10.png,intra-sim/Jeremy_Greenstock_,-1.4688007143858246,-2.581261950286816,-45.04117108874659
dlib/intra-sim/Jeremy_Greenstock_/20.png,intra-sim/Jeremy_Greenstock_,5.856013585428958,-10.896860986547082,-43.21492007104784
dlib/intra-sim/Jeremy_Greenstock_/14.png,intra-sim/Jeremy_Greenstock_,0.0,6.521739130434781,-43.95348837209303
dlib/intra-sim/Jeremy_Greenstock_/11.png,intra-sim/Jeremy_Greenstock_,-6.009005957494525,10.214723926380389,-41.671232876712274
dlib/intra-sim/Jeremy_Greenstock_/12.png,intra-sim/Jeremy_Greenstock_,4.635463426902642,-10.66496163682868,-31.56133828996289
dlib/intra-sim/Jeremy_Greenstock_/2.png,intra-sim/Jeremy_Greenstock_,-6.519801751656986,34.81980026052976,-38.18814176879771
dlib/intra-sim/Jeremy_Greenstock_/19.png,intra-sim/Jeremy_Greenstock_,8.530765609948133,-23.142857142857096,-40.702087286527515
dlib/intra-sim/Jeremy_Greenstock_/8.png,intra-sim/Jeremy_Greenstock_,9.462322208025617,-3.1322505800464455,-25.448275862068897
dlib/intra-sim/Jeremy_Greenstock_/4.png,intra-sim/Jeremy_Greenstock_,4.289153328819018,3.7554904831624327,-45.401069518716575
dlib/intra-sim/Jeremy_Greenstock_/5.png,intra-sim/Jeremy_Greenstock_,-4.635463426902642,18.198659834450112,-23.74554872126907
dlib/intra-sim/Jeremy_Greenstock_/6.png,intra-sim/Jeremy_Greenstock_,-3.01278750418334,23.66261398176286,-23.333333333333417
dlib/intra-sim/Saddam_Hussein_/3.png,intra-sim/Saddam_Hussein_,0.0,33.28767123287672,-27.551020408163268
dlib/intra-sim/Saddam_Hussein_/15.png,intra-sim/Saddam_Hussein_,3.2704879231835657,-17.60095011876483,-43.51084062381128
dlib/intra-sim/Saddam_Hussein_/16.png,intra-sim/Saddam_Hussein_,-1.5074357587749678,13.722397476340646,-16.923304708320927
dlib/intra-sim/Saddam_Hussein_/13.png,intra-sim/Saddam_Hussein_,3.179830119864234,18.34123222748823,-32.15938303341895
dlib/intra-sim/Saddam_Hussein_/1.png,intra-sim/Saddam_Hussein_,14.743562836470735,24.21126760563378,-35.698324022346384
dlib/intra-sim/Saddam_Hussein_/7.png,intra-sim/Saddam_Hussein_,1.7899106082460694,41.028766455387625,-30.242914979757103
dlib/intra-sim/Saddam_Hussein_/9.png,intra-sim/Saddam_Hussein_,6.911227119024681,37.75347912524863,-23.472972972973057
dlib/intra-sim/Saddam_Hussein_/18.png,intra-sim/Saddam_Hussein_,3.2704879231835657,-15.489063144861715,-16.458191706322125
dlib/intra-sim/Saddam_Hussein_/17.png,intra-sim/Saddam_Hussein_,1.548157698977968,-21.552034569679492,-41.0225303292895
dlib/intra-sim/Saddam_Hussein_/10.png,intra-sim/Saddam_Hussein_,-5.042451069170913,13.283346487766453,-41.213592233009635
dlib/intra-sim/Saddam_Hussein_/20.png,intra-sim/Saddam_Hussein_,1.5911402711945877,13.989163562478891,-56.001523229246
dlib/intra-sim/Saddam_Hussein_/14.png,intra-sim/Saddam_Hussein_,3.094058058917111,26.61883094154709,-46.36363636363633
dlib/intra-sim/Saddam_Hussein_/11.png,intra-sim/Saddam_Hussein_,4.085616779974877,0.3803888419273846,-58.00718132854583
dlib/intra-sim/Saddam_Hussein_/12.png,intra-sim/Saddam_Hussein_,-3.094058058917111,20.45920303605311,-21.17647058823529
dlib/intra-sim/Saddam_Hussein_/2.png,intra-sim/Saddam_Hussein_,12.68038349181982,12.271396029938174,-31.67247386759584
dlib/intra-sim/Saddam_Hussein_/19.png,intra-sim/Saddam_Hussein_,-1.5911402711945877,33.58519660755586,-32.7961165048543
dlib/intra-sim/Saddam_Hussein_/8.png,intra-sim/Saddam_Hussein_,-1.6846843178962914,24.168173598553324,-15.515210991167876
dlib/intra-sim/Saddam_Hussein_/4.png,intra-sim/Saddam_Hussein_,-1.363927531602919,0.3569405099150486,-13.111992071357731
dlib/intra-sim/Saddam_Hussein_/5.png,intra-sim/Saddam_Hussein_,8.615648184164113,-6.866883116883116,-42.93345829428322
dlib/intra-sim/Saddam_Hussein_/6.png,intra-sim/Saddam_Hussein_,-1.5911402711945877,-7.765108323831214,-26.667755635413165
dlib/intra-sim/Donald_Rumsfeld_/3.png,intra-sim/Donald_Rumsfeld_,2.6025622024998065,-11.189189189189236,-8.790697674418553
dlib/intra-sim/Donald_Rumsfeld_/15.png,intra-sim/Donald_Rumsfeld_,7.765166018425334,3.894637817497596,-53.13705054716
dlib/intra-sim/Donald_Rumsfeld_/16.png,intra-sim/Donald_Rumsfeld_,-4.1849161251184155,12.66221952698595,-15.496108949416469
dlib/intra-sim/Donald_Rumsfeld_/13.png,intra-sim/Donald_Rumsfeld_,-3.094058058917111,-1.3340935005699777,-35.313782991202345
dlib/intra-sim/Donald_Rumsfeld_/1.png,intra-sim/Donald_Rumsfeld_,-4.085616779974877,64.2525773195876,-32.30591852421205
dlib/intra-sim/Donald_Rumsfeld_/7.png,intra-sim/Donald_Rumsfeld_,11.040940180323732,-14.184177997527826,-27.83835031998096
dlib/intra-sim/Donald_Rumsfeld_/9.png,intra-sim/Donald_Rumsfeld_,-8.130102354155978,2.9629629629630045,-31.79999999999992
dlib/intra-sim/Donald_Rumsfeld_/18.png,intra-sim/Donald_Rumsfeld_,2.0454084888872277,74.81505515898763,-39.89210185584805
dlib/intra-sim/Donald_Rumsfeld_/17.png,intra-sim/Donald_Rumsfeld_,-4.635463426902642,-10.715075562108352,-28.81401617250682
dlib/intra-sim/Donald_Rumsfeld_/10.png,intra-sim/Donald_Rumsfeld_,-3.99091309842978,15.419420437214043,-71.04212860310425
dlib/intra-sim/Donald_Rumsfeld_/20.png,intra-sim/Donald_Rumsfeld_,-7.495857639729858,2.7566475934028887,-43.22748091603062
dlib/intra-sim/Donald_Rumsfeld_/14.png,intra-sim/Donald_Rumsfeld_,4.289153328819018,22.89731850882923,-29.667128987517323
dlib/intra-sim/Donald_Rumsfeld_/11.png,intra-sim/Donald_Rumsfeld_,15.124007308310569,-23.202170963364978,-30.392255468946473
dlib/intra-sim/Donald_Rumsfeld_/12.png,intra-sim/Donald_Rumsfeld_,-4.899092453787765,-2.986899563318829,-32.08409506398536
dlib/intra-sim/Donald_Rumsfeld_/2.png,intra-sim/Donald_Rumsfeld_,6.952957468173915,-22.28959276018097,-28.735891647855567
dlib/intra-sim/Donald_Rumsfeld_/19.png,intra-sim/Donald_Rumsfeld_,-3.179830119864234,5.990376904571008,-29.694850603941653
dlib/intra-sim/Donald_Rumsfeld_/8.png,intra-sim/Donald_Rumsfeld_,7.907162702958458,-22.724481964696864,-33.117763343688225
dlib/intra-sim/Donald_Rumsfeld_/4.png,intra-sim/Donald_Rumsfeld_,1.5911402711945877,-4.855355746677134,-30.606251973476496
dlib/intra-sim/Donald_Rumsfeld_/5.png,intra-sim/Donald_Rumsfeld_,-11.888658039627972,24.195725534308153,-51.90418435415413
dlib/intra-sim/Donald_Rumsfeld_/6.png,intra-sim/Donald_Rumsfeld_,-4.398705354995532,-18.289738430583483,-30.468018720748887
dlib/intra-sim/Jacques_Chirac_/3.png,intra-sim/Jacques_Chirac_,10.713123022791038,-16.227371469949404,-59.370021723388945
dlib/intra-sim/Jacques_Chirac_/15.png,intra-sim/Jacques_Chirac_,-13.736268305622572,5.52594002855777,-50.66767830045527
dlib/intra-sim/Jacques_Chirac_/16.png,intra-sim/Jacques_Chirac_,4.289153328819018,24.585635359116058,-13.03179993825242
dlib/intra-sim/Jacques_Chirac_/13.png,intra-sim/Jacques_Chirac_,-11.560130794217766,18.940617577197173,-28.116169544740934
dlib/intra-sim/Jacques_Chirac_/1.png,intra-sim/Jacques_Chirac_,-5.9061411137704996,45.63148261134836,-54.638109305760594
dlib/intra-sim/Jacques_Chirac_/7.png,intra-sim/Jacques_Chirac_,10.43747535111818,-15.87117212249207,-41.4322250639387
dlib/intra-sim/Jacques_Chirac_/9.png,intra-sim/Jacques_Chirac_,-11.592175410291071,7.116864940517843,-38.36653386454177
dlib/intra-sim/Jacques_Chirac_/18.png,intra-sim/Jacques_Chirac_,-3.179830119864234,2.789559543230041,-43.84615384615399
dlib/intra-sim/Jacques_Chirac_/17.png,intra-sim/Jacques_Chirac_,-14.349332042947134,5.047454702329645,-43.08615049073071
dlib/intra-sim/Jacques_Chirac_/10.png,intra-sim/Jacques_Chirac_,7.907162702958458,-8.565430370888777,-47.42078113485624
dlib/intra-sim/Jacques_Chirac_/20.png,intra-sim/Jacques_Chirac_,1.5911402711945877,21.46823727387472,-9.973924380703949
dlib/intra-sim/Jacques_Chirac_/14.png,intra-sim/Jacques_Chirac_,14.036243467926475,-27.27272727272726,-43.54838709677433
dlib/intra-sim/Jacques_Chirac_/11.png,intra-sim/Jacques_Chirac_,-14.036243467926475,51.019108280254784,-55.09090909090904
dlib/intra-sim/Jacques_Chirac_/12.png,intra-sim/Jacques_Chirac_,-4.635463426902642,20.014727540500772,-41.85651353052231
dlib/intra-sim/Jacques_Chirac_/2.png,intra-sim/Jacques_Chirac_,-23.805943518457717,-2.0109760878087,-45.71808510638305
dlib/intra-sim/Jacques_Chirac_/19.png,intra-sim/Jacques_Chirac_,7.305759533310824,16.309148264984273,-41.12369597615505
dlib/intra-sim/Jacques_Chirac_/8.png,intra-sim/Jacques_Chirac_,-1.5911402711945877,-33.641479099678385,-47.87763567231243
dlib/intra-sim/Jacques_Chirac_/4.png,intra-sim/Jacques_Chirac_,-5.042451069170913,36.2022471910112,-13.221884498480122
dlib/intra-sim/Jacques_Chirac_/5.png,intra-sim/Jacques_Chirac_,0.0,22.5,-50.48780487804878
dlib/intra-sim/Jacques_Chirac_/6.png,intra-sim/Jacques_Chirac_,-6.009005957494525,11.13618677042804,-31.84615384615384
dlib/intra-sim/Nestor_Kirchner_/3.png,intra-sim/Nestor_Kirchner_,9.246112745563252,12.056074766354996,-48.65863673692854
dlib/intra-sim/Nestor_Kirchner_/15.png,intra-sim/Nestor_Kirchner_,3.01278750418334,-9.208731241473288,-71.34146341463419
dlib/intra-sim/Nestor_Kirchner_/16.png,intra-sim/Nestor_Kirchner_,-5.440332031005506,11.21107266435986,-83.45895020188418
dlib/intra-sim/Nestor_Kirchner_/13.png,intra-sim/Nestor_Kirchner_,4.289153328819018,-9.02871322226146,-40.881696428571445
dlib/intra-sim/Nestor_Kirchner_/1.png,intra-sim/Nestor_Kirchner_,10.885527054658738,-48.89321901792693,-28.25581395348835
dlib/intra-sim/Nestor_Kirchner_/7.png,intra-sim/Nestor_Kirchner_,7.943471810590412,-7.164556962025301,-43.99885909868799
dlib/intra-sim/Nestor_Kirchner_/9.png,intra-sim/Nestor_Kirchner_,-9.926245506651703,37.653988556041824,-25.16295025728978
dlib/intra-sim/Nestor_Kirchner_/18.png,intra-sim/Nestor_Kirchner_,-6.709836807756933,1.7419354838709609,-21.97595792637115
dlib/intra-sim/Nestor_Kirchner_/17.png,intra-sim/Nestor_Kirchner_,7.943471810590412,-12.916546347097992,-43.822450476889216
dlib/intra-sim/Nestor_Kirchner_/10.png,intra-sim/Nestor_Kirchner_,3.99091309842978,24.86478951770276,-31.001885267977457
dlib/intra-sim/Nestor_Kirchner_/20.png,intra-sim/Nestor_Kirchner_,-1.4320961841646465,-28.17391304347833,-59.39632545931752
dlib/intra-sim/Nestor_Kirchner_/14.png,intra-sim/Nestor_Kirchner_,3.01278750418334,-21.458189357291104,-48.18947368421048
dlib/intra-sim/Nestor_Kirchner_/11.png,intra-sim/Nestor_Kirchner_,6.1701750950296095,-47.80948983232253,-80.83811710677384
dlib/intra-sim/Nestor_Kirchner_/12.png,intra-sim/Nestor_Kirchner_,5.572197803963796,29.847522236340495,-29.864788732394302
dlib/intra-sim/Nestor_Kirchner_/2.png,intra-sim/Nestor_Kirchner_,9.926245506651703,18.78361075544177,-54.15730337078651
dlib/intra-sim/Nestor_Kirchner_/19.png,intra-sim/Nestor_Kirchner_,-11.592175410291071,-8.546806353497828,-45.14088916718852
dlib/intra-sim/Nestor_Kirchner_/8.png,intra-sim/Nestor_Kirchner_,-12.994616791916506,7.3449401523394755,-41.26709206927984
dlib/intra-sim/Nestor_Kirchner_/4.png,intra-sim/Nestor_Kirchner_,0.0,9.40298507462687,-10.975609756097557
dlib/intra-sim/Nestor_Kirchner_/5.png,intra-sim/Nestor_Kirchner_,7.125016348901798,-19.57841483979756,-63.958664546899755
dlib/intra-sim/Nestor_Kirchner_/6.png,intra-sim/Nestor_Kirchner_,9.462322208025617,-40.025706940874095,-32.05714285714288
mtcnn/intra-sim/Gray_Davis_/3.png,intra-sim/Gray_Davis_,2.436648246810131,23.318890814558117,-12.80197382535951
mtcnn/intra-sim/Gray_Davis_/15.png,intra-sim/Gray_Davis_,-5.440332031005506,2.6763848396501686,-14.928457869634244
mtcnn/intra-sim/Gray_Davis_/16.png,intra-sim/Gray_Davis_,2.3859440303888126,58.78165312947925,-2.3893805309734546
mtcnn/intra-sim/Gray_Davis_/13.png,intra-sim/Gray_Davis_,8.325650330426836,-19.916129032258127,-2.3816460305899483
mtcnn/intra-sim/Gray_Davis_/1.png,intra-sim/Gray_Davis_,-12.68038349181982,-34.10714285714301,-11.469265367316282
mtcnn/intra-sim/Gray_Davis_/7.png,intra-sim/Gray_Davis_,0.0,-15.194805194805198,-9.42857142857143
mtcnn/intra-sim/Gray_Davis_/9.png,intra-sim/Gray_Davis_,10.175510843043206,-17.482447342025935,-2.5267727930535955
mtcnn/intra-sim/Gray_Davis_/18.png,intra-sim/Gray_Davis_,-1.245364266768347,-2.504638218924029,10.136054421768604
mtcnn/intra-sim/Gray_Davis_/17.png,intra-sim/Gray_Davis_,-4.398705354995532,50.102145045965216,-8.079625292740047
mtcnn/intra-sim/Gray_Davis_/10.png,intra-sim/Gray_Davis_,0.0,-35.1219512195122,10.384615384615389
mtcnn/intra-sim/Gray_Davis_/20.png,intra-sim/Gray_Davis_,4.398705354995532,23.684210526315898,-9.16870415647918
mtcnn/intra-sim/Gray_Davis_/14.png,intra-sim/Gray_Davis_,5.079607860014571,28.865047995482858,9.295938104448766
mtcnn/intra-sim/Gray_Davis_/11.png,intra-sim/Gray_Davis_,2.7927023657132835,-19.9228486646885,-3.185840707964715
mtcnn/intra-sim/Gray_Davis_/12.png,intra-sim/Gray_Davis_,1.193489423982035,15.830475257226835,-1.793858861555023
mtcnn/intra-sim/Gray_Davis_/2.png,intra-sim/Gray_Davis_,-5.856013585428958,10.843761172684978,23.729335948444955
mtcnn/intra-sim/Gray_Davis_/19.png,intra-sim/Gray_Davis_,-7.495857639729858,-29.17582417582421,-4.720812182741227
mtcnn/intra-sim/Gray_Davis_/8.png,intra-sim/Gray_Davis_,-3.99091309842978,-6.420731707317017,-7.387755102040728
mtcnn/intra-sim/Gray_Davis_/4.png,intra-sim/Gray_Davis_,0.0,-26.34146341463415,-20.0
mtcnn/intra-sim/Gray_Davis_/5.png,intra-sim/Gray_Davis_,-10.53918372862823,7.0439189189188625,-22.3898139079335
mtcnn/intra-sim/Gray_Davis_/6.png,intra-sim/Gray_Davis_,1.4688007143858246,-29.18644067796604,-2.3052035589108044
mtcnn/intra-sim/Paul_Bremer_/3.png,intra-sim/Paul_Bremer_,6.632514615138463,8.406040268456366,-2.7012863268221565
mtcnn/intra-sim/Paul_Bremer_/15.png,intra-sim/Paul_Bremer_,-10.175510843043206,45.065028901734166,3.057324840764309
mtcnn/intra-sim/Paul_Bremer_/16.png,intra-sim/Paul_Bremer_,-8.74616226255521,51.725175526579704,25.725062866722663
mtcnn/intra-sim/Paul_Bremer_/13.png,intra-sim/Paul_Bremer_,6.952957468173915,-17.054729515975836,-3.2935754947140623
mtcnn/intra-sim/Paul_Bremer_/1.png,intra-sim/Paul_Bremer_,-10.43747535111818,74.76718403547676,18.08966376089664
mtcnn/intra-sim/Paul_Bremer_/7.png,intra-sim/Paul_Bremer_,8.130102354155978,8.73134328358205,15.313432835820931
mtcnn/intra-sim/Paul_Bremer_/9.png,intra-sim/Paul_Bremer_,-11.309932474020211,0.731707317073159,2.2147651006711726
mtcnn/intra-sim/Paul_Bremer_/18.png,intra-sim/Paul_Bremer_,5.710593137499643,25.83444592790389,13.205417607223524
mtcnn/intra-sim/Paul_Bremer_/17.png,intra-sim/Paul_Bremer_,6.009005957494525,2.307692307692278,8.343634116192916
mtcnn/intra-sim/Paul_Bremer_/10.png,intra-sim/Paul_Bremer_,-10.304846468766032,-22.81828073993468,-12.625899280575496
mtcnn/intra-sim/Paul_Bremer_/20.png,intra-sim/Paul_Bremer_,0.0,10.25316455696202,15.517241379310349
mtcnn/intra-sim/Paul_Bremer_/14.png,intra-sim/Paul_Bremer_,8.972626614896393,2.739420935412099,20.92896174863388
mtcnn/intra-sim/Paul_Bremer_/11.png,intra-sim/Paul_Bremer_,-10.175510843043206,19.154880993445957,3.5734946095187894
mtcnn/intra-sim/Paul_Bremer_/12.png,intra-sim/Paul_Bremer_,0.0,9.473684210526317,-2.1951219512195053
mtcnn/intra-sim/Paul_Bremer_/2.png,intra-sim/Paul_Bremer_,-2.5448043798130957,3.749999999999958,12.740510861780848
mtcnn/intra-sim/Paul_Bremer_/19.png,intra-sim/Paul_Bremer_,8.530765609948133,27.071240105540895,-11.13006396588476
mtcnn/intra-sim/Paul_Bremer_/8.png,intra-sim/Paul_Bremer_,-4.289153328819018,10.555735056542886,-0.3426061493411509
mtcnn/intra-sim/Paul_Bremer_/4.png,intra-sim/Paul_Bremer_,-8.325650330426836,-48.7741935483871,-11.980735984193627
mtcnn/intra-sim/Paul_Bremer_/5.png,intra-sim/Paul_Bremer_,-6.4830736928972374,8.054862842892803,-2.0613931523022018
mtcnn/intra-sim/Paul_Bremer_/6.png,intra-sim/Paul_Bremer_,7.125016348901798,26.960926193921836,2.9839572192513373
mtcnn/intra-sim/Junichiro_Koizumi_/3.png,intra-sim/Junichiro_Koizumi_,-5.572197803963796,5.375838926174609,16.80652680652672
mtcnn/intra-sim/Junichiro_Koizumi_/15.png,intra-sim/Junichiro_Koizumi_,-1.3971810272963767,-12.154150197628454,-0.2237692690202948
mtcnn/intra-sim/Junichiro_Koizumi_/16.png,intra-sim/Junichiro_Koizumi_,-10.175510843043206,55.72611245256988,17.740273125483114
mtcnn/intra-sim/Junichiro_Koizumi_/13.png,intra-sim/Junichiro_Koizumi_,-8.325650330426836,35.77693040991417,-18.212703101920155
mtcnn/intra-sim/Junichiro_Koizumi_/1.png,intra-sim/Junichiro_Koizumi_,-5.31454566994475,39.80461811722921,-4.156305506216697
mtcnn/intra-sim/Junichiro_Koizumi_/7.png,intra-sim/Junichiro_Koizumi_,-6.4830736928972374,-13.94585253456212,0.5650224215245458
mtcnn/intra-sim/Junichiro_Koizumi_/9.png,intra-sim/Junichiro_Koizumi_,-1.4320961841646465,-8.131416837782254,-15.482584419037508
mtcnn/intra-sim/Junichiro_Koizumi_/18.png,intra-sim/Junichiro_Koizumi_,7.594643368591445,-4.995857497928711,-8.938163647720103
mtcnn/intra-sim/Junichiro_Koizumi_/17.png,intra-sim/Junichiro_Koizumi_,-2.7927023657132835,2.1318822023046664,3.8259109311741217
mtcnn/intra-sim/Junichiro_Koizumi_/10.png,intra-sim/Junichiro_Koizumi_,-1.3971810272963767,-20.644407345575956,-10.185528756957382
mtcnn/intra-sim/Junichiro_Koizumi_/20.png,intra-sim/Junichiro_Koizumi_,1.3971810272963767,12.792022792022834,-2.2172185430463145
mtcnn/intra-sim/Junichiro_Koizumi_/14.png,intra-sim/Junichiro_Koizumi_,-4.1849161251184155,37.45631067961165,-2.5250501002005024
mtcnn/intra-sim/Junichiro_Koizumi_/11.png,intra-sim/Junichiro_Koizumi_,-1.3322198538696388,-29.14880772713537,-2.320557491289236
mtcnn/intra-sim/Junichiro_Koizumi_/2.png,intra-sim/Junichiro_Koizumi_,-2.6630007660671433,42.89867841409685,-12.809457579972232
mtcnn/intra-sim/Junichiro_Koizumi_/19.png,intra-sim/Junichiro_Koizumi_,-4.1849161251184155,49.96809189534139,-2.727272727272805
mtcnn/intra-sim/Junichiro_Koizumi_/8.png,intra-sim/Junichiro_Koizumi_,-8.130102354155978,34.35754189944136,-24.521354933726045
mtcnn/intra-sim/Junichiro_Koizumi_/4.png,intra-sim/Junichiro_Koizumi_,6.4830736928972374,-17.48616370521411,-15.160585536377496
mtcnn/intra-sim/Junichiro_Koizumi_/5.png,intra-sim/Junichiro_Koizumi_,-6.519801751656986,58.352561144439306,-5.452841973766354
mtcnn/intra-sim/Junichiro_Koizumi_/6.png,intra-sim/Junichiro_Koizumi_,5.31454566994475,-15.163636363636355,-8.051522248243657
mtcnn/intra-sim/Tom_Daschle_/3.png,intra-sim/Tom_Daschle_,-1.3019526725788753,-14.516129032258036,2.4083651900157577
mtcnn/intra-sim/Tom_Daschle_/15.png,intra-sim/Tom_Daschle_,-1.3971810272963767,-2.4019769357495875,-1.0138852501965658
mtcnn/intra-sim/Tom_Daschle_/16.png,intra-sim/Tom_Daschle_,1.245364266768347,22.352787228474185,-15.558665231431604
mtcnn/intra-sim/Tom_Daschle_/13.png,intra-sim/Tom_Daschle_,-4.289153328819018,-11.67701863354037,-9.077809798270865
mtcnn/intra-sim/Tom_Daschle_/1.png,intra-sim/Tom_Daschle_,0.0,-32.5,1.0112359550561791
mtcnn/intra-sim/Tom_Daschle_/7.png,intra-sim/Tom_Daschle_,-7.125016348901798,-28.961937716262995,-0.8366533864541594
mtcnn/intra-sim/Tom_Daschle_/9.png,intra-sim/Tom_Daschle_,-2.8624052261117474,-24.05817174515235,-14.300847457627157
mtcnn/intra-sim/Tom_Daschle_/18.png,intra-sim/Tom_Daschle_,2.3859440303888126,-2.2479185938946102,-5.216326530612406
mtcnn/intra-sim/Tom_Daschle_/17.png,intra-sim/Tom_Daschle_,-10.175510843043206,-2.9244031830239123,-26.94736842105256
mtcnn/intra-sim/Tom_Daschle_/10.png,intra-sim/Tom_Daschle_,3.179830119864234,-1.1688311688311188,-15.88235294117652
mtcnn/intra-sim/Tom_Daschle_/20.png,intra-sim/Tom_Daschle_,-2.436648246810131,18.267212695162556,3.015508328546815
mtcnn/intra-sim/Tom_Daschle_/14.png,intra-sim/Tom_Daschle_,-2.6630007660671433,-6.377519853390325,-11.582150101419856
mtcnn/intra-sim/Tom_Daschle_/11.png,intra-sim/Tom_Daschle_,12.094757077012105,-10.314960629921174,4.984615384615324
mtcnn/intra-sim/Tom_Daschle_/12.png,intra-sim/Tom_Daschle_,5.572197803963796,0.7632093933463011,-14.721753794266476
mtcnn/intra-sim/Tom_Daschle_/2.png,intra-sim/Tom_Daschle_,-1.363927531602919,-5.884302500753293,6.379690949227296
mtcnn/intra-sim/Tom_Daschle_/19.png,intra-sim/Tom_Daschle_,3.945186229037563,66.35786802030466,-1.9440914866580812
mtcnn/intra-sim/Tom_Daschle_/8.png,intra-sim/Tom_Daschle_,-2.6025622024998065,33.818483674598724,-15.64516129032262
mtcnn/intra-sim/Tom_Daschle_/4.png,intra-sim/Tom_Daschle_,13.671307132195835,-35.454545454545425,16.334519572953795
mtcnn/intra-sim/Tom_Daschle_/5.png,intra-sim/Tom_Daschle_,5.572197803963796,-12.800627943485097,-19.75259377494008
mtcnn/intra-sim/Tom_Daschle_/6.png,intra-sim/Tom_Daschle_,-2.6630007660671433,-19.541939321832217,-21.822222222222297
mtcnn/intra-sim/Atal_Bihari_Vajpayee_/3.png,intra-sim/Atal_Bihari_Vajpayee_,-1.2730300200567113,8.566895822316226,0.1776900296148937
mtcnn/intra-sim/Atal_Bihari_Vajpayee_/16.png,intra-sim/Atal_Bihari_Vajpayee_,-1.3019526725788753,-16.788218793828904,4.606741573033759
mtcnn/intra-sim/Atal_Bihari_Vajpayee_/13.png,intra-sim/Atal_Bihari_Vajpayee_,2.6630007660671433,-17.826825127334473,-5.482479784366504
mtcnn/intra-sim/Atal_Bihari_Vajpayee_/1.png,intra-sim/Atal_Bihari_Vajpayee_,-1.6365770416167182,16.29203132197145,33.78972145939572
mtcnn/intra-sim/Atal_Bihari_Vajpayee_/7.png,intra-sim/Atal_Bihari_Vajpayee_,2.935673446421173,-7.667103538663156,-15.189226048414568
mtcnn/intra-sim/Atal_Bihari_Vajpayee_/9.png,intra-sim/Atal_Bihari_Vajpayee_,0.0,34.61538461538461,-1.8367346938775455
mtcnn/intra-sim/Atal_Bihari_Vajpayee_/18.png,intra-sim/Atal_Bihari_Vajpayee_,-2.7927023657132835,45.31710442024354,-4.980330448465651
mtcnn/intra-sim/Atal_Bihari_Vajpayee_/17.png,intra-sim/Atal_Bihari_Vajpayee_,2.2906100426385296,26.01680672268907,10.584056827150649
mtcnn/intra-sim/Atal_Bihari_Vajpayee_/10.png,intra-sim/Atal_Bihari_Vajpayee_,2.7927023657132835,-31.2631578947368,6.621815058688881
mtcnn/intra-sim/Atal_Bihari_Vajpayee_/20.png,intra-sim/Atal_Bihari_Vajpayee_,0.0,-11.25,-12.85714285714286
mtcnn/intra-sim/Atal_Bihari_Vajpayee_/14.png,intra-sim/Atal_Bihari_Vajpayee_,2.935673446421173,3.901444979621914,-0.1727447216890851
mtcnn/intra-sim/Atal_Bihari_Vajpayee_/11.png,intra-sim/Atal_Bihari_Vajpayee_,3.5763343749973515,22.409638554216855,-29.50103950103947
mtcnn/intra-sim/Atal_Bihari_Vajpayee_/12.png,intra-sim/Atal_Bihari_Vajpayee_,0.0,35.0,-15.1685393258427
mtcnn/intra-sim/Atal_Bihari_Vajpayee_/2.png,intra-sim/Atal_Bihari_Vajpayee_,-1.2730300200567113,18.59504132231407,11.14285714285714
mtcnn/intra-sim/Atal_Bihari_Vajpayee_/8.png,intra-sim/Atal_Bihari_Vajpayee_,-4.085616779974877,8.741007194244588,19.88992379339541
mtcnn/intra-sim/Atal_Bihari_Vajpayee_/4.png,intra-sim/Atal_Bihari_Vajpayee_,1.4688007143858246,-9.8476454293628,-4.612188365650823
mtcnn/intra-sim/Atal_Bihari_Vajpayee_/5.png,intra-sim/Atal_Bihari_Vajpayee_,4.1849161251184155,-36.63433559650814,6.488078541374463
mtcnn/intra-sim/Atal_Bihari_Vajpayee_/6.png,intra-sim/Atal_Bihari_Vajpayee_,-1.363927531602919,20.26620732853118,37.07547169811323
mtcnn/intra-sim/Guillermo_Coria_/3.png,intra-sim/Guillermo_Coria_,-1.363927531602919,5.088044485634811,26.237522395700083
mtcnn/intra-sim/Guillermo_Coria_/15.png,intra-sim/Guillermo_Coria_,5.710593137499643,6.886543535620049,7.575757575757578
mtcnn/intra-sim/Guillermo_Coria_/16.png,intra-sim/Guillermo_Coria_,10.713123022791038,17.0860927152318,2.5344517675254963
mtcnn/intra-sim/Guillermo_Coria_/13.png,intra-sim/Guillermo_Coria_,0.0,-27.39130434782609,23.793103448275858
mtcnn/intra-sim/Guillermo_Coria_/1.png,intra-sim/Guillermo_Coria_,-1.4320961841646465,-13.585471509496813,13.144906743185132
mtcnn/intra-sim/Guillermo_Coria_/7.png,intra-sim/Guillermo_Coria_,4.1849161251184155,-17.20892095769105,-1.8658817507038632
mtcnn/intra-sim/Guillermo_Coria_/9.png,intra-sim/Guillermo_Coria_,7.305759533310824,-32.86103542234329,7.826086956521635
mtcnn/intra-sim/Guillermo_Coria_/18.png,intra-sim/Guillermo_Coria_,7.495857639729858,-8.284658040665263,12.528875379939253
mtcnn/intra-sim/Guillermo_Coria_/17.png,intra-sim/Guillermo_Coria_,3.7313969991604465,-5.204647478214909,17.16852010265181
mtcnn/intra-sim/Guillermo_Coria_/10.png,intra-sim/Guillermo_Coria_,-9.688786560366804,-26.673151750972774,28.32786885245899
mtcnn/intra-sim/Guillermo_Coria_/20.png,intra-sim/Guillermo_Coria_,-1.4320961841646465,56.072106261859574,-8.572591587516897
mtcnn/intra-sim/Guillermo_Coria_/14.png,intra-sim/Guillermo_Coria_,-1.3019526725788753,3.4145666020492342,37.829912023460395
mtcnn/intra-sim/Guillermo_Coria_/11.png,intra-sim/Guillermo_Coria_,-8.530765609948133,-29.115874079035528,17.49047359825802
mtcnn/intra-sim/Guillermo_Coria_/12.png,intra-sim/Guillermo_Coria_,-1.4688007143858246,-1.8006318006318338,19.228893629990974
mtcnn/intra-sim/Guillermo_Coria_/2.png,intra-sim/Guillermo_Coria_,4.763641690726177,18.355995055624405,8.16618911174784
mtcnn/intra-sim/Guillermo_Coria_/19.png,intra-sim/Guillermo_Coria_,4.398705354995532,-14.434876210979551,21.99641897940907
mtcnn/intra-sim/Guillermo_Coria_/8.png,intra-sim/Guillermo_Coria_,7.125016348901798,1.6256157635469464,2.8789986091793907
mtcnn/intra-sim/Guillermo_Coria_/4.png,intra-sim/Guillermo_Coria_,7.125016348901798,6.8557536466774565,13.809523809523824
mtcnn/intra-sim/Guillermo_Coria_/5.png,intra-sim/Guillermo_Coria_,-1.5074357587749678,3.6666666666667,4.472587367746101
mtcnn/intra-sim/Guillermo_Coria_/6.png,intra-sim/Guillermo_Coria_,-2.5448043798130957,-3.915239966320499,8.679409209383124
mtcnn/intra-sim/John_Negroponte_/3.png,intra-sim/John_Negroponte_,-8.74616226255521,14.484978540772545,-20.59013742926433
mtcnn/intra-sim/John_Negroponte_/15.png,intra-sim/John_Negroponte_,5.194428907734806,-27.780346820809328,-21.50141643059493
mtcnn/intra-sim/John_Negroponte_/16.png,intra-sim/John_Negroponte_,0.0,-24.324324324324323,3.9130434782608745
mtcnn/intra-sim/John_Negroponte_/13.png,intra-sim/John_Negroponte_,-1.4320961841646465,14.080794248544976,-17.693211871877764
mtcnn/intra-sim/John_Negroponte_/1.png,intra-sim/John_Negroponte_,4.398705354995532,-32.05231388329976,-14.495575221238838
mtcnn/intra-sim/John_Negroponte_/7.png,intra-sim/John_Negroponte_,1.9091524329963765,-6.956004756242535,-14.767184035476705
mtcnn/intra-sim/John_Negroponte_/9.png,intra-sim/John_Negroponte_,-4.513988458001262,-49.899961523663016,-3.851351351351383
mtcnn/intra-sim/John_Negroponte_/18.png,intra-sim/John_Negroponte_,-8.74616226255521,8.520130576713782,-10.621118012422215
mtcnn/intra-sim/John_Negroponte_/17.png,intra-sim/John_Negroponte_,1.363927531602919,30.26299311208514,-16.749167063303133
mtcnn/intra-sim/John_Negroponte_/10.png,intra-sim/John_Negroponte_,-2.8624052261117474,-20.90163934426222,-0.8301682040151235
mtcnn/intra-sim/John_Negroponte_/20.png,intra-sim/John_Negroponte_,-1.5911402711945877,17.95386586928666,1.4075965528246854
mtcnn/intra-sim/John_Negroponte_/14.png,intra-sim/John_Negroponte_,2.7927023657132835,9.85135135135134,-2.387655657823444
mtcnn/intra-sim/John_Negroponte_/11.png,intra-sim/John_Negroponte_,-4.289153328819018,-0.159857904085328,-24.14400000000002
mtcnn/intra-sim/John_Negroponte_/12.png,intra-sim/John_Negroponte_,0.0,11.73913043478261,-18.837209302325576
mtcnn/intra-sim/John_Negroponte_/2.png,intra-sim/John_Negroponte_,1.3971810272963767,-23.46327880264535,-9.591434900319982
mtcnn/intra-sim/John_Negroponte_/19.png,intra-sim/John_Negroponte_,2.935673446421173,-51.38157894736838,0.997027830316128
mtcnn/intra-sim/John_Negroponte_/8.png,intra-sim/John_Negroponte_,0.0,-21.891891891891888,0.967741935483872
mtcnn/intra-sim/John_Negroponte_/4.png,intra-sim/John_Negroponte_,1.4688007143858246,12.262540021344677,-7.497792169561436
mtcnn/intra-sim/John_Negroponte_/5.png,intra-sim/John_Negroponte_,4.513988458001262,17.50853242320808,-19.94510257151109
mtcnn/intra-sim/John_Negroponte_/6.png,intra-sim/John_Negroponte_,-1.4320961841646465,-0.6517016654598962,-20.00832639467106
mtcnn/intra-sim/Mahmoud_Abbas_/3.png,intra-sim/Mahmoud_Abbas_,-4.1849161251184155,-3.97950219619328,-19.66057441253268
mtcnn/intra-sim/Mahmoud_Abbas_/1.png,intra-sim/Mahmoud_Abbas_,4.1849161251184155,-27.411023622047267,-6.878135143110143
mtcnn/intra-sim/Mahmoud_Abbas_/7.png,intra-sim/Mahmoud_Abbas_,-6.0724564072077,29.81707317073173,-3.2036697247705774
mtcnn/intra-sim/Mahmoud_Abbas_/9.png,intra-sim/Mahmoud_Abbas_,-16.557071375636653,35.485714285714295,-2.4675324675324077
mtcnn/intra-sim/Mahmoud_Abbas_/18.png,intra-sim/Mahmoud_Abbas_,-6.1701750950296095,36.43867924528311,-13.90114739629304
mtcnn/intra-sim/Mahmoud_Abbas_/17.png,intra-sim/Mahmoud_Abbas_,0.0,0.0,-28.285714285714285
mtcnn/intra-sim/Mahmoud_Abbas_/10.png,intra-sim/Mahmoud_Abbas_,5.710593137499643,10.487804878048864,-25.41057367829022
mtcnn/intra-sim/Mahmoud_Abbas_/11.png,intra-sim/Mahmoud_Abbas_,-1.363927531602919,-35.71088637715656,-11.00649350649347
mtcnn/intra-sim/Mahmoud_Abbas_/2.png,intra-sim/Mahmoud_Abbas_,-1.123302714075429,12.80295047418346,-9.267663744198105
mtcnn/intra-sim/Mahmoud_Abbas_/19.png,intra-sim/Mahmoud_Abbas_,4.398705354995532,-8.025477707006289,-5.1428571428570535
mtcnn/intra-sim/Mahmoud_Abbas_/8.png,intra-sim/Mahmoud_Abbas_,4.513988458001262,21.951994352276785,-25.243243243243157
mtcnn/intra-sim/Mahmoud_Abbas_/5.png,intra-sim/Mahmoud_Abbas_,-6.340191745909909,-30.7926023778071,-22.367491166077755
mtcnn/intra-sim/Michael_Bloomberg_/3.png,intra-sim/Michael_Bloomberg_,4.289153328819018,-0.5886200130804013,20.97744360902246
mtcnn/intra-sim/Michael_Bloomberg_/15.png,intra-sim/Michael_Bloomberg_,-7.305759533310824,-22.324093816631077,4.582881906825563
mtcnn/intra-sim/Michael_Bloomberg_/16.png,intra-sim/Michael_Bloomberg_,-6.340191745909909,-38.83248730964474,-9.23362175525341
mtcnn/intra-sim/Michael_Bloomberg_/13.png,intra-sim/Michael_Bloomberg_,-14.743562836470735,24.914559125085432,0.2433747971875988
mtcnn/intra-sim/Michael_Bloomberg_/1.png,intra-sim/Michael_Bloomberg_,-2.5448043798130957,-40.90054815974944,-7.476220672162327
mtcnn/intra-sim/Michael_Bloomberg_/7.png,intra-sim/Michael_Bloomberg_,-2.726310993906266,24.299999999999883,-9.525547445255413
mtcnn/intra-sim/Michael_Bloomberg_/9.png,intra-sim/Michael_Bloomberg_,0.0,-38.57142857142857,-6.237623762376231
mtcnn/intra-sim/Michael_Bloomberg_/18.png,intra-sim/Michael_Bloomberg_,-2.726310993906266,0.1083032490975313,18.789144050104312
mtcnn/intra-sim/Michael_Bloomberg_/17.png,intra-sim/Michael_Bloomberg_,-2.6630007660671433,10.081253627394103,-19.484989016353495
mtcnn/intra-sim/Michael_Bloomberg_/10.png,intra-sim/Michael_Bloomberg_,-8.130102354155978,11.506129597197813,-1.4887218045113286
mtcnn/intra-sim/Michael_Bloomberg_/20.png,intra-sim/Michael_Bloomberg_,-1.548157698977968,-6.1962723469000025,-4.5370675453047795
mtcnn/intra-sim/Michael_Bloomberg_/14.png,intra-sim/Michael_Bloomberg_,-5.440332031005506,-37.734806629834274,11.555763823805036
mtcnn/intra-sim/Michael_Bloomberg_/11.png,intra-sim/Michael_Bloomberg_,-2.7927023657132835,27.13995943204864,5.623588456712682
mtcnn/intra-sim/Michael_Bloomberg_/12.png,intra-sim/Michael_Bloomberg_,-8.972626614896393,-12.68456375838943,4.461538461538424
mtcnn/intra-sim/Michael_Bloomberg_/2.png,intra-sim/Michael_Bloomberg_,1.4320961841646465,-7.710718002081123,-6.479243300052474
mtcnn/intra-sim/Michael_Bloomberg_/19.png,intra-sim/Michael_Bloomberg_,-1.3971810272963767,-2.1936758893281763,-7.698289269051386
mtcnn/intra-sim/Michael_Bloomberg_/8.png,intra-sim/Michael_Bloomberg_,-6.952957468173915,6.632747456059278,-14.723673357162411
mtcnn/intra-sim/Michael_Bloomberg_/4.png,intra-sim/Michael_Bloomberg_,-3.01278750418334,-11.410352588147076,16.72566371681414
mtcnn/intra-sim/Michael_Bloomberg_/5.png,intra-sim/Michael_Bloomberg_,2.2025981617658057,-16.081504702194366,10.192175703500313
mtcnn/intra-sim/Michael_Bloomberg_/6.png,intra-sim/Michael_Bloomberg_,-3.814074834290355,-20.655737704918025,-5.558475689881718
mtcnn/intra-sim/Roh_Moo-hyun_/3.png,intra-sim/Roh_Moo-hyun_,-1.363927531602919,-7.6197649894545805,-13.952901597981535
mtcnn/intra-sim/Roh_Moo-hyun_/15.png,intra-sim/Roh_Moo-hyun_,-4.398705354995532,-8.679245283018915,0.4745166959577034
mtcnn/intra-sim/Roh_Moo-hyun_/16.png,intra-sim/Roh_Moo-hyun_,0.0,-2.25,-15.882352941176464
mtcnn/intra-sim/Roh_Moo-hyun_/13.png,intra-sim/Roh_Moo-hyun_,-9.211026540816668,0.5529454282616513,-10.694006309148309
mtcnn/intra-sim/Roh_Moo-hyun_/1.png,intra-sim/Roh_Moo-hyun_,-6.1701750950296095,17.582900519376736,-0.616822429906648
mtcnn/intra-sim/Roh_Moo-hyun_/7.png,intra-sim/Roh_Moo-hyun_,0.0,2.3076923076923066,-25.555555555555557
mtcnn/intra-sim/Roh_Moo-hyun_/9.png,intra-sim/Roh_Moo-hyun_,3.5763343749973515,51.26357354392891,-20.25182778229093
mtcnn/intra-sim/Roh_Moo-hyun_/18.png,intra-sim/Roh_Moo-hyun_,-1.5074357587749678,-2.332688588007656,-9.579207920791989
mtcnn/intra-sim/Roh_Moo-hyun_/17.png,intra-sim/Roh_Moo-hyun_,-6.4830736928972374,7.423208191126363,-11.96625421822263
mtcnn/intra-sim/Roh_Moo-hyun_/10.png,intra-sim/Roh_Moo-hyun_,-5.710593137499643,-13.430962343096212,-4.1045606229142635
mtcnn/intra-sim/Roh_Moo-hyun_/20.png,intra-sim/Roh_Moo-hyun_,-1.5911402711945877,14.36619718309855,-13.498396864980492
mtcnn/intra-sim/Roh_Moo-hyun_/14.png,intra-sim/Roh_Moo-hyun_,4.398705354995532,5.8912386706948325,-14.844486333647495
mtcnn/intra-sim/Roh_Moo-hyun_/11.png,intra-sim/Roh_Moo-hyun_,-1.4320961841646465,1.5884115884115175,-13.718061674008752
mtcnn/intra-sim/Roh_Moo-hyun_/12.png,intra-sim/Roh_Moo-hyun_,1.4320961841646465,-14.935918501478696,-27.376847290640377
mtcnn/intra-sim/Roh_Moo-hyun_/2.png,intra-sim/Roh_Moo-hyun_,4.085616779974877,4.955595026642911,-23.908629441624427
mtcnn/intra-sim/Roh_Moo-hyun_/19.png,intra-sim/Roh_Moo-hyun_,-2.726310993906266,7.919143876337685,-21.691331923890104
mtcnn/intra-sim/Roh_Moo-hyun_/8.png,intra-sim/Roh_Moo-hyun_,-4.085616779974877,-2.828096118299385,-8.181818181818272
mtcnn/intra-sim/Roh_Moo-hyun_/5.png,intra-sim/Roh_Moo-hyun_,7.125016348901798,-31.456310679611654,-4.8997134670488265
mtcnn/intra-sim/Roh_Moo-hyun_/6.png,intra-sim/Roh_Moo-hyun_,-9.462322208025617,64.22330097087385,7.241379310344854
mtcnn/intra-sim/David_Beckham_/3.png,intra-sim/David_Beckham_,-5.194428907734806,-5.105672969966605,-25.28283796740169
mtcnn/intra-sim/David_Beckham_/15.png,intra-sim/David_Beckham_,-7.305759533310824,-33.722397476340696,7.926362297496468
mtcnn/intra-sim/David_Beckham_/16.png,intra-sim/David_Beckham_,-7.765166018425334,-14.509582863585123,-1.6964717254712127
mtcnn/intra-sim/David_Beckham_/13.png,intra-sim/David_Beckham_,-1.548157698977968,-21.807951987996887,-24.952450621799628
mtcnn/intra-sim/David_Beckham_/1.png,intra-sim/David_Beckham_,3.094058058917111,-59.92874109263657,-24.688346883468824
mtcnn/intra-sim/David_Beckham_/7.png,intra-sim/David_Beckham_,5.572197803963796,2.003710575139138,-25.679857185361428
mtcnn/intra-sim/David_Beckham_/9.png,intra-sim/David_Beckham_,-1.4320961841646465,2.3429364803886585,4.781693845344492
mtcnn/intra-sim/David_Beckham_/18.png,intra-sim/David_Beckham_,2.5448043798130957,0.4274406332453822,8.701360706612604
mtcnn/intra-sim/David_Beckham_/17.png,intra-sim/David_Beckham_,1.3971810272963767,5.090252707581286,-19.018663455749532
mtcnn/intra-sim/David_Beckham_/10.png,intra-sim/David_Beckham_,-3.094058058917111,-36.02052451539341,-11.58844765342971
mtcnn/intra-sim/David_Beckham_/20.png,intra-sim/David_Beckham_,-1.2730300200567113,-9.058653149891413,-36.91358024691345
mtcnn/intra-sim/David_Beckham_/14.png,intra-sim/David_Beckham_,0.0,2.0,-32.926829268292686
mtcnn/intra-sim/David_Beckham_/11.png,intra-sim/David_Beckham_,-1.4688007143858246,16.769635228393113,-24.093781177253035
mtcnn/intra-sim/David_Beckham_/12.png,intra-sim/David_Beckham_,3.179830119864234,-10.390015600624023,-27.632202052091507
mtcnn/intra-sim/David_Beckham_/2.png,intra-sim/David_Beckham_,2.8624052261117474,-13.147410358565594,0.5602716468591353
mtcnn/intra-sim/David_Beckham_/19.png,intra-sim/David_Beckham_,0.0,-31.55844155844156,-25.384615384615387
mtcnn/intra-sim/David_Beckham_/8.png,intra-sim/David_Beckham_,2.8624052261117474,-17.950819672131175,8.93363584798648
mtcnn/intra-sim/David_Beckham_/4.png,intra-sim/David_Beckham_,6.203447901691836,31.64566345441081,-20.28856584942511
mtcnn/intra-sim/David_Beckham_/5.png,intra-sim/David_Beckham_,-1.3019526725788753,19.16129032258064,-9.646545788386518
mtcnn/intra-sim/David_Beckham_/6.png,intra-sim/David_Beckham_,2.8624052261117474,-16.917293233082617,-14.47058823529413
mtcnn/intra-sim/George_Robertson_/3.png,intra-sim/George_Robertson_,5.194428907734806,-5.3714981729598605,-4.18413855970833
mtcnn/intra-sim/George_Robertson_/15.png,intra-sim/George_Robertson_,2.7927023657132835,-68.0473372781066,0.645007166746197
mtcnn/intra-sim/George_Robertson_/16.png,intra-sim/George_Robertson_,-2.935673446421173,-16.32054176072235,6.2931760741365395
mtcnn/intra-sim/George_Robertson_/13.png,intra-sim/George_Robertson_,5.31454566994475,-58.49002849002839,33.517106123338436
mtcnn/intra-sim/George_Robertson_/1.png,intra-sim/George_Robertson_,0.0,34.05405405405405,-9.574468085106387
mtcnn/intra-sim/George_Robertson_/7.png,intra-sim/George_Robertson_,-6.340191745909909,-7.543352601156144,3.0201342281878993
mtcnn/intra-sim/George_Robertson_/9.png,intra-sim/George_Robertson_,1.3971810272963767,-5.098814229249001,-8.26530612244899
mtcnn/intra-sim/George_Robertson_/18.png,intra-sim/George_Robertson_,-7.907162702958458,54.664031620553374,2.2188815393866577
mtcnn/intra-sim/George_Robertson_/17.png,intra-sim/George_Robertson_,1.4320961841646465,-20.673143650242835,-22.065834279228017
mtcnn/intra-sim/George_Robertson_/10.png,intra-sim/George_Robertson_,-3.01278750418334,-37.33683420855218,-20.069488313329245
mtcnn/intra-sim/George_Robertson_/20.png,intra-sim/George_Robertson_,4.763641690726177,-92.365308804205,3.758865248226968
mtcnn/intra-sim/George_Robertson_/14.png,intra-sim/George_Robertson_,-2.726310993906266,34.75247524752476,3.9318290926548656
mtcnn/intra-sim/George_Robertson_/11.png,intra-sim/George_Robertson_,6.581944655178011,25.884107371112137,32.26299694189596
mtcnn/intra-sim/George_Robertson_/12.png,intra-sim/George_Robertson_,10.43747535111818,-61.526232114467305,11.161695447409729
mtcnn/intra-sim/George_Robertson_/2.png,intra-sim/George_Robertson_,-1.3322198538696388,-19.096267190569748,2.455720440402189
mtcnn/intra-sim/George_Robertson_/19.png,intra-sim/George_Robertson_,-10.08059798754232,-7.710129310344925,4.371991247264802
mtcnn/intra-sim/George_Robertson_/8.png,intra-sim/George_Robertson_,-8.530765609948133,20.35175879396985,-22.355460385438978
mtcnn/intra-sim/George_Robertson_/4.png,intra-sim/George_Robertson_,-6.952957468173915,27.73395721925137,-1.203566121842485
mtcnn/intra-sim/George_Robertson_/6.png,intra-sim/George_Robertson_,-4.289153328819018,-12.523191094619593,4.074849515833591
mtcnn/intra-sim/Hamid_Karzai_/3.png,intra-sim/Hamid_Karzai_,1.4320961841646465,11.72856178257942,-14.582148948266052
mtcnn/intra-sim/Hamid_Karzai_/15.png,intra-sim/Hamid_Karzai_,4.1849161251184155,-0.9514925373134132,17.595983461311235
mtcnn/intra-sim/Hamid_Karzai_/16.png,intra-sim/Hamid_Karzai_,-2.935673446421173,-38.85317750182614,4.262384322264651
mtcnn/intra-sim/Hamid_Karzai_/13.png,intra-sim/Hamid_Karzai_,1.4688007143858246,0.3501945525292171,-32.41968557758024
mtcnn/intra-sim/Hamid_Karzai_/1.png,intra-sim/Hamid_Karzai_,-2.5448043798130957,15.87955625990496,-17.717210188050544
mtcnn/intra-sim/Hamid_Karzai_/7.png,intra-sim/Hamid_Karzai_,-10.53918372862823,15.78476551911082,-8.797350993377549
mtcnn/intra-sim/Hamid_Karzai_/18.png,intra-sim/Hamid_Karzai_,3.179830119864234,-23.05785123966953,-3.605243991259997
mtcnn/intra-sim/Hamid_Karzai_/10.png,intra-sim/Hamid_Karzai_,5.572197803963796,-28.287461773700315,-13.49056603773569
mtcnn/intra-sim/Hamid_Karzai_/20.png,intra-sim/Hamid_Karzai_,-5.31454566994475,-5.334306569343028,-3.1997136721546013
mtcnn/intra-sim/Hamid_Karzai_/14.png,intra-sim/Hamid_Karzai_,6.1701750950296095,-2.2063666300767864,-33.10738766184299
mtcnn/intra-sim/Hamid_Karzai_/11.png,intra-sim/Hamid_Karzai_,1.2188752351312977,27.25063291139243,-22.97872340425532
mtcnn/intra-sim/Hamid_Karzai_/12.png,intra-sim/Hamid_Karzai_,11.309932474020211,-9.130434782608774,-23.497536945812797
mtcnn/intra-sim/Hamid_Karzai_/2.png,intra-sim/Hamid_Karzai_,0.0,-105.0,-18.493150684931507
mtcnn/intra-sim/Hamid_Karzai_/19.png,intra-sim/Hamid_Karzai_,2.7927023657132835,-25.77859286428803,1.956009426551347
mtcnn/intra-sim/Hamid_Karzai_/8.png,intra-sim/Hamid_Karzai_,9.246112745563252,13.069941270688687,-42.66631744368771
mtcnn/intra-sim/Hamid_Karzai_/5.png,intra-sim/Hamid_Karzai_,3.01278750418334,-36.836581709145584,-13.045066991473917
mtcnn/intra-sim/Hamid_Karzai_/6.png,intra-sim/Hamid_Karzai_,-2.726310993906266,-29.35828877005347,-44.920447849145454
mtcnn/intra-sim/Kofi_Annan_/3.png,intra-sim/Kofi_Annan_,-7.431407971172507,34.97041420118343,22.0
mtcnn/intra-sim/Kofi_Annan_/15.png,intra-sim/Kofi_Annan_,-9.462322208025617,37.95580110497238,4.114285714285771
mtcnn/intra-sim/Kofi_Annan_/16.png,intra-sim/Kofi_Annan_,-4.316027519865624,-16.123222748815138,7.540263543191784
mtcnn/intra-sim/Kofi_Annan_/1.png,intra-sim/Kofi_Annan_,4.289153328819018,4.049697783747433,19.96892479801113
mtcnn/intra-sim/Kofi_Annan_/7.png,intra-sim/Kofi_Annan_,-1.245364266768347,-41.31901840490804,1.036731145403138
mtcnn/intra-sim/Kofi_Annan_/9.png,intra-sim/Kofi_Annan_,1.3019526725788753,22.28808864265939,12.17983651226173
mtcnn/intra-sim/Kofi_Annan_/18.png,intra-sim/Kofi_Annan_,3.99091309842978,-5.465587044534431,15.67340897878634
mtcnn/intra-sim/Kofi_Annan_/17.png,intra-sim/Kofi_Annan_,1.4688007143858246,-12.883498462589571,11.013121757705164
mtcnn/intra-sim/Kofi_Annan_/10.png,intra-sim/Kofi_Annan_,-3.652222780306336,12.60953298026007,-4.490872210953256
mtcnn/intra-sim/Kofi_Annan_/20.png,intra-sim/Kofi_Annan_,-6.632514615138463,-2.7182044887780705,-4.309859154929683
mtcnn/intra-sim/Kofi_Annan_/14.png,intra-sim/Kofi_Annan_,1.3971810272963767,-24.7500000000001,23.0743618201998
mtcnn/intra-sim/Kofi_Annan_/11.png,intra-sim/Kofi_Annan_,-6.0724564072077,-7.011603125739967,-0.6758206393477053
mtcnn/intra-sim/Kofi_Annan_/2.png,intra-sim/Kofi_Annan_,2.436648246810131,18.18470559491817,11.249999999999956
mtcnn/intra-sim/Kofi_Annan_/19.png,intra-sim/Kofi_Annan_,3.814074834290355,-27.0833333333333,1.5832205683354914
mtcnn/intra-sim/Kofi_Annan_/8.png,intra-sim/Kofi_Annan_,-5.194428907734806,10.198019801980209,7.450047573739425
mtcnn/intra-sim/Kofi_Annan_/4.png,intra-sim/Kofi_Annan_,-10.00797980144134,5.512431776834404,-8.408969567538676
mtcnn/intra-sim/Kofi_Annan_/5.png,intra-sim/Kofi_Annan_,-3.7313969991604465,6.112716763005778,-1.5020297699594636
mtcnn/intra-sim/Kofi_Annan_/6.png,intra-sim/Kofi_Annan_,-1.3971810272963767,35.73444515715205,-7.260422306442834
mtcnn/intra-sim/Jennifer_Aniston_/3.png,intra-sim/Jennifer_Aniston_,-1.3322198538696388,9.592476489028243,-21.02979613173021
mtcnn/intra-sim/Jennifer_Aniston_/15.png,intra-sim/Jennifer_Aniston_,10.4914770123316,-5.657514450867154,2.8587075575027683
mtcnn/intra-sim/Jennifer_Aniston_/16.png,intra-sim/Jennifer_Aniston_,-11.768288932020647,-13.522920203735069,-7.624810892586964
mtcnn/intra-sim/Jennifer_Aniston_/13.png,intra-sim/Jennifer_Aniston_,9.462322208025617,-3.9527027027027377,-24.206896551724128
mtcnn/intra-sim/Jennifer_Aniston_/1.png,intra-sim/Jennifer_Aniston_,-11.309932474020211,21.055900621118013,-23.80645161290316
mtcnn/intra-sim/Jennifer_Aniston_/7.png,intra-sim/Jennifer_Aniston_,-4.763641690726177,64.28571428571428,9.723422644770949
mtcnn/intra-sim/Jennifer_Aniston_/9.png,intra-sim/Jennifer_Aniston_,7.594643368591445,11.953619114546669,-19.67930029154525
mtcnn/intra-sim/Jennifer_Aniston_/18.png,intra-sim/Jennifer_Aniston_,0.0,30.659340659340657,-27.551020408163268
mtcnn/intra-sim/Jennifer_Aniston_/17.png,intra-sim/Jennifer_Aniston_,-4.1849161251184155,34.99566348655682,-8.9121338912135
mtcnn/intra-sim/Jennifer_Aniston_/10.png,intra-sim/Jennifer_Aniston_,3.814074834290355,4.834123222748815,-21.84971098265899
mtcnn/intra-sim/Jennifer_Aniston_/20.png,intra-sim/Jennifer_Aniston_,0.0,-22.799999999999997,13.539823008849552
mtcnn/intra-sim/Jennifer_Aniston_/14.png,intra-sim/Jennifer_Aniston_,1.4320961841646465,11.956295525494312,-15.996908809891876
mtcnn/intra-sim/Jennifer_Aniston_/11.png,intra-sim/Jennifer_Aniston_,0.0,14.21052631578948,-8.181818181818187
mtcnn/intra-sim/Jennifer_Aniston_/12.png,intra-sim/Jennifer_Aniston_,-7.765166018425334,10.141535111595005,-22.457786116322808
mtcnn/intra-sim/Jennifer_Aniston_/2.png,intra-sim/Jennifer_Aniston_,2.7927023657132835,-13.460108664569615,-36.08935466078327
mtcnn/intra-sim/Jennifer_Aniston_/19.png,intra-sim/Jennifer_Aniston_,1.363927531602919,2.710065959277344,-22.304676561187335
mtcnn/intra-sim/Jennifer_Aniston_/8.png,intra-sim/Jennifer_Aniston_,-14.036243467926475,38.065573770491795,6.300000000000026
mtcnn/intra-sim/Jennifer_Aniston_/4.png,intra-sim/Jennifer_Aniston_,1.363927531602919,-16.963055729492865,-12.806147744174469
mtcnn/intra-sim/Jennifer_Aniston_/5.png,intra-sim/Jennifer_Aniston_,-10.53918372862823,33.09121621621627,3.323741007194186
mtcnn/intra-sim/Jennifer_Aniston_/6.png,intra-sim/Jennifer_Aniston_,-1.3971810272963767,7.82496413199425,-17.36842105263152
mtcnn/intra-sim/Colin_Powell_/3.png,intra-sim/Colin_Powell_,14.381394591090602,17.45292368681862,4.698795180722854
mtcnn/intra-sim/Colin_Powell_/15.png,intra-sim/Colin_Powell_,-5.079607860014571,16.865912762520253,6.514954486345815
mtcnn/intra-sim/Colin_Powell_/16.png,intra-sim/Colin_Powell_,-8.325650330426836,20.100946372239747,7.250965250965265
mtcnn/intra-sim/Colin_Powell_/13.png,intra-sim/Colin_Powell_,-2.3859440303888126,8.231469440832228,-18.841121495327116
mtcnn/intra-sim/Colin_Powell_/1.png,intra-sim/Colin_Powell_,-10.43747535111818,8.857353483228948,-10.531622364802928
mtcnn/intra-sim/Colin_Powell_/7.png,intra-sim/Colin_Powell_,5.079607860014571,2.941474537623463,-26.0526315789474
mtcnn/intra-sim/Colin_Powell_/9.png,intra-sim/Colin_Powell_,1.548157698977968,-71.4250614250614,-11.316783594171651
mtcnn/intra-sim/Colin_Powell_/18.png,intra-sim/Colin_Powell_,-3.7313969991604465,-23.5516239767626,-7.657894736842039
mtcnn/intra-sim/Colin_Powell_/17.png,intra-sim/Colin_Powell_,-12.094757077012105,-42.30379746835452,-23.669511249030364
mtcnn/intra-sim/Colin_Powell_/10.png,intra-sim/Colin_Powell_,-1.3019526725788753,28.40399002493767,5.294117647058684
mtcnn/intra-sim/Colin_Powell_/20.png,intra-sim/Colin_Powell_,1.123302714075429,-13.161748869265551,-13.863418377133982
mtcnn/intra-sim/Colin_Powell_/14.png,intra-sim/Colin_Powell_,2.5448043798130957,-29.96675900277009,24.95212874312486
mtcnn/intra-sim/Colin_Powell_/11.png,intra-sim/Colin_Powell_,2.6025622024998065,-7.956371986222749,0.3249097472922813
mtcnn/intra-sim/Colin_Powell_/12.png,intra-sim/Colin_Powell_,-3.99091309842978,32.88412017167383,-7.144179588058279
mtcnn/intra-sim/Colin_Powell_/2.png,intra-sim/Colin_Powell_,2.3859440303888126,-30.20076481835555,-4.054054054054106
mtcnn/intra-sim/Colin_Powell_/19.png,intra-sim/Colin_Powell_,10.175510843043206,-24.601018675721537,5.6802244039271415
mtcnn/intra-sim/Colin_Powell_/8.png,intra-sim/Colin_Powell_,0.0,0.0,-7.297297297297291
mtcnn/intra-sim/Colin_Powell_/4.png,intra-sim/Colin_Powell_,-1.193489423982035,34.3303360151444,18.30945558739262
mtcnn/intra-sim/Colin_Powell_/5.png,intra-sim/Colin_Powell_,8.652541791114725,-30.209947513121683,24.045269878119527
mtcnn/intra-sim/Colin_Powell_/6.png,intra-sim/Colin_Powell_,-2.6025622024998065,-6.488372093023173,-8.08489634748274
mtcnn/intra-sim/Lindsay_Davenport_/3.png,intra-sim/Lindsay_Davenport_,-3.01278750418334,1.5528882220556284,18.050314465408743
mtcnn/intra-sim/Lindsay_Davenport_/15.png,intra-sim/Lindsay_Davenport_,4.398705354995532,12.464558342420844,-4.0570377184911735
mtcnn/intra-sim/Lindsay_Davenport_/16.png,intra-sim/Lindsay_Davenport_,8.130102354155978,-37.018867924528344,-3.556231003039443
mtcnn/intra-sim/Lindsay_Davenport_/13.png,intra-sim/Lindsay_Davenport_,4.398705354995532,30.129171151776102,-16.982680036463094
mtcnn/intra-sim/Lindsay_Davenport_/1.png,intra-sim/Lindsay_Davenport_,-13.671307132195835,-8.067520372526218,-0.4706244232543639
mtcnn/intra-sim/Lindsay_Davenport_/7.png,intra-sim/Lindsay_Davenport_,7.495857639729858,9.893495625713156,-4.526453298497671
mtcnn/intra-sim/Lindsay_Davenport_/9.png,intra-sim/Lindsay_Davenport_,1.4688007143858246,24.4290288153682,-20.455906821963396
mtcnn/intra-sim/Lindsay_Davenport_/18.png,intra-sim/Lindsay_Davenport_,-4.398705354995532,6.091703056768495,17.93296089385477
mtcnn/intra-sim/Lindsay_Davenport_/17.png,intra-sim/Lindsay_Davenport_,-9.211026540816668,-61.69242658423495,4.510739856801891
mtcnn/intra-sim/Lindsay_Davenport_/10.png,intra-sim/Lindsay_Davenport_,4.969740728110304,1.141552511415611,-20.2816901408451
mtcnn/intra-sim/Lindsay_Davenport_/20.png,intra-sim/Lindsay_Davenport_,5.856013585428958,22.00999642984651,-16.55233589591957
mtcnn/intra-sim/Lindsay_Davenport_/14.png,intra-sim/Lindsay_Davenport_,-1.363927531602919,36.122448979591766,4.542226730915402
mtcnn/intra-sim/Lindsay_Davenport_/11.png,intra-sim/Lindsay_Davenport_,1.3971810272963767,-19.011509817197023,35.65632458233897
mtcnn/intra-sim/Lindsay_Davenport_/12.png,intra-sim/Lindsay_Davenport_,-6.78897457443879,0.1873327386263525,7.806788511749389
mtcnn/intra-sim/Lindsay_Davenport_/2.png,intra-sim/Lindsay_Davenport_,7.125016348901798,11.77570093457946,-6.113744075829501
mtcnn/intra-sim/Lindsay_Davenport_/19.png,intra-sim/Lindsay_Davenport_,9.211026540816668,-7.577142857142888,-5.806451612903189
mtcnn/intra-sim/Lindsay_Davenport_/8.png,intra-sim/Lindsay_Davenport_,4.085616779974877,-6.800000000000068,-0.6020066889633569
mtcnn/intra-sim/Lindsay_Davenport_/4.png,intra-sim/Lindsay_Davenport_,-1.363927531602919,-12.766162753296925,21.442622950819626
mtcnn/intra-sim/Lindsay_Davenport_/5.png,intra-sim/Lindsay_Davenport_,3.652222780306336,-23.691376701966675,26.090225563909783
mtcnn/intra-sim/Lindsay_Davenport_/6.png,intra-sim/Lindsay_Davenport_,-7.125016348901798,-37.57575757575764,12.122448979591752
mtcnn/intra-sim/Amelie_Mauresmo_/3.png,intra-sim/Amelie_Mauresmo_,2.7927023657132835,11.479289940828464,30.881854154889737
mtcnn/intra-sim/Amelie_Mauresmo_/15.png,intra-sim/Amelie_Mauresmo_,0.0,11.84210526315789,-10.0
mtcnn/intra-sim/Amelie_Mauresmo_/16.png,intra-sim/Amelie_Mauresmo_,4.398705354995532,-16.921487603305863,1.0696095076400385
mtcnn/intra-sim/Amelie_Mauresmo_/13.png,intra-sim/Amelie_Mauresmo_,-12.094757077012105,24.76618705035969,13.706896551724114
mtcnn/intra-sim/Amelie_Mauresmo_/1.png,intra-sim/Amelie_Mauresmo_,-13.240519915187203,11.406249999999972,9.609022556391023
mtcnn/intra-sim/Amelie_Mauresmo_/7.png,intra-sim/Amelie_Mauresmo_,4.289153328819018,-22.231686541737645,-14.137339055793916
mtcnn/intra-sim/Amelie_Mauresmo_/9.png,intra-sim/Amelie_Mauresmo_,-15.524110996754256,-21.285714285714207,17.539936102236354
mtcnn/intra-sim/Amelie_Mauresmo_/18.png,intra-sim/Amelie_Mauresmo_,-4.289153328819018,23.844559585492277,12.59798432250831
mtcnn/intra-sim/Amelie_Mauresmo_/17.png,intra-sim/Amelie_Mauresmo_,-7.305759533310824,12.395581636175391,7.43780383185603
mtcnn/intra-sim/Amelie_Mauresmo_/10.png,intra-sim/Amelie_Mauresmo_,-4.085616779974877,-2.03347280334728,-49.26059513074854
mtcnn/intra-sim/Amelie_Mauresmo_/20.png,intra-sim/Amelie_Mauresmo_,-4.398705354995532,-33.229278794402596,-10.01699235344094
mtcnn/intra-sim/Amelie_Mauresmo_/14.png,intra-sim/Amelie_Mauresmo_,2.726310993906266,11.000633312222972,3.3432392273403195
mtcnn/intra-sim/Amelie_Mauresmo_/11.png,intra-sim/Amelie_Mauresmo_,2.935673446421173,19.431818181818272,-9.01047729918514
mtcnn/intra-sim/Amelie_Mauresmo_/12.png,intra-sim/Amelie_Mauresmo_,2.436648246810131,11.054137848795648,-1.3306192414826938
mtcnn/intra-sim/Amelie_Mauresmo_/2.png,intra-sim/Amelie_Mauresmo_,2.8624052261117474,4.787234042553237,20.28960817717207
mtcnn/intra-sim/Amelie_Mauresmo_/19.png,intra-sim/Amelie_Mauresmo_,1.3971810272963767,5.672514619882989,-10.544707091469704
mtcnn/intra-sim/Amelie_Mauresmo_/8.png,intra-sim/Amelie_Mauresmo_,1.5074357587749678,8.33333333333323,-17.757459095283963
mtcnn/intra-sim/Amelie_Mauresmo_/4.png,intra-sim/Amelie_Mauresmo_,1.3971810272963767,-32.656400384985474,16.08331279270392
mtcnn/intra-sim/Amelie_Mauresmo_/5.png,intra-sim/Amelie_Mauresmo_,10.175510843043206,3.2492113564669154,-2.5190839694656972
mtcnn/intra-sim/Amelie_Mauresmo_/6.png,intra-sim/Amelie_Mauresmo_,-14.381394591090602,7.17525773195878,10.562874251497078
mtcnn/intra-sim/Arnold_Schwarzenegger_/15.png,intra-sim/Arnold_Schwarzenegger_,1.3019526725788753,9.615720524017403,13.18059299191374
mtcnn/intra-sim/Arnold_Schwarzenegger_/16.png,intra-sim/Arnold_Schwarzenegger_,11.821488340607257,25.65633802816903,-10.251190991771251
mtcnn/intra-sim/Arnold_Schwarzenegger_/1.png,intra-sim/Arnold_Schwarzenegger_,7.943471810590412,-42.210526315789416,9.12983741699108
mtcnn/intra-sim/Arnold_Schwarzenegger_/7.png,intra-sim/Arnold_Schwarzenegger_,8.130102354155978,-36.9613259668508,-8.133333333333354
mtcnn/intra-sim/Arnold_Schwarzenegger_/9.png,intra-sim/Arnold_Schwarzenegger_,-4.513988458001262,13.174010455563833,-3.3414485696896037
mtcnn/intra-sim/Arnold_Schwarzenegger_/18.png,intra-sim/Arnold_Schwarzenegger_,-5.31454566994475,11.851751289709512,-2.07260904903805
mtcnn/intra-sim/Arnold_Schwarzenegger_/17.png,intra-sim/Arnold_Schwarzenegger_,8.471144633014832,-8.913875598086094,-35.57591623036643
mtcnn/intra-sim/Arnold_Schwarzenegger_/10.png,intra-sim/Arnold_Schwarzenegger_,2.7927023657132835,-0.9146904835231452,4.53551912568301
mtcnn/intra-sim/Arnold_Schwarzenegger_/20.png,intra-sim/Arnold_Schwarzenegger_,-1.3971810272963767,3.441734417344179,-4.108307343351157
mtcnn/intra-sim/Arnold_Schwarzenegger_/14.png,intra-sim/Arnold_Schwarzenegger_,-10.00797980144134,51.53701968134956,13.605393896380376
mtcnn/intra-sim/Arnold_Schwarzenegger_/11.png,intra-sim/Arnold_Schwarzenegger_,1.363927531602919,-44.62048192771083,-6.765375854214113
mtcnn/intra-sim/Arnold_Schwarzenegger_/12.png,intra-sim/Arnold_Schwarzenegger_,-3.652222780306336,-6.774687420260378,16.620083849071733
mtcnn/intra-sim/Arnold_Schwarzenegger_/2.png,intra-sim/Arnold_Schwarzenegger_,-8.130102354155978,16.31578947368392,-4.857142857143089
mtcnn/intra-sim/Arnold_Schwarzenegger_/19.png,intra-sim/Arnold_Schwarzenegger_,-5.710593137499643,39.374999999999915,10.538860103626844
mtcnn/intra-sim/Arnold_Schwarzenegger_/8.png,intra-sim/Arnold_Schwarzenegger_,-3.99091309842978,-12.176788935658465,20.07128309572316
mtcnn/intra-sim/Arnold_Schwarzenegger_/4.png,intra-sim/Arnold_Schwarzenegger_,0.0,-47.922077922077925,-30.0
mtcnn/intra-sim/Arnold_Schwarzenegger_/6.png,intra-sim/Arnold_Schwarzenegger_,2.7927023657132835,-41.547099189020614,-0.2332814930017264
mtcnn/intra-sim/Jiang_Zemin_/3.png,intra-sim/Jiang_Zemin_,2.935673446421173,1.1507402422612074,-23.677852348993312
mtcnn/intra-sim/Jiang_Zemin_/15.png,intra-sim/Jiang_Zemin_,6.009005957494525,18.00000000000003,-25.72277227722769
mtcnn/intra-sim/Jiang_Zemin_/16.png,intra-sim/Jiang_Zemin_,0.0,18.493150684931507,-26.883116883116884
mtcnn/intra-sim/Jiang_Zemin_/13.png,intra-sim/Jiang_Zemin_,-1.548157698977968,24.203119056675533,-4.244972577696359
mtcnn/intra-sim/Jiang_Zemin_/1.png,intra-sim/Jiang_Zemin_,-6.1701750950296095,-2.6077265973254953,0.9109947643978132
mtcnn/intra-sim/Jiang_Zemin_/7.png,intra-sim/Jiang_Zemin_,1.6365770416167182,-42.875842919476426,-11.375585163845884
mtcnn/intra-sim/Jiang_Zemin_/18.png,intra-sim/Jiang_Zemin_,0.0,5.0,4.285714285714292
mtcnn/intra-sim/Jiang_Zemin_/17.png,intra-sim/Jiang_Zemin_,-1.548157698977968,26.825275980205543,-6.113551875633718
mtcnn/intra-sim/Jiang_Zemin_/20.png,intra-sim/Jiang_Zemin_,3.179830119864234,8.56474258970357,-5.163398692810361
mtcnn/intra-sim/Jiang_Zemin_/14.png,intra-sim/Jiang_Zemin_,-2.726310993906266,-53.4768026830632,-10.217729393468218
mtcnn/intra-sim/Jiang_Zemin_/11.png,intra-sim/Jiang_Zemin_,1.6846843178962914,6.791685494803488,-3.766132186155687
mtcnn/intra-sim/Jiang_Zemin_/12.png,intra-sim/Jiang_Zemin_,0.0,8.4375,0.0
mtcnn/intra-sim/Jiang_Zemin_/2.png,intra-sim/Jiang_Zemin_,3.179830119864234,26.143205858421567,-4.777618364418927
mtcnn/intra-sim/Jiang_Zemin_/19.png,intra-sim/Jiang_Zemin_,6.1701750950296095,1.4718787395293162,0.9740898655296064
mtcnn/intra-sim/Jiang_Zemin_/8.png,intra-sim/Jiang_Zemin_,-8.130102354155978,-43.86934673366828,-26.736401673640216
mtcnn/intra-sim/Jiang_Zemin_/4.png,intra-sim/Jiang_Zemin_,5.194428907734806,0.5232558139534831,4.829268292682826
mtcnn/intra-sim/Jiang_Zemin_/5.png,intra-sim/Jiang_Zemin_,-4.289153328819018,6.866330390920609,-14.585191793042
mtcnn/intra-sim/Jiang_Zemin_/6.png,intra-sim/Jiang_Zemin_,1.6846843178962914,8.301973382285382,-4.016528925619909
mtcnn/intra-sim/Andre_Agassi_/3.png,intra-sim/Andre_Agassi_,-4.398705354995532,15.17241379310346,8.346774193548384
mtcnn/intra-sim/Andre_Agassi_/15.png,intra-sim/Andre_Agassi_,6.340191745909909,-37.36672051696278,17.999999999999943
mtcnn/intra-sim/Andre_Agassi_/16.png,intra-sim/Andre_Agassi_,-4.899092453787765,-15.988323603002442,1.142643764002969
mtcnn/intra-sim/Andre_Agassi_/13.png,intra-sim/Andre_Agassi_,0.0,-37.89473684210526,-6.92307692307692
mtcnn/intra-sim/Andre_Agassi_/1.png,intra-sim/Andre_Agassi_,-3.179830119864234,-15.372894947874926,16.28930817610059
mtcnn/intra-sim/Andre_Agassi_/7.png,intra-sim/Andre_Agassi_,-2.726310993906266,15.895249695493291,4.767567567567468
mtcnn/intra-sim/Andre_Agassi_/9.png,intra-sim/Andre_Agassi_,0.0,-45.58441558441559,-11.538461538461531
mtcnn/intra-sim/Andre_Agassi_/18.png,intra-sim/Andre_Agassi_,0.0,-5.142857142857139,-6.0
mtcnn/intra-sim/Andre_Agassi_/17.png,intra-sim/Andre_Agassi_,-1.5074357587749678,-8.866666666666646,-0.2124789207419297
mtcnn/intra-sim/Andre_Agassi_/10.png,intra-sim/Andre_Agassi_,-7.125016348901798,-9.25801011804394,4.188998589562715
mtcnn/intra-sim/Andre_Agassi_/20.png,intra-sim/Andre_Agassi_,10.713123022791038,1.023853211009197,-26.06960081883316
mtcnn/intra-sim/Andre_Agassi_/14.png,intra-sim/Andre_Agassi_,-4.513988458001262,19.95954394998158,-10.573228346456688
mtcnn/intra-sim/Andre_Agassi_/11.png,intra-sim/Andre_Agassi_,1.245364266768347,7.201907790142997,22.35908141962416
mtcnn/intra-sim/Andre_Agassi_/12.png,intra-sim/Andre_Agassi_,0.0,17.088607594936704,-16.66666666666667
mtcnn/intra-sim/Andre_Agassi_/2.png,intra-sim/Andre_Agassi_,4.085616779974877,26.240601503759436,-2.9323308270676307
mtcnn/intra-sim/Andre_Agassi_/19.png,intra-sim/Andre_Agassi_,1.548157698977968,-20.451248992747892,-9.085714285714303
mtcnn/intra-sim/Andre_Agassi_/8.png,intra-sim/Andre_Agassi_,1.5074357587749678,5.9654178674351215,-6.8912257640487695
mtcnn/intra-sim/Andre_Agassi_/4.png,intra-sim/Andre_Agassi_,0.0,-9.692307692307692,-17.02702702702703
mtcnn/intra-sim/Andre_Agassi_/5.png,intra-sim/Andre_Agassi_,-15.124007308310569,-6.32258064516121,-13.87936943111724
mtcnn/intra-sim/Andre_Agassi_/6.png,intra-sim/Andre_Agassi_,4.573921259900861,-61.54691462383771,15.981308411214954
mtcnn/intra-sim/Recep_Tayyip_Erdogan_/3.png,intra-sim/Recep_Tayyip_Erdogan_,0.0,-26.883116883116884,0.9278350515463956
mtcnn/intra-sim/Recep_Tayyip_Erdogan_/15.png,intra-sim/Recep_Tayyip_Erdogan_,-10.00797980144134,59.86784140969161,-0.3944896681277612
mtcnn/intra-sim/Recep_Tayyip_Erdogan_/16.png,intra-sim/Recep_Tayyip_Erdogan_,3.179830119864234,49.530201342281885,5.827338129496354
mtcnn/intra-sim/Recep_Tayyip_Erdogan_/13.png,intra-sim/Recep_Tayyip_Erdogan_,-2.1210963966614536,-62.13068181818174,-1.716101694915153
mtcnn/intra-sim/Recep_Tayyip_Erdogan_/1.png,intra-sim/Recep_Tayyip_Erdogan_,5.572197803963796,-23.19761979329769,-9.585345072422657
mtcnn/intra-sim/Recep_Tayyip_Erdogan_/7.png,intra-sim/Recep_Tayyip_Erdogan_,-6.519801751656986,-62.6443768996961,1.8987341772152175
mtcnn/intra-sim/Recep_Tayyip_Erdogan_/9.png,intra-sim/Recep_Tayyip_Erdogan_,-4.085616779974877,-9.907493061979691,20.19546520719311
mtcnn/intra-sim/Recep_Tayyip_Erdogan_/18.png,intra-sim/Recep_Tayyip_Erdogan_,2.6630007660671433,-38.69080779944288,15.703067484662682
mtcnn/intra-sim/Recep_Tayyip_Erdogan_/17.png,intra-sim/Recep_Tayyip_Erdogan_,-9.688786560366804,-12.723431914202123,-15.493140046595895
mtcnn/intra-sim/Recep_Tayyip_Erdogan_/10.png,intra-sim/Recep_Tayyip_Erdogan_,1.363927531602919,-12.55948553054671,-13.45576823590271
mtcnn/intra-sim/Recep_Tayyip_Erdogan_/20.png,intra-sim/Recep_Tayyip_Erdogan_,-16.69924423399362,6.176470588235304,-22.275249722530475
mtcnn/intra-sim/Recep_Tayyip_Erdogan_/14.png,intra-sim/Recep_Tayyip_Erdogan_,0.0,-2.368421052631575,-22.771084337349393
mtcnn/intra-sim/Recep_Tayyip_Erdogan_/11.png,intra-sim/Recep_Tayyip_Erdogan_,7.69605172201657,-4.617205998421511,13.38842975206613
mtcnn/intra-sim/Recep_Tayyip_Erdogan_/12.png,intra-sim/Recep_Tayyip_Erdogan_,0.0,25.890410958904113,18.79120879120879
mtcnn/intra-sim/Recep_Tayyip_Erdogan_/2.png,intra-sim/Recep_Tayyip_Erdogan_,0.0,-6.58536585365853,11.25
mtcnn/intra-sim/Recep_Tayyip_Erdogan_/19.png,intra-sim/Recep_Tayyip_Erdogan_,-3.99091309842978,4.728898826159906,10.62243100411034
mtcnn/intra-sim/Recep_Tayyip_Erdogan_/8.png,intra-sim/Recep_Tayyip_Erdogan_,-2.6025622024998065,12.646254784034994,-13.984413054067176
mtcnn/intra-sim/Recep_Tayyip_Erdogan_/4.png,intra-sim/Recep_Tayyip_Erdogan_,0.0,-3.802816901408448,-11.12359550561797
mtcnn/intra-sim/Recep_Tayyip_Erdogan_/5.png,intra-sim/Recep_Tayyip_Erdogan_,0.0,-20.40000000000001,25.280898876404493
mtcnn/intra-sim/Recep_Tayyip_Erdogan_/6.png,intra-sim/Recep_Tayyip_Erdogan_,-8.530765609948133,0.5084745762712686,-3.4263959390863192
mtcnn/intra-sim/Tony_Blair_/3.png,intra-sim/Tony_Blair_,-1.3322198538696388,-40.71182548794486,-15.698209718670055
mtcnn/intra-sim/Tony_Blair_/15.png,intra-sim/Tony_Blair_,-5.572197803963796,-8.614244279729377,22.953854655982312
mtcnn/intra-sim/Tony_Blair_/16.png,intra-sim/Tony_Blair_,1.5911402711945877,-8.133669609079476,1.3989637305699745
mtcnn/intra-sim/Tony_Blair_/13.png,intra-sim/Tony_Blair_,3.01278750418334,15.49889135254989,-15.33903481979226
mtcnn/intra-sim/Tony_Blair_/1.png,intra-sim/Tony_Blair_,-5.572197803963796,-4.123839009287877,-4.440789473684305
mtcnn/intra-sim/Tony_Blair_/7.png,intra-sim/Tony_Blair_,0.0,-14.776119402985074,6.58536585365853
mtcnn/intra-sim/Tony_Blair_/9.png,intra-sim/Tony_Blair_,-7.305759533310824,-13.937007874015734,-9.731285988483634
mtcnn/intra-sim/Tony_Blair_/18.png,intra-sim/Tony_Blair_,-1.363927531602919,-24.49806949806947,5.173439048562955
mtcnn/intra-sim/Tony_Blair_/17.png,intra-sim/Tony_Blair_,-5.31454566994475,-13.44995931651755,-3.1797235023042276
mtcnn/intra-sim/Tony_Blair_/10.png,intra-sim/Tony_Blair_,-4.763641690726177,52.960893854748605,6.525484565685559
mtcnn/intra-sim/Tony_Blair_/20.png,intra-sim/Tony_Blair_,2.6630007660671433,16.457293806868122,-11.303370786516908
mtcnn/intra-sim/Tony_Blair_/14.png,intra-sim/Tony_Blair_,-2.726310993906266,2.1951219512195053,2.0930232558139465
mtcnn/intra-sim/Tony_Blair_/11.png,intra-sim/Tony_Blair_,-17.52556837372287,38.588791357191155,35.139043381535004
mtcnn/intra-sim/Tony_Blair_/12.png,intra-sim/Tony_Blair_,-3.90049374238189,36.89019279128251,-2.5355064027938994
mtcnn/intra-sim/Tony_Blair_/2.png,intra-sim/Tony_Blair_,-1.5074357587749678,-15.962509012256676,-2.507042253521064
mtcnn/intra-sim/Tony_Blair_/19.png,intra-sim/Tony_Blair_,2.8624052261117474,-22.560646900269433,-12.44084682440861
mtcnn/intra-sim/Tony_Blair_/8.png,intra-sim/Tony_Blair_,6.952957468173915,-14.77439999999983,5.272448196469696
mtcnn/intra-sim/Tony_Blair_/4.png,intra-sim/Tony_Blair_,-3.99091309842978,3.0070339976552845,4.902723735408472
mtcnn/intra-sim/Tony_Blair_/5.png,intra-sim/Tony_Blair_,-2.5448043798130957,51.57762096774195,-8.418367346938766
mtcnn/intra-sim/Tony_Blair_/6.png,intra-sim/Tony_Blair_,-6.340191745909909,55.85690515806979,9.702602230483263
mtcnn/intra-sim/Lleyton_Hewitt_/3.png,intra-sim/Lleyton_Hewitt_,-1.2730300200567113,-23.06859205776182,19.29250263991557
mtcnn/intra-sim/Lleyton_Hewitt_/15.png,intra-sim/Lleyton_Hewitt_,4.1849161251184155,-46.82208588957061,-1.8459229614808237
mtcnn/intra-sim/Lleyton_Hewitt_/16.png,intra-sim/Lleyton_Hewitt_,2.935673446421173,2.77980737296582,-12.998171846435014
mtcnn/intra-sim/Lleyton_Hewitt_/13.png,intra-sim/Lleyton_Hewitt_,1.4320961841646465,-5.039133052378034,14.441919909116775
mtcnn/intra-sim/Lleyton_Hewitt_/1.png,intra-sim/Lleyton_Hewitt_,4.085616779974877,-16.305506216696216,19.360465116279087
mtcnn/intra-sim/Lleyton_Hewitt_/7.png,intra-sim/Lleyton_Hewitt_,-5.440332031005506,-23.974280465401225,14.683301343570022
mtcnn/intra-sim/Lleyton_Hewitt_/9.png,intra-sim/Lleyton_Hewitt_,1.548157698977968,-15.127216653816504,9.130434782608605
mtcnn/intra-sim/Lleyton_Hewitt_/18.png,intra-sim/Lleyton_Hewitt_,3.99091309842978,-34.77777777777783,25.113484646194948
mtcnn/intra-sim/Lleyton_Hewitt_/17.png,intra-sim/Lleyton_Hewitt_,1.3971810272963767,21.038283062644993,-14.808864265928108
mtcnn/intra-sim/Lleyton_Hewitt_/10.png,intra-sim/Lleyton_Hewitt_,3.01278750418334,-14.43778110944524,15.312117503059966
mtcnn/intra-sim/Lleyton_Hewitt_/20.png,intra-sim/Lleyton_Hewitt_,-5.856013585428958,-22.052161976664408,1.130969003071769
mtcnn/intra-sim/Lleyton_Hewitt_/14.png,intra-sim/Lleyton_Hewitt_,5.710593137499643,30.22813688212932,-17.839643652561207
mtcnn/intra-sim/Lleyton_Hewitt_/11.png,intra-sim/Lleyton_Hewitt_,4.289153328819018,-10.974212034383882,-21.448598130841148
mtcnn/intra-sim/Lleyton_Hewitt_/12.png,intra-sim/Lleyton_Hewitt_,4.1849161251184155,-4.8593598448109105,44.424962852897494
mtcnn/intra-sim/Lleyton_Hewitt_/2.png,intra-sim/Lleyton_Hewitt_,-6.78897457443879,15.38804638715436,12.201464276697862
mtcnn/intra-sim/Lleyton_Hewitt_/19.png,intra-sim/Lleyton_Hewitt_,-5.572197803963796,-8.888162197514745,12.222222222222117
mtcnn/intra-sim/Lleyton_Hewitt_/8.png,intra-sim/Lleyton_Hewitt_,0.0,-1.084337349397586,1.8367346938775455
mtcnn/intra-sim/Lleyton_Hewitt_/4.png,intra-sim/Lleyton_Hewitt_,3.01278750418334,0.4656319290464665,26.03740502630029
mtcnn/intra-sim/Lleyton_Hewitt_/5.png,intra-sim/Lleyton_Hewitt_,4.085616779974877,22.5,23.116210214655865
mtcnn/intra-sim/Lleyton_Hewitt_/6.png,intra-sim/Lleyton_Hewitt_,0.0,-3.802816901408448,5.294117647058826
mtcnn/intra-sim/Rudolph_Giuliani_/3.png,intra-sim/Rudolph_Giuliani_,-2.8624052261117474,-19.268617021276583,-19.692396982008233
mtcnn/intra-sim/Rudolph_Giuliani_/15.png,intra-sim/Rudolph_Giuliani_,-5.31454566994475,18.33037300177618,1.441441441441512
mtcnn/intra-sim/Rudolph_Giuliani_/16.png,intra-sim/Rudolph_Giuliani_,-6.952957468173915,3.5846761933718057,-19.78110944527745
mtcnn/intra-sim/Rudolph_Giuliani_/13.png,intra-sim/Rudolph_Giuliani_,-1.6365770416167182,-18.2688927943761,7.36248236953449
mtcnn/intra-sim/Rudolph_Giuliani_/1.png,intra-sim/Rudolph_Giuliani_,3.99091309842978,-29.30626512503354,-32.90125254879117
mtcnn/intra-sim/Rudolph_Giuliani_/7.png,intra-sim/Rudolph_Giuliani_,1.4688007143858246,-22.67221297836936,-17.870036101082974
mtcnn/intra-sim/Rudolph_Giuliani_/9.png,intra-sim/Rudolph_Giuliani_,4.1849161251184155,0.866728797763443,-18.914798206278135
mtcnn/intra-sim/Rudolph_Giuliani_/18.png,intra-sim/Rudolph_Giuliani_,-10.784297867562598,6.125076640098115,-10.404624277456591
mtcnn/intra-sim/Rudolph_Giuliani_/17.png,intra-sim/Rudolph_Giuliani_,-5.710593137499643,27.44505494505492,20.309734513274503
mtcnn/intra-sim/Rudolph_Giuliani_/10.png,intra-sim/Rudolph_Giuliani_,-9.462322208025617,63.31395348837216,5.163934426229503
mtcnn/intra-sim/Rudolph_Giuliani_/14.png,intra-sim/Rudolph_Giuliani_,-8.972626614896393,19.065420560747683,0.2163461538461462
mtcnn/intra-sim/Rudolph_Giuliani_/11.png,intra-sim/Rudolph_Giuliani_,-10.784297867562598,-0.6737967914438485,-33.66748166259165
mtcnn/intra-sim/Rudolph_Giuliani_/12.png,intra-sim/Rudolph_Giuliani_,0.0,-22.5,10.0
mtcnn/intra-sim/Rudolph_Giuliani_/2.png,intra-sim/Rudolph_Giuliani_,-3.814074834290355,1.6953316953317596,-7.251184834123165
mtcnn/intra-sim/Rudolph_Giuliani_/19.png,intra-sim/Rudolph_Giuliani_,-4.513988458001262,-26.32174931667312,7.668161434977648
mtcnn/intra-sim/Rudolph_Giuliani_/8.png,intra-sim/Rudolph_Giuliani_,0.0,15.714285714285708,15.36585365853658
mtcnn/intra-sim/Rudolph_Giuliani_/4.png,intra-sim/Rudolph_Giuliani_,0.0,-16.229508196721312,-18.94736842105263
mtcnn/intra-sim/Rudolph_Giuliani_/5.png,intra-sim/Rudolph_Giuliani_,11.888658039627972,-12.818991097922904,-8.015783540022525
mtcnn/intra-sim/Rudolph_Giuliani_/6.png,intra-sim/Rudolph_Giuliani_,-5.440332031005506,20.227670753064885,-12.885462555066184
mtcnn/intra-sim/Ariel_Sharon_/3.png,intra-sim/Ariel_Sharon_,13.240519915187203,7.027281279397883,-10.896321070234151
mtcnn/intra-sim/Ariel_Sharon_/15.png,intra-sim/Ariel_Sharon_,-8.841814560191672,7.77333999001506,-41.314285714285745
mtcnn/intra-sim/Ariel_Sharon_/16.png,intra-sim/Ariel_Sharon_,-3.652222780306336,8.66334164588531,-15.5590800951626
mtcnn/intra-sim/Ariel_Sharon_/13.png,intra-sim/Ariel_Sharon_,10.43747535111818,-1.193471608296548,-12.310910846475709
mtcnn/intra-sim/Ariel_Sharon_/1.png,intra-sim/Ariel_Sharon_,14.420773127510984,-13.050564145424104,-23.35808302396217
mtcnn/intra-sim/Ariel_Sharon_/7.png,intra-sim/Ariel_Sharon_,-4.763641690726177,-12.72611464968172,2.610096670246918
mtcnn/intra-sim/Ariel_Sharon_/9.png,intra-sim/Ariel_Sharon_,0.0,-19.367088607594937,-16.813186813186817
mtcnn/intra-sim/Ariel_Sharon_/18.png,intra-sim/Ariel_Sharon_,9.03948280335512,-21.48006553795733,-13.946580704582118
mtcnn/intra-sim/Ariel_Sharon_/17.png,intra-sim/Ariel_Sharon_,-2.6025622024998065,31.87389510901589,-4.760516451478566
mtcnn/intra-sim/Ariel_Sharon_/10.png,intra-sim/Ariel_Sharon_,-9.090276920822324,61.056910569105696,14.909310761789598
mtcnn/intra-sim/Ariel_Sharon_/20.png,intra-sim/Ariel_Sharon_,-1.2730300200567113,5.996709624348739,-15.47085201793726
mtcnn/intra-sim/Ariel_Sharon_/14.png,intra-sim/Ariel_Sharon_,15.018360631150667,9.608177172061332,-21.910480349344937
mtcnn/intra-sim/Ariel_Sharon_/11.png,intra-sim/Ariel_Sharon_,4.1849161251184155,37.50245499181669,-14.17021276595753
mtcnn/intra-sim/Ariel_Sharon_/12.png,intra-sim/Ariel_Sharon_,-2.726310993906266,39.68331303288667,-7.374301675977662
mtcnn/intra-sim/Ariel_Sharon_/2.png,intra-sim/Ariel_Sharon_,-2.6630007660671433,10.832579185520387,-5.1184834123223055
mtcnn/intra-sim/Ariel_Sharon_/19.png,intra-sim/Ariel_Sharon_,0.0,31.690140845070417,-7.826086956521735
mtcnn/intra-sim/Ariel_Sharon_/8.png,intra-sim/Ariel_Sharon_,16.144338780283483,-54.84507042253523,-13.14733542319746
mtcnn/intra-sim/Ariel_Sharon_/4.png,intra-sim/Ariel_Sharon_,12.200468727380786,28.40933191940617,-9.750933997509335
mtcnn/intra-sim/Ariel_Sharon_/5.png,intra-sim/Ariel_Sharon_,-1.3322198538696388,30.69767441860472,-23.78509196515
mtcnn/intra-sim/Ariel_Sharon_/6.png,intra-sim/Ariel_Sharon_,14.381394591090602,17.83734939759036,-27.439024390243873
mtcnn/intra-sim/Carlos_Menem_/3.png,intra-sim/Carlos_Menem_,-5.194428907734806,32.20735785953178,21.49381541389147
mtcnn/intra-sim/Carlos_Menem_/15.png,intra-sim/Carlos_Menem_,-1.193489423982035,15.814314203412366,-23.870967741935473
mtcnn/intra-sim/Carlos_Menem_/16.png,intra-sim/Carlos_Menem_,-4.289153328819018,3.1549815498154743,2.627090849458952
mtcnn/intra-sim/Carlos_Menem_/13.png,intra-sim/Carlos_Menem_,5.079607860014571,11.428571428571402,-11.566863905325476
mtcnn/intra-sim/Carlos_Menem_/1.png,intra-sim/Carlos_Menem_,1.3971810272963767,-18.540901502504184,-1.668973152504833
mtcnn/intra-sim/Carlos_Menem_/7.png,intra-sim/Carlos_Menem_,-3.094058058917111,-2.357784431137688,-2.710424710424718
mtcnn/intra-sim/Carlos_Menem_/9.png,intra-sim/Carlos_Menem_,-8.530765609948133,25.284653465346523,5.863717872085957
mtcnn/intra-sim/Carlos_Menem_/18.png,intra-sim/Carlos_Menem_,-2.6630007660671433,-4.099324125771375,12.984607357161464
mtcnn/intra-sim/Carlos_Menem_/17.png,intra-sim/Carlos_Menem_,-7.305759533310824,-42.03684749232353,-12.479338842975167
mtcnn/intra-sim/Carlos_Menem_/10.png,intra-sim/Carlos_Menem_,0.0,0.0,-18.0
mtcnn/intra-sim/Carlos_Menem_/20.png,intra-sim/Carlos_Menem_,-1.5074357587749678,-34.79744136460548,24.28571428571435
mtcnn/intra-sim/Carlos_Menem_/14.png,intra-sim/Carlos_Menem_,0.0,-7.241379310344826,-22.771084337349393
mtcnn/intra-sim/Carlos_Menem_/11.png,intra-sim/Carlos_Menem_,-9.688786560366804,11.759858740435575,2.7786499215069114
mtcnn/intra-sim/Carlos_Menem_/12.png,intra-sim/Carlos_Menem_,1.5074357587749678,-20.01095290251925,-0.6424399740428726
mtcnn/intra-sim/Carlos_Menem_/2.png,intra-sim/Carlos_Menem_,1.4688007143858246,6.9464105156724685,-5.450436878577747
mtcnn/intra-sim/Carlos_Menem_/19.png,intra-sim/Carlos_Menem_,2.7927023657132835,11.29011345218791,8.614671393509724
mtcnn/intra-sim/Carlos_Menem_/8.png,intra-sim/Carlos_Menem_,0.0,-2.7272727272727337,-7.142857142857139
mtcnn/intra-sim/Carlos_Menem_/4.png,intra-sim/Carlos_Menem_,-5.440332031005506,46.81260945709275,10.529801324503424
mtcnn/intra-sim/Carlos_Menem_/5.png,intra-sim/Carlos_Menem_,-7.305759533310824,1.982942430703659,11.892857142857151
mtcnn/intra-sim/Carlos_Menem_/6.png,intra-sim/Carlos_Menem_,-1.2730300200567113,20.559330893883853,-17.595884003741787
mtcnn/intra-sim/Serena_Williams_/3.png,intra-sim/Serena_Williams_,6.632514615138463,-0.2918918918917939,-11.903707802988436
mtcnn/intra-sim/Serena_Williams_/15.png,intra-sim/Serena_Williams_,-7.765166018425334,0.0484131253362107,6.373477672530441
mtcnn/intra-sim/Serena_Williams_/16.png,intra-sim/Serena_Williams_,2.7927023657132835,-24.157303370786508,22.321183885996263
mtcnn/intra-sim/Serena_Williams_/13.png,intra-sim/Serena_Williams_,-9.462322208025617,29.383983572895275,18.88888888888887
mtcnn/intra-sim/Serena_Williams_/1.png,intra-sim/Serena_Williams_,-6.4830736928972374,-23.70074812967573,-2.9605263157894655
mtcnn/intra-sim/Serena_Williams_/7.png,intra-sim/Serena_Williams_,-4.289153328819018,20.307390451275396,11.04921579232014
mtcnn/intra-sim/Serena_Williams_/9.png,intra-sim/Serena_Williams_,0.0,-3.5064935064935128,9.574468085106387
mtcnn/intra-sim/Serena_Williams_/18.png,intra-sim/Serena_Williams_,1.3019526725788753,7.075038284839167,-0.1745635910225047
mtcnn/intra-sim/Serena_Williams_/17.png,intra-sim/Serena_Williams_,1.2188752351312977,6.690042075736358,-11.02899906454634
mtcnn/intra-sim/Serena_Williams_/10.png,intra-sim/Serena_Williams_,1.245364266768347,-16.65870551707654,7.450549450549445
mtcnn/intra-sim/Serena_Williams_/14.png,intra-sim/Serena_Williams_,3.814074834290355,-3.750000000000014,6.103896103896048
mtcnn/intra-sim/Serena_Williams_/11.png,intra-sim/Serena_Williams_,-9.926245506651703,-7.578051087984932,22.479414455626696
mtcnn/intra-sim/Serena_Williams_/12.png,intra-sim/Serena_Williams_,-1.2188752351312977,-0.0997119432750821,5.418908531898538
mtcnn/intra-sim/Serena_Williams_/2.png,intra-sim/Serena_Williams_,1.4320961841646465,-30.871033085752806,23.61362426822768
mtcnn/intra-sim/Serena_Williams_/19.png,intra-sim/Serena_Williams_,0.0,7.590361445783131,7.590361445783131
mtcnn/intra-sim/Serena_Williams_/8.png,intra-sim/Serena_Williams_,12.2647737278924,8.883430102724404,9.765871229175984
mtcnn/intra-sim/Serena_Williams_/4.png,intra-sim/Serena_Williams_,4.969740728110304,16.21013133208254,7.022587268993931
mtcnn/intra-sim/Serena_Williams_/5.png,intra-sim/Serena_Williams_,2.726310993906266,21.70174383644013,1.0900473933647987
mtcnn/intra-sim/Serena_Williams_/6.png,intra-sim/Serena_Williams_,-2.436648246810131,10.272643253234731,-11.301939058171811
mtcnn/intra-sim/Alvaro_Uribe_/3.png,intra-sim/Alvaro_Uribe_,-7.907162702958458,32.051282051282115,8.640226628895164
mtcnn/intra-sim/Alvaro_Uribe_/15.png,intra-sim/Alvaro_Uribe_,-3.01278750418334,-8.287560581583108,18.45622119815657
mtcnn/intra-sim/Alvaro_Uribe_/16.png,intra-sim/Alvaro_Uribe_,0.0,-38.13559322033898,-4.5
mtcnn/intra-sim/Alvaro_Uribe_/13.png,intra-sim/Alvaro_Uribe_,3.094058058917111,47.06814580031681,-8.325991189427384
mtcnn/intra-sim/Alvaro_Uribe_/1.png,intra-sim/Alvaro_Uribe_,3.179830119864234,-29.477848101265884,-20.31390134529154
mtcnn/intra-sim/Alvaro_Uribe_/7.png,intra-sim/Alvaro_Uribe_,-2.8624052261117474,-17.730673316708206,-5.3865336658354295
mtcnn/intra-sim/Alvaro_Uribe_/9.png,intra-sim/Alvaro_Uribe_,-11.592175410291071,24.975369458128142,-9.053556248229055
mtcnn/intra-sim/Alvaro_Uribe_/18.png,intra-sim/Alvaro_Uribe_,-4.513988458001262,22.227272727272705,-0.6674577276773164
mtcnn/intra-sim/Alvaro_Uribe_/17.png,intra-sim/Alvaro_Uribe_,-3.468229258917148,21.754385964912387,-19.25732637494997
mtcnn/intra-sim/Alvaro_Uribe_/10.png,intra-sim/Alvaro_Uribe_,-7.495857639729858,20.16181229773467,-0.9520846297448315
mtcnn/intra-sim/Alvaro_Uribe_/20.png,intra-sim/Alvaro_Uribe_,11.888658039627972,10.600150037509422,-15.920972644376818
mtcnn/intra-sim/Alvaro_Uribe_/14.png,intra-sim/Alvaro_Uribe_,0.0,-8.181818181818187,-13.40425531914893
mtcnn/intra-sim/Alvaro_Uribe_/11.png,intra-sim/Alvaro_Uribe_,5.31454566994475,34.51327433628322,-18.73760740251164
mtcnn/intra-sim/Alvaro_Uribe_/12.png,intra-sim/Alvaro_Uribe_,-4.1849161251184155,-6.2951133823059,-9.925904816187042
mtcnn/intra-sim/Alvaro_Uribe_/2.png,intra-sim/Alvaro_Uribe_,0.0,-2.7272727272727337,17.14285714285714
mtcnn/intra-sim/Alvaro_Uribe_/19.png,intra-sim/Alvaro_Uribe_,-4.398705354995532,-0.7300115874855067,-18.02896218825424
mtcnn/intra-sim/Alvaro_Uribe_/8.png,intra-sim/Alvaro_Uribe_,-1.548157698977968,-20.972222222222182,12.082810539523235
mtcnn/intra-sim/Alvaro_Uribe_/4.png,intra-sim/Alvaro_Uribe_,-8.74616226255521,5.407725321888449,-14.457527333894149
mtcnn/intra-sim/Alvaro_Uribe_/5.png,intra-sim/Alvaro_Uribe_,-1.363927531602919,8.115216030056231,-35.80031695721075
mtcnn/intra-sim/Alvaro_Uribe_/6.png,intra-sim/Alvaro_Uribe_,9.462322208025617,45.65217391304344,-5.779816513761418
mtcnn/intra-sim/Tom_Ridge_/3.png,intra-sim/Tom_Ridge_,0.0,-9.473684210526317,-3.9130434782608745
mtcnn/intra-sim/Tom_Ridge_/15.png,intra-sim/Tom_Ridge_,-7.594643368591445,51.48337595907924,18.509133765468576
mtcnn/intra-sim/Tom_Ridge_/16.png,intra-sim/Tom_Ridge_,10.175510843043206,11.269403242497477,-18.206833988509217
mtcnn/intra-sim/Tom_Ridge_/13.png,intra-sim/Tom_Ridge_,-2.6630007660671433,-16.09159347553326,26.018306636155614
mtcnn/intra-sim/Tom_Ridge_/1.png,intra-sim/Tom_Ridge_,6.632514615138463,-10.788990825688046,0.044182621502216
mtcnn/intra-sim/Tom_Ridge_/7.png,intra-sim/Tom_Ridge_,10.304846468766032,-20.989761092150133,5.252918287937746
mtcnn/intra-sim/Tom_Ridge_/9.png,intra-sim/Tom_Ridge_,-1.3019526725788753,-15.622538624659285,0.6962815073620021
mtcnn/intra-sim/Tom_Ridge_/18.png,intra-sim/Tom_Ridge_,2.8624052261117474,-8.483606557376959,2.3408965135584907
mtcnn/intra-sim/Tom_Ridge_/17.png,intra-sim/Tom_Ridge_,1.4688007143858246,32.38395841069443,-6.217658042144635
mtcnn/intra-sim/Tom_Ridge_/10.png,intra-sim/Tom_Ridge_,-7.125016348901798,-17.331081081081095,-25.73333333333342
mtcnn/intra-sim/Tom_Ridge_/20.png,intra-sim/Tom_Ridge_,10.175510843043206,4.306983339241398,-3.880463871543227
mtcnn/intra-sim/Tom_Ridge_/14.png,intra-sim/Tom_Ridge_,-5.31454566994475,10.173913043478263,26.662995594713564
mtcnn/intra-sim/Tom_Ridge_/11.png,intra-sim/Tom_Ridge_,-5.710593137499643,-18.281249999999915,-6.562499999999986
mtcnn/intra-sim/Tom_Ridge_/12.png,intra-sim/Tom_Ridge_,5.440332031005506,-14.038834951456325,16.70769230769227
mtcnn/intra-sim/Tom_Ridge_/2.png,intra-sim/Tom_Ridge_,-2.6630007660671433,33.671693735498835,1.4240506329113316
mtcnn/intra-sim/Tom_Ridge_/19.png,intra-sim/Tom_Ridge_,-4.969740728110304,29.13600000000001,27.680921052631614
mtcnn/intra-sim/Tom_Ridge_/8.png,intra-sim/Tom_Ridge_,-1.3322198538696388,17.413220645940257,4.166872988363437
mtcnn/intra-sim/Tom_Ridge_/4.png,intra-sim/Tom_Ridge_,1.3322198538696388,40.55840627829764,-11.298701298701332
mtcnn/intra-sim/Tom_Ridge_/5.png,intra-sim/Tom_Ridge_,-1.4320961841646465,20.821355236139624,4.423771174673675
mtcnn/intra-sim/Tom_Ridge_/6.png,intra-sim/Tom_Ridge_,2.6025622024998065,32.12790697674413,-2.7739726027397325
mtcnn/intra-sim/Jose_Maria_Aznar_/3.png,intra-sim/Jose_Maria_Aznar_,9.462322208025617,4.395886889460158,13.943661971830965
mtcnn/intra-sim/Jose_Maria_Aznar_/15.png,intra-sim/Jose_Maria_Aznar_,-1.363927531602919,-1.747025673137145,-22.56090958310776
mtcnn/intra-sim/Jose_Maria_Aznar_/16.png,intra-sim/Jose_Maria_Aznar_,-5.572197803963796,38.571428571428584,0.2202882784879705
mtcnn/intra-sim/Jose_Maria_Aznar_/13.png,intra-sim/Jose_Maria_Aznar_,-11.888658039627972,50.49743964886616,-8.143851508120633
mtcnn/intra-sim/Jose_Maria_Aznar_/1.png,intra-sim/Jose_Maria_Aznar_,-8.615648184164113,-60.68912710566623,-20.214411247803184
mtcnn/intra-sim/Jose_Maria_Aznar_/7.png,intra-sim/Jose_Maria_Aznar_,0.0,-9.473684210526317,-12.315789473684204
mtcnn/intra-sim/Jose_Maria_Aznar_/9.png,intra-sim/Jose_Maria_Aznar_,0.0,-66.52173913043478,1.058823529411768
mtcnn/intra-sim/Jose_Maria_Aznar_/18.png,intra-sim/Jose_Maria_Aznar_,-4.398705354995532,26.448979591836817,-15.145067698259185
mtcnn/intra-sim/Jose_Maria_Aznar_/17.png,intra-sim/Jose_Maria_Aznar_,-7.305759533310824,-8.759286775631509,-11.11430212521536
mtcnn/intra-sim/Jose_Maria_Aznar_/10.png,intra-sim/Jose_Maria_Aznar_,7.69605172201657,-29.430604982206383,-7.4929311969839745
mtcnn/intra-sim/Jose_Maria_Aznar_/20.png,intra-sim/Jose_Maria_Aznar_,7.305759533310824,19.272727272727337,-23.462635482030905
mtcnn/intra-sim/Jose_Maria_Aznar_/14.png,intra-sim/Jose_Maria_Aznar_,-9.688786560366804,-23.529599999999988,20.711714206591097
mtcnn/intra-sim/Jose_Maria_Aznar_/11.png,intra-sim/Jose_Maria_Aznar_,-5.31454566994475,-6.56509695290859,-15.50529355149186
mtcnn/intra-sim/Jose_Maria_Aznar_/12.png,intra-sim/Jose_Maria_Aznar_,5.856013585428958,-20.232052211747643,2.7630402384501025
mtcnn/intra-sim/Jose_Maria_Aznar_/2.png,intra-sim/Jose_Maria_Aznar_,4.398705354995532,-12.882011605415826,-4.8118811881187895
mtcnn/intra-sim/Jose_Maria_Aznar_/19.png,intra-sim/Jose_Maria_Aznar_,1.4320961841646465,-2.4358084663428627,2.3048094940662054
mtcnn/intra-sim/Jose_Maria_Aznar_/8.png,intra-sim/Jose_Maria_Aznar_,-9.926245506651703,20.068399452804343,7.111299915038117
mtcnn/intra-sim/Jose_Maria_Aznar_/4.png,intra-sim/Jose_Maria_Aznar_,-2.726310993906266,24.146341463414583,-7.287973167225815
mtcnn/intra-sim/Jose_Maria_Aznar_/5.png,intra-sim/Jose_Maria_Aznar_,-12.68038349181982,-25.099251545720705,-12.62021307227178
mtcnn/intra-sim/Jose_Maria_Aznar_/6.png,intra-sim/Jose_Maria_Aznar_,0.0,11.84210526315789,-22.20779220779221
mtcnn/intra-sim/Jennifer_Lopez_/3.png,intra-sim/Jennifer_Lopez_,-5.079607860014571,30.563023078873925,-28.663697104676977
mtcnn/intra-sim/Jennifer_Lopez_/15.png,intra-sim/Jennifer_Lopez_,0.0,6.279069767441854,-25.384615384615387
mtcnn/intra-sim/Jennifer_Lopez_/16.png,intra-sim/Jennifer_Lopez_,-12.094757077012105,3.8632750397456306,-19.22033898305079
mtcnn/intra-sim/Jennifer_Lopez_/13.png,intra-sim/Jennifer_Lopez_,3.99091309842978,-36.275880613068,-42.417302798982135
mtcnn/intra-sim/Jennifer_Lopez_/1.png,intra-sim/Jennifer_Lopez_,5.572197803963796,-18.495464497966907,12.104670793472067
mtcnn/intra-sim/Jennifer_Lopez_/7.png,intra-sim/Jennifer_Lopez_,-1.3322198538696388,0.4756871035940833,-21.96367763904657
mtcnn/intra-sim/Jennifer_Lopez_/9.png,intra-sim/Jennifer_Lopez_,2.489552921999156,-12.905660377358473,-29.38016528925612
mtcnn/intra-sim/Jennifer_Lopez_/18.png,intra-sim/Jennifer_Lopez_,5.710593137499643,11.616688396349332,-25.037593984962314
mtcnn/intra-sim/Jennifer_Lopez_/17.png,intra-sim/Jennifer_Lopez_,-1.245364266768347,-11.913086913086886,22.744508670520233
mtcnn/intra-sim/Jennifer_Lopez_/10.png,intra-sim/Jennifer_Lopez_,-2.5448043798130957,-15.278637770897788,-35.19594409427231
mtcnn/intra-sim/Jennifer_Lopez_/20.png,intra-sim/Jennifer_Lopez_,3.90049374238189,-3.4800713860798,-12.942008486562957
mtcnn/intra-sim/Jennifer_Lopez_/14.png,intra-sim/Jennifer_Lopez_,3.7313969991604465,-16.26657362177248,-29.421760081156528
mtcnn/intra-sim/Jennifer_Lopez_/11.png,intra-sim/Jennifer_Lopez_,-3.814074834290355,4.239382239382309,-33.36269015212171
mtcnn/intra-sim/Jennifer_Lopez_/12.png,intra-sim/Jennifer_Lopez_,-6.78897457443879,4.775311315647031,-14.4737580690429
mtcnn/intra-sim/Jennifer_Lopez_/2.png,intra-sim/Jennifer_Lopez_,1.3019526725788753,-29.302865995352477,-28.623853211009084
mtcnn/intra-sim/Jennifer_Lopez_/19.png,intra-sim/Jennifer_Lopez_,7.907162702958458,50.40653357531761,-7.57799396175777
mtcnn/intra-sim/Jennifer_Lopez_/8.png,intra-sim/Jennifer_Lopez_,2.8624052261117474,-10.08717310087171,-21.940298507462614
mtcnn/intra-sim/Jennifer_Lopez_/4.png,intra-sim/Jennifer_Lopez_,0.0,2.1951219512195053,-12.16216216216216
mtcnn/intra-sim/Jennifer_Lopez_/5.png,intra-sim/Jennifer_Lopez_,-4.085616779974877,19.88764044943825,-10.822784810126509
mtcnn/intra-sim/Jennifer_Lopez_/6.png,intra-sim/Jennifer_Lopez_,-1.3971810272963767,-8.936545240893139,-35.59950556242268
mtcnn/intra-sim/Jean_Chretien_/3.png,intra-sim/Jean_Chretien_,-11.560130794217766,-5.883777239709417,-16.807839603514324
mtcnn/intra-sim/Jean_Chretien_/15.png,intra-sim/Jean_Chretien_,-7.943471810590412,-68.09106830122599,-5.148225469728487
mtcnn/intra-sim/Jean_Chretien_/16.png,intra-sim/Jean_Chretien_,3.652222780306336,16.65254237288137,-20.194130925507892
mtcnn/intra-sim/Jean_Chretien_/13.png,intra-sim/Jean_Chretien_,8.972626614896393,25.441478439425083,-11.62478082992402
mtcnn/intra-sim/Jean_Chretien_/1.png,intra-sim/Jean_Chretien_,-9.688786560366804,6.131250000000037,4.6747352496218895
mtcnn/intra-sim/Jean_Chretien_/7.png,intra-sim/Jean_Chretien_,11.309932474020211,-16.222222222222214,-34.379562043795595
mtcnn/intra-sim/Jean_Chretien_/9.png,intra-sim/Jean_Chretien_,-5.710593137499643,-31.872455902306676,8.306188925081486
mtcnn/intra-sim/Jean_Chretien_/18.png,intra-sim/Jean_Chretien_,1.5911402711945877,-45.09611277231947,16.1105904404875
mtcnn/intra-sim/Jean_Chretien_/17.png,intra-sim/Jean_Chretien_,3.094058058917111,-5.127020785219372,0.2313624678662762
mtcnn/intra-sim/Jean_Chretien_/10.png,intra-sim/Jean_Chretien_,-5.710593137499643,26.711229946524085,0.1969365426695901
mtcnn/intra-sim/Jean_Chretien_/20.png,intra-sim/Jean_Chretien_,3.7313969991604465,-9.739301524840217,-23.342939481268004
mtcnn/intra-sim/Jean_Chretien_/14.png,intra-sim/Jean_Chretien_,0.0,4.736842105263165,-10.0
mtcnn/intra-sim/Jean_Chretien_/11.png,intra-sim/Jean_Chretien_,6.952957468173915,13.379138038725742,3.4351145038168056
mtcnn/intra-sim/Jean_Chretien_/12.png,intra-sim/Jean_Chretien_,-6.009005957494525,-7.622585438335804,-0.6650246305418648
mtcnn/intra-sim/Jean_Chretien_/2.png,intra-sim/Jean_Chretien_,-4.763641690726177,-10.662420382165692,9.044776119402885
mtcnn/intra-sim/Jean_Chretien_/19.png,intra-sim/Jean_Chretien_,3.094058058917111,-29.782870928830064,15.98236775818637
mtcnn/intra-sim/Jean_Chretien_/8.png,intra-sim/Jean_Chretien_,-6.952957468173915,0.5252918287937973,-20.8310094813162
mtcnn/intra-sim/Jean_Chretien_/4.png,intra-sim/Jean_Chretien_,7.275004957889255,-26.243372885634756,-22.247611134191928
mtcnn/intra-sim/Jean_Chretien_/5.png,intra-sim/Jean_Chretien_,-1.4688007143858246,27.246531483457986,7.303988995873425
mtcnn/intra-sim/Jean_Chretien_/6.png,intra-sim/Jean_Chretien_,3.01278750418334,-35.096525096525134,-10.160394818013572
mtcnn/intra-sim/Igor_Ivanov_/3.png,intra-sim/Igor_Ivanov_,-1.245364266768347,1.8423047763457137,9.836488812392332
mtcnn/intra-sim/Igor_Ivanov_/15.png,intra-sim/Igor_Ivanov_,-1.4320961841646465,5.073670723894949,-16.639534883720913
mtcnn/intra-sim/Igor_Ivanov_/16.png,intra-sim/Igor_Ivanov_,-3.468229258917148,-63.64785992217915,-1.7522123893806023
mtcnn/intra-sim/Igor_Ivanov_/13.png,intra-sim/Igor_Ivanov_,5.572197803963796,-17.3454545454546,9.208860759493705
mtcnn/intra-sim/Igor_Ivanov_/1.png,intra-sim/Igor_Ivanov_,0.0,5.294117647058826,-27.0
mtcnn/intra-sim/Igor_Ivanov_/7.png,intra-sim/Igor_Ivanov_,-2.935673446421173,-7.899101589495629,10.094955489614208
mtcnn/intra-sim/Igor_Ivanov_/9.png,intra-sim/Igor_Ivanov_,0.0,-74.48275862068965,-3.3333333333333286
mtcnn/intra-sim/Igor_Ivanov_/18.png,intra-sim/Igor_Ivanov_,2.5448043798130957,27.759740259740212,-14.39603960396036
mtcnn/intra-sim/Igor_Ivanov_/17.png,intra-sim/Igor_Ivanov_,-9.462322208025617,27.505197505197486,0.9608540925266738
mtcnn/intra-sim/Igor_Ivanov_/10.png,intra-sim/Igor_Ivanov_,-1.4320961841646465,16.371920350995595,22.098907418056385
mtcnn/intra-sim/Igor_Ivanov_/20.png,intra-sim/Igor_Ivanov_,-3.814074834290355,-28.293838862559284,-24.446130500758613
mtcnn/intra-sim/Igor_Ivanov_/14.png,intra-sim/Igor_Ivanov_,-8.74616226255521,-34.09691629955943,-13.97328881469123
mtcnn/intra-sim/Igor_Ivanov_/11.png,intra-sim/Igor_Ivanov_,5.440332031005506,-4.131513647642649,-14.094339622641428
mtcnn/intra-sim/Igor_Ivanov_/12.png,intra-sim/Igor_Ivanov_,-1.548157698977968,24.135876042908265,-8.598726114649622
mtcnn/intra-sim/Igor_Ivanov_/2.png,intra-sim/Igor_Ivanov_,-2.6025622024998065,-21.389676687464515,-20.75598086124397
mtcnn/intra-sim/Igor_Ivanov_/19.png,intra-sim/Igor_Ivanov_,6.632514615138463,-37.68111725341874,-0.1475755446240754
mtcnn/intra-sim/Igor_Ivanov_/8.png,intra-sim/Igor_Ivanov_,0.0,-50.869565217391305,1.0112359550561791
mtcnn/intra-sim/Igor_Ivanov_/4.png,intra-sim/Igor_Ivanov_,14.743562836470735,-78.2465150403522,-11.687721071248175
mtcnn/intra-sim/Igor_Ivanov_/5.png,intra-sim/Igor_Ivanov_,-1.363927531602919,8.650195842121136,-24.013814274750487
mtcnn/intra-sim/Igor_Ivanov_/6.png,intra-sim/Igor_Ivanov_,4.289153328819018,8.117433414043646,-40.909090909090786
mtcnn/intra-sim/Pete_Sampras_/3.png,intra-sim/Pete_Sampras_,-11.040940180323732,-8.643122676579992,7.054871220604781
mtcnn/intra-sim/Pete_Sampras_/15.png,intra-sim/Pete_Sampras_,-3.094058058917111,-3.9534883720930054,4.308833445718136
mtcnn/intra-sim/Pete_Sampras_/16.png,intra-sim/Pete_Sampras_,4.513988458001262,-35.25597269624576,26.851909344923868
mtcnn/intra-sim/Pete_Sampras_/13.png,intra-sim/Pete_Sampras_,5.572197803963796,13.196906219787266,-0.0702941942201533
mtcnn/intra-sim/Pete_Sampras_/1.png,intra-sim/Pete_Sampras_,5.079607860014571,31.5711693025667,8.353765323993017
mtcnn/intra-sim/Pete_Sampras_/7.png,intra-sim/Pete_Sampras_,-9.211026540816668,27.419588001445604,-8.675814751286367
mtcnn/intra-sim/Pete_Sampras_/9.png,intra-sim/Pete_Sampras_,10.43747535111818,-19.699570815450727,-3.5198728139905597
mtcnn/intra-sim/Pete_Sampras_/18.png,intra-sim/Pete_Sampras_,4.289153328819018,24.59067357512953,-4.236401673640174
mtcnn/intra-sim/Pete_Sampras_/17.png,intra-sim/Pete_Sampras_,-1.3971810272963767,5.004460303300547,-26.075285405738946
mtcnn/intra-sim/Pete_Sampras_/10.png,intra-sim/Pete_Sampras_,1.363927531602919,5.209003215434024,11.398176291793304
mtcnn/intra-sim/Pete_Sampras_/20.png,intra-sim/Pete_Sampras_,-7.907162702958458,38.13559322033893,-10.800000000000026
mtcnn/intra-sim/Pete_Sampras_/14.png,intra-sim/Pete_Sampras_,4.398705354995532,30.35294117647059,4.25454545454545
mtcnn/intra-sim/Pete_Sampras_/11.png,intra-sim/Pete_Sampras_,8.530765609948133,-1.5274949083502918,5.047619047618937
mtcnn/intra-sim/Pete_Sampras_/2.png,intra-sim/Pete_Sampras_,-1.2730300200567113,9.614457831325325,5.813845797638393
mtcnn/intra-sim/Pete_Sampras_/19.png,intra-sim/Pete_Sampras_,-4.289153328819018,16.97451274362824,20.72125984251971
mtcnn/intra-sim/Pete_Sampras_/8.png,intra-sim/Pete_Sampras_,8.530765609948133,31.69665809768631,-8.163716814159315
mtcnn/intra-sim/Pete_Sampras_/4.png,intra-sim/Pete_Sampras_,-1.4688007143858246,-6.287425149700525,17.353723404255348
mtcnn/intra-sim/Pete_Sampras_/5.png,intra-sim/Pete_Sampras_,6.78897457443879,-13.332413793103484,-13.952547856565204
mtcnn/intra-sim/Pete_Sampras_/6.png,intra-sim/Pete_Sampras_,-5.440332031005506,29.967032967032935,-6.805002842524132
mtcnn/intra-sim/Silvio_Berlusconi_/3.png,intra-sim/Silvio_Berlusconi_,-5.194428907734806,-34.77751756440289,7.5
mtcnn/intra-sim/Silvio_Berlusconi_/15.png,intra-sim/Silvio_Berlusconi_,4.635463426902642,-26.56942823803976,8.19750719079579
mtcnn/intra-sim/Silvio_Berlusconi_/13.png,intra-sim/Silvio_Berlusconi_,2.726310993906266,28.52034525277446,-11.294117647058926
mtcnn/intra-sim/Silvio_Berlusconi_/1.png,intra-sim/Silvio_Berlusconi_,7.125016348901798,-3.0307467057101007,-28.551724137931046
mtcnn/intra-sim/Silvio_Berlusconi_/7.png,intra-sim/Silvio_Berlusconi_,4.289153328819018,8.293097585855051,-3.606138107416896
mtcnn/intra-sim/Silvio_Berlusconi_/9.png,intra-sim/Silvio_Berlusconi_,-2.6630007660671433,-3.995989687768585,-31.621621621621657
mtcnn/intra-sim/Silvio_Berlusconi_/18.png,intra-sim/Silvio_Berlusconi_,-1.3971810272963767,14.881422924901145,-9.491255961844118
mtcnn/intra-sim/Silvio_Berlusconi_/10.png,intra-sim/Silvio_Berlusconi_,-2.5448043798130957,10.982643524699569,17.67749160134376
mtcnn/intra-sim/Silvio_Berlusconi_/20.png,intra-sim/Silvio_Berlusconi_,-5.710593137499643,2.5301204819277245,-0.8571428571429749
mtcnn/intra-sim/Silvio_Berlusconi_/14.png,intra-sim/Silvio_Berlusconi_,11.040940180323732,18.45070422535207,1.9293820933165051
mtcnn/intra-sim/Silvio_Berlusconi_/11.png,intra-sim/Silvio_Berlusconi_,-7.943471810590412,21.433713257348543,12.36275191104933
mtcnn/intra-sim/Silvio_Berlusconi_/12.png,intra-sim/Silvio_Berlusconi_,8.972626614896393,3.703971119133641,-0.4734073641146352
mtcnn/intra-sim/Silvio_Berlusconi_/2.png,intra-sim/Silvio_Berlusconi_,1.548157698977968,-32.77414075286418,-1.381215469613224
mtcnn/intra-sim/Silvio_Berlusconi_/19.png,intra-sim/Silvio_Berlusconi_,-7.495857639729858,2.011351543100361,-5.604173678895975
mtcnn/intra-sim/Silvio_Berlusconi_/4.png,intra-sim/Silvio_Berlusconi_,6.340191745909909,7.213316892725047,18.33527357392316
mtcnn/intra-sim/Silvio_Berlusconi_/5.png,intra-sim/Silvio_Berlusconi_,-7.305759533310824,-0.4605263157894086,-5.090497737556646
mtcnn/intra-sim/Silvio_Berlusconi_/6.png,intra-sim/Silvio_Berlusconi_,-9.211026540816668,-31.52315608919382,-32.76748582230623
mtcnn/intra-sim/Naomi_Watts_/3.png,intra-sim/Naomi_Watts_,5.572197803963796,-19.516794342958026,-20.493975903614427
mtcnn/intra-sim/Naomi_Watts_/15.png,intra-sim/Naomi_Watts_,-4.864514437760525,7.6121712222795,11.354784081287036
mtcnn/intra-sim/Naomi_Watts_/16.png,intra-sim/Naomi_Watts_,0.0,-36.48648648648648,-8.630136986301366
mtcnn/intra-sim/Naomi_Watts_/13.png,intra-sim/Naomi_Watts_,2.726310993906266,-12.663578459756891,-38.88045540796966
mtcnn/intra-sim/Naomi_Watts_/1.png,intra-sim/Naomi_Watts_,-1.6365770416167182,40.385114668974495,15.046535677352622
mtcnn/intra-sim/Naomi_Watts_/7.png,intra-sim/Naomi_Watts_,3.99091309842978,-23.992197659297887,-11.32282578103009
mtcnn/intra-sim/Naomi_Watts_/9.png,intra-sim/Naomi_Watts_,1.4320961841646465,13.600525624178688,-22.253349573690585
mtcnn/intra-sim/Naomi_Watts_/18.png,intra-sim/Naomi_Watts_,-4.085616779974877,-3.6180904522612423,-25.17426273458446
mtcnn/intra-sim/Naomi_Watts_/17.png,intra-sim/Naomi_Watts_,1.4320961841646465,-6.042815439506995,-7.81990521326999
mtcnn/intra-sim/Naomi_Watts_/10.png,intra-sim/Naomi_Watts_,-1.3019526725788753,20.710700132100357,9.780564263322889
mtcnn/intra-sim/Naomi_Watts_/20.png,intra-sim/Naomi_Watts_,-1.847610265994596,78.58350951374209,-8.090692124105104
mtcnn/intra-sim/Naomi_Watts_/14.png,intra-sim/Naomi_Watts_,5.710593137499643,-23.47342398022255,-33.52040816326525
mtcnn/intra-sim/Naomi_Watts_/11.png,intra-sim/Naomi_Watts_,-3.5763343749973515,-18.70538838348496,-8.069815195071826
mtcnn/intra-sim/Naomi_Watts_/12.png,intra-sim/Naomi_Watts_,1.6365770416167182,-49.61399276236432,-6.095049504950609
mtcnn/intra-sim/Naomi_Watts_/2.png,intra-sim/Naomi_Watts_,-2.726310993906266,2.666294019005022,-35.92504461629977
mtcnn/intra-sim/Naomi_Watts_/19.png,intra-sim/Naomi_Watts_,-9.462322208025617,23.703703703703766,-10.853432282003835
mtcnn/intra-sim/Naomi_Watts_/8.png,intra-sim/Naomi_Watts_,-1.3971810272963767,9.087779690189407,20.67013662979828
mtcnn/intra-sim/Naomi_Watts_/4.png,intra-sim/Naomi_Watts_,-1.363927531602919,21.416430594900888,0.4983388704319793
mtcnn/intra-sim/Naomi_Watts_/5.png,intra-sim/Naomi_Watts_,-3.01278750418334,-8.304576144036005,9.611650485436924
mtcnn/intra-sim/Naomi_Watts_/6.png,intra-sim/Naomi_Watts_,-4.1849161251184155,-32.79850746268654,6.497041420118194
mtcnn/intra-sim/Bill_Clinton_/3.png,intra-sim/Bill_Clinton_,-12.994616791916506,8.09523809523806,3.539748953974822
mtcnn/intra-sim/Bill_Clinton_/15.png,intra-sim/Bill_Clinton_,-1.245364266768347,-8.731682668014145,15.79556412729012
mtcnn/intra-sim/Bill_Clinton_/16.png,intra-sim/Bill_Clinton_,0.0,26.20253164556962,-0.9890109890109926
mtcnn/intra-sim/Bill_Clinton_/13.png,intra-sim/Bill_Clinton_,-1.4320961841646465,2.5156198618875436,-5.496607032695863
mtcnn/intra-sim/Bill_Clinton_/1.png,intra-sim/Bill_Clinton_,-5.042451069170913,14.58238247375634,-5.039999999999836
mtcnn/intra-sim/Bill_Clinton_/7.png,intra-sim/Bill_Clinton_,2.5448043798130957,-2.187004754358284,-0.8631578947369007
mtcnn/intra-sim/Bill_Clinton_/9.png,intra-sim/Bill_Clinton_,-2.935673446421173,14.231927710843436,26.341463414634138
mtcnn/intra-sim/Bill_Clinton_/18.png,intra-sim/Bill_Clinton_,-5.572197803963796,-62.13622291021681,-1.045576407506644
mtcnn/intra-sim/Bill_Clinton_/10.png,intra-sim/Bill_Clinton_,3.01278750418334,9.766933721777209,-3.987730061349709
mtcnn/intra-sim/Bill_Clinton_/20.png,intra-sim/Bill_Clinton_,-6.519801751656986,23.819973130317848,3.3844468784227786
mtcnn/intra-sim/Bill_Clinton_/14.png,intra-sim/Bill_Clinton_,0.0,-45.0,-4.545454545454547
mtcnn/intra-sim/Bill_Clinton_/11.png,intra-sim/Bill_Clinton_,8.74616226255521,-49.93485342019529,3.7261146496814774
mtcnn/intra-sim/Bill_Clinton_/12.png,intra-sim/Bill_Clinton_,2.726310993906266,-7.268408551068944,-10.132450331125824
mtcnn/intra-sim/Bill_Clinton_/2.png,intra-sim/Bill_Clinton_,0.0,-33.28767123287671,3.103448275862064
mtcnn/intra-sim/Bill_Clinton_/19.png,intra-sim/Bill_Clinton_,-11.888658039627972,14.688427299703337,4.558303886925813
mtcnn/intra-sim/Bill_Clinton_/8.png,intra-sim/Bill_Clinton_,-7.35237935989236,87.42584745762719,-1.4743813175320923
mtcnn/intra-sim/Bill_Clinton_/4.png,intra-sim/Bill_Clinton_,-5.527540151656172,70.70400000000001,10.434276851492982
mtcnn/intra-sim/Bill_Clinton_/5.png,intra-sim/Bill_Clinton_,4.398705354995532,-17.579617834395023,-0.9440559440559326
mtcnn/intra-sim/Bill_Clinton_/6.png,intra-sim/Bill_Clinton_,1.3322198538696388,55.7989540964555,-15.15746234596071
mtcnn/intra-sim/Vladimir_Putin_/3.png,intra-sim/Vladimir_Putin_,10.175510843043206,28.39603960396045,-29.76417742841098
mtcnn/intra-sim/Vladimir_Putin_/15.png,intra-sim/Vladimir_Putin_,3.99091309842978,21.76672384219563,-17.87003610108306
mtcnn/intra-sim/Vladimir_Putin_/16.png,intra-sim/Vladimir_Putin_,-2.726310993906266,6.96526508226691,-0.6760140210315626
mtcnn/intra-sim/Vladimir_Putin_/13.png,intra-sim/Vladimir_Putin_,1.4320961841646465,35.14792899408282,-11.703212646608904
mtcnn/intra-sim/Vladimir_Putin_/1.png,intra-sim/Vladimir_Putin_,12.011478386365445,10.786357176693556,-30.879969123890348
mtcnn/intra-sim/Vladimir_Putin_/7.png,intra-sim/Vladimir_Putin_,5.710593137499643,15.5421686746988,-31.41327623126328
mtcnn/intra-sim/Vladimir_Putin_/9.png,intra-sim/Vladimir_Putin_,2.935673446421173,11.798871556588196,-19.010175763182232
mtcnn/intra-sim/Vladimir_Putin_/18.png,intra-sim/Vladimir_Putin_,2.726310993906266,4.759615384615415,-16.30630630630627
mtcnn/intra-sim/Vladimir_Putin_/17.png,intra-sim/Vladimir_Putin_,3.094058058917111,-10.085903943771996,-14.901445466491596
mtcnn/intra-sim/Vladimir_Putin_/10.png,intra-sim/Vladimir_Putin_,-1.3971810272963767,5.174999999999983,-19.891657638136607
mtcnn/intra-sim/Vladimir_Putin_/20.png,intra-sim/Vladimir_Putin_,-2.935673446421173,5.410162736632387,-35.71246006389766
mtcnn/intra-sim/Vladimir_Putin_/14.png,intra-sim/Vladimir_Putin_,-6.78897457443879,17.582515611061552,-38.41197088163937
mtcnn/intra-sim/Vladimir_Putin_/11.png,intra-sim/Vladimir_Putin_,12.528807709151511,2.181818181818187,-40.99354838709677
mtcnn/intra-sim/Vladimir_Putin_/12.png,intra-sim/Vladimir_Putin_,0.0,17.532467532467535,-24.545454545454547
mtcnn/intra-sim/Vladimir_Putin_/2.png,intra-sim/Vladimir_Putin_,2.245742565895071,11.422858345611402,-24.012345679012384
mtcnn/intra-sim/Vladimir_Putin_/19.png,intra-sim/Vladimir_Putin_,3.01278750418334,-15.463695183321365,-32.146964856230106
mtcnn/intra-sim/Vladimir_Putin_/8.png,intra-sim/Vladimir_Putin_,3.094058058917111,-8.469347910972246,-29.653179190751537
mtcnn/intra-sim/Vladimir_Putin_/4.png,intra-sim/Vladimir_Putin_,6.981057406829795,32.10074542579625,-33.1726283048211
mtcnn/intra-sim/Vladimir_Putin_/5.png,intra-sim/Vladimir_Putin_,8.972626614896393,17.13984539704849,-37.395626242544736
mtcnn/intra-sim/Vladimir_Putin_/6.png,intra-sim/Vladimir_Putin_,1.5074357587749678,-7.202743902438968,-19.839416058394235
mtcnn/intra-sim/Luiz_Inacio_Lula_da_Silva_/3.png,intra-sim/Luiz_Inacio_Lula_da_Silva_,-1.2730300200567113,15.685915860987803,7.969303423848757
mtcnn/intra-sim/Luiz_Inacio_Lula_da_Silva_/15.png,intra-sim/Luiz_Inacio_Lula_da_Silva_,-2.7927023657132835,-31.819393535488103,16.77139761646812
mtcnn/intra-sim/Luiz_Inacio_Lula_da_Silva_/16.png,intra-sim/Luiz_Inacio_Lula_da_Silva_,1.3322198538696388,-30.21447721179618,-8.108310456700835
mtcnn/intra-sim/Luiz_Inacio_Lula_da_Silva_/13.png,intra-sim/Luiz_Inacio_Lula_da_Silva_,-11.003540851749504,54.28217821782172,9.494563620335
mtcnn/intra-sim/Luiz_Inacio_Lula_da_Silva_/1.png,intra-sim/Luiz_Inacio_Lula_da_Silva_,-6.1155035662854065,-67.2593582887701,-18.95974908520633
mtcnn/intra-sim/Luiz_Inacio_Lula_da_Silva_/7.png,intra-sim/Luiz_Inacio_Lula_da_Silva_,-7.305759533310824,-33.582089552238784,11.70814479638021
mtcnn/intra-sim/Luiz_Inacio_Lula_da_Silva_/9.png,intra-sim/Luiz_Inacio_Lula_da_Silva_,1.193489423982035,43.378106111484186,-7.521386268918604
mtcnn/intra-sim/Luiz_Inacio_Lula_da_Silva_/18.png,intra-sim/Luiz_Inacio_Lula_da_Silva_,2.6630007660671433,-5.604395604395663,-16.122233930453234
mtcnn/intra-sim/Luiz_Inacio_Lula_da_Silva_/17.png,intra-sim/Luiz_Inacio_Lula_da_Silva_,0.0,9.759036144578316,22.5
mtcnn/intra-sim/Luiz_Inacio_Lula_da_Silva_/10.png,intra-sim/Luiz_Inacio_Lula_da_Silva_,5.440332031005506,-31.945754716981146,16.7507886435331
mtcnn/intra-sim/Luiz_Inacio_Lula_da_Silva_/20.png,intra-sim/Luiz_Inacio_Lula_da_Silva_,-1.2730300200567113,14.261241970021416,-6.944302503832461
mtcnn/intra-sim/Luiz_Inacio_Lula_da_Silva_/14.png,intra-sim/Luiz_Inacio_Lula_da_Silva_,0.0,37.59493670886076,-21.724137931034477
mtcnn/intra-sim/Luiz_Inacio_Lula_da_Silva_/11.png,intra-sim/Luiz_Inacio_Lula_da_Silva_,-5.31454566994475,29.21688419883357,0.5558674901740801
mtcnn/intra-sim/Luiz_Inacio_Lula_da_Silva_/12.png,intra-sim/Luiz_Inacio_Lula_da_Silva_,-5.31454566994475,17.036619718309836,5.841584158415841
mtcnn/intra-sim/Luiz_Inacio_Lula_da_Silva_/2.png,intra-sim/Luiz_Inacio_Lula_da_Silva_,3.90049374238189,-16.864651773981578,-2.056583242655236
mtcnn/intra-sim/Luiz_Inacio_Lula_da_Silva_/19.png,intra-sim/Luiz_Inacio_Lula_da_Silva_,-1.548157698977968,10.222398729150273,10.924855491329566
mtcnn/intra-sim/Luiz_Inacio_Lula_da_Silva_/8.png,intra-sim/Luiz_Inacio_Lula_da_Silva_,-5.572197803963796,38.53260869565224,-2.7824620573355787
mtcnn/intra-sim/Luiz_Inacio_Lula_da_Silva_/4.png,intra-sim/Luiz_Inacio_Lula_da_Silva_,17.10272896905237,-9.667968749999972,-6.060606060606119
mtcnn/intra-sim/Luiz_Inacio_Lula_da_Silva_/5.png,intra-sim/Luiz_Inacio_Lula_da_Silva_,0.0,2.5714285714285694,-24.545454545454547
mtcnn/intra-sim/Luiz_Inacio_Lula_da_Silva_/6.png,intra-sim/Luiz_Inacio_Lula_da_Silva_,2.726310993906266,-52.05463182897851,-5.922330097087382
mtcnn/intra-sim/Ricardo_Lagos_/3.png,intra-sim/Ricardo_Lagos_,2.7927023657132835,3.973128598848362,-12.487817389074095
mtcnn/intra-sim/Ricardo_Lagos_/15.png,intra-sim/Ricardo_Lagos_,0.0,40.434782608695656,-1.0344827586206833
mtcnn/intra-sim/Ricardo_Lagos_/16.png,intra-sim/Ricardo_Lagos_,-15.780753309515388,3.485388453314286,-6.931054349913552
mtcnn/intra-sim/Ricardo_Lagos_/13.png,intra-sim/Ricardo_Lagos_,-14.036243467926475,25.268138801261827,-7.754569190600492
mtcnn/intra-sim/Ricardo_Lagos_/1.png,intra-sim/Ricardo_Lagos_,0.0,81.9402985074627,-22.941176470588232
mtcnn/intra-sim/Ricardo_Lagos_/7.png,intra-sim/Ricardo_Lagos_,-3.01278750418334,-42.03401842664776,-27.889630078835573
mtcnn/intra-sim/Ricardo_Lagos_/9.png,intra-sim/Ricardo_Lagos_,-11.309932474020211,1.0297482837528378,-4.47316103379714
mtcnn/intra-sim/Ricardo_Lagos_/18.png,intra-sim/Ricardo_Lagos_,-13.70696100407981,14.014209591474284,-27.169811320754725
mtcnn/intra-sim/Ricardo_Lagos_/17.png,intra-sim/Ricardo_Lagos_,-12.094757077012105,36.92913385826769,-0.1294964028775922
mtcnn/intra-sim/Ricardo_Lagos_/10.png,intra-sim/Ricardo_Lagos_,-3.99091309842978,22.849477548715072,-10.720935784196756
mtcnn/intra-sim/Ricardo_Lagos_/20.png,intra-sim/Ricardo_Lagos_,5.710593137499643,3.426395939086291,-10.353982300884994
mtcnn/intra-sim/Ricardo_Lagos_/11.png,intra-sim/Ricardo_Lagos_,1.3019526725788753,10.5352798053529,-6.312307013674442
mtcnn/intra-sim/Ricardo_Lagos_/12.png,intra-sim/Ricardo_Lagos_,5.194428907734806,6.0810810810811375,-5.51020408163275
mtcnn/intra-sim/Ricardo_Lagos_/2.png,intra-sim/Ricardo_Lagos_,-6.0724564072077,4.585987261146528,-3.3840644583705455
mtcnn/intra-sim/Ricardo_Lagos_/19.png,intra-sim/Ricardo_Lagos_,-2.726310993906266,-15.28517110266162,-5.325977933801354
mtcnn/intra-sim/Ricardo_Lagos_/8.png,intra-sim/Ricardo_Lagos_,-11.821488340607257,-21.791004578507938,-14.138101109741015
mtcnn/intra-sim/Ricardo_Lagos_/4.png,intra-sim/Ricardo_Lagos_,-5.572197803963796,-61.96860282574574,-0.1349325337331208
mtcnn/intra-sim/Ricardo_Lagos_/5.png,intra-sim/Ricardo_Lagos_,3.814074834290355,1.1943793911007674,-26.9426751592356
mtcnn/intra-sim/Ricardo_Lagos_/6.png,intra-sim/Ricardo_Lagos_,7.125016348901798,17.698744769874494,-3.978947368421018
mtcnn/intra-sim/Angelina_Jolie_/3.png,intra-sim/Angelina_Jolie_,4.1849161251184155,28.486759142496837,-8.697277095568722
mtcnn/intra-sim/Angelina_Jolie_/15.png,intra-sim/Angelina_Jolie_,-1.245364266768347,-0.3622216259726514,-30.658868465027467
mtcnn/intra-sim/Angelina_Jolie_/16.png,intra-sim/Angelina_Jolie_,-1.2730300200567113,-6.023326853651781,-29.46067415730346
mtcnn/intra-sim/Angelina_Jolie_/13.png,intra-sim/Angelina_Jolie_,3.814074834290355,-4.991596638655523,-19.232876712328803
mtcnn/intra-sim/Angelina_Jolie_/1.png,intra-sim/Angelina_Jolie_,1.4688007143858246,36.08568290003663,2.3063633746040324
mtcnn/intra-sim/Angelina_Jolie_/7.png,intra-sim/Angelina_Jolie_,-1.3322198538696388,16.60194174757281,19.675810473815332
mtcnn/intra-sim/Angelina_Jolie_/9.png,intra-sim/Angelina_Jolie_,-15.524110996754256,-54.000000000000036,-17.55494505494505
mtcnn/intra-sim/Angelina_Jolie_/18.png,intra-sim/Angelina_Jolie_,1.3971810272963767,-1.5379746835443768,-14.404332129963803
mtcnn/intra-sim/Angelina_Jolie_/17.png,intra-sim/Angelina_Jolie_,2.7927023657132835,10.019474196689444,-13.894648360885457
mtcnn/intra-sim/Angelina_Jolie_/10.png,intra-sim/Angelina_Jolie_,3.814074834290355,8.28054298642536,1.4932126696832455
mtcnn/intra-sim/Angelina_Jolie_/20.png,intra-sim/Angelina_Jolie_,-10.08059798754232,4.818897637795359,-2.041400572561173
mtcnn/intra-sim/Angelina_Jolie_/14.png,intra-sim/Angelina_Jolie_,-2.489552921999156,-29.501385041551195,-28.72340425531913
mtcnn/intra-sim/Angelina_Jolie_/11.png,intra-sim/Angelina_Jolie_,0.0,5.696202531645568,-38.57142857142857
mtcnn/intra-sim/Angelina_Jolie_/12.png,intra-sim/Angelina_Jolie_,12.200468727380786,-49.457079970652906,17.551622418878992
mtcnn/intra-sim/Angelina_Jolie_/2.png,intra-sim/Angelina_Jolie_,6.952957468173915,-4.190564292321952,20.655319148936144
mtcnn/intra-sim/Angelina_Jolie_/19.png,intra-sim/Angelina_Jolie_,-5.572197803963796,-28.743151788591696,-34.342453662841926
mtcnn/intra-sim/Angelina_Jolie_/8.png,intra-sim/Angelina_Jolie_,3.99091309842978,1.6235718580877574,-23.952000000000012
mtcnn/intra-sim/Angelina_Jolie_/4.png,intra-sim/Angelina_Jolie_,5.572197803963796,6.46284101599251,5.710275126333485
mtcnn/intra-sim/Angelina_Jolie_/5.png,intra-sim/Angelina_Jolie_,4.085616779974877,39.80609418282546,-13.299452697419897
mtcnn/intra-sim/Angelina_Jolie_/6.png,intra-sim/Angelina_Jolie_,-4.398705354995532,48.49017580144775,2.0894239036973374
mtcnn/intra-sim/Gloria_Macapagal_Arroyo_/3.png,intra-sim/Gloria_Macapagal_Arroyo_,1.4320961841646465,26.11567532040752,2.5925925925925952
mtcnn/intra-sim/Gloria_Macapagal_Arroyo_/15.png,intra-sim/Gloria_Macapagal_Arroyo_,1.363927531602919,-15.348441926345629,-16.174076393237257
mtcnn/intra-sim/Gloria_Macapagal_Arroyo_/16.png,intra-sim/Gloria_Macapagal_Arroyo_,12.200468727380786,33.93983859134269,-7.739703459637681
mtcnn/intra-sim/Gloria_Macapagal_Arroyo_/13.png,intra-sim/Gloria_Macapagal_Arroyo_,-6.4830736928972374,-10.610956829083564,-26.003505696757266
mtcnn/intra-sim/Gloria_Macapagal_Arroyo_/1.png,intra-sim/Gloria_Macapagal_Arroyo_,-1.3971810272963767,3.493830875714707,-6.65753424657531
mtcnn/intra-sim/Gloria_Macapagal_Arroyo_/7.png,intra-sim/Gloria_Macapagal_Arroyo_,-10.175510843043206,13.090909090909092,16.89265536723167
mtcnn/intra-sim/Gloria_Macapagal_Arroyo_/9.png,intra-sim/Gloria_Macapagal_Arroyo_,-6.340191745909909,-15.037406483790576,-12.454308093994811
mtcnn/intra-sim/Gloria_Macapagal_Arroyo_/18.png,intra-sim/Gloria_Macapagal_Arroyo_,-1.3322198538696388,-17.92586054721967,34.63104325699747
mtcnn/intra-sim/Gloria_Macapagal_Arroyo_/17.png,intra-sim/Gloria_Macapagal_Arroyo_,-3.90049374238189,-6.08486562942015,22.328618063112216
mtcnn/intra-sim/Gloria_Macapagal_Arroyo_/10.png,intra-sim/Gloria_Macapagal_Arroyo_,-10.43747535111818,15.392723563413824,-26.170670491215553
mtcnn/intra-sim/Gloria_Macapagal_Arroyo_/20.png,intra-sim/Gloria_Macapagal_Arroyo_,-8.325650330426836,-29.438709677419368,1.4706670238413864
mtcnn/intra-sim/Gloria_Macapagal_Arroyo_/14.png,intra-sim/Gloria_Macapagal_Arroyo_,-4.085616779974877,-5.214953271028037,-23.908629441624356
mtcnn/intra-sim/Gloria_Macapagal_Arroyo_/11.png,intra-sim/Gloria_Macapagal_Arroyo_,4.085616779974877,38.14404432132966,-5.269320843091293
mtcnn/intra-sim/Gloria_Macapagal_Arroyo_/12.png,intra-sim/Gloria_Macapagal_Arroyo_,1.363927531602919,4.722391702257525,4.086378737541608
mtcnn/intra-sim/Gloria_Macapagal_Arroyo_/2.png,intra-sim/Gloria_Macapagal_Arroyo_,-5.710593137499643,-3.297150610583472,19.575289575289588
mtcnn/intra-sim/Gloria_Macapagal_Arroyo_/19.png,intra-sim/Gloria_Macapagal_Arroyo_,-2.726310993906266,-33.03939962476554,-2.3028720626631696
mtcnn/intra-sim/Gloria_Macapagal_Arroyo_/8.png,intra-sim/Gloria_Macapagal_Arroyo_,-11.592175410291071,-24.320900774102768,16.214689265536762
mtcnn/intra-sim/Gloria_Macapagal_Arroyo_/4.png,intra-sim/Gloria_Macapagal_Arroyo_,-6.952957468173915,-22.65661252900233,-21.262135922329975
mtcnn/intra-sim/Gloria_Macapagal_Arroyo_/5.png,intra-sim/Gloria_Macapagal_Arroyo_,-3.99091309842978,25.219482862297056,20.81984334203659
mtcnn/intra-sim/Gloria_Macapagal_Arroyo_/6.png,intra-sim/Gloria_Macapagal_Arroyo_,-2.7927023657132835,-42.48887367339947,10.520650813516925
mtcnn/intra-sim/Megawati_Sukarnoputri_/3.png,intra-sim/Megawati_Sukarnoputri_,1.2188752351312977,5.303500221533042,-16.877783275606276
mtcnn/intra-sim/Megawati_Sukarnoputri_/15.png,intra-sim/Megawati_Sukarnoputri_,-6.952957468173915,14.64308681672027,-9.86710963455161
mtcnn/intra-sim/Megawati_Sukarnoputri_/16.png,intra-sim/Megawati_Sukarnoputri_,-2.726310993906266,-27.22500000000003,-20.683229813664497
mtcnn/intra-sim/Megawati_Sukarnoputri_/13.png,intra-sim/Megawati_Sukarnoputri_,-4.1849161251184155,-0.5868405453467602,-24.502307185234045
mtcnn/intra-sim/Megawati_Sukarnoputri_/1.png,intra-sim/Megawati_Sukarnoputri_,-9.688786560366804,3.2466688332791875,-9.355171524374596
mtcnn/intra-sim/Megawati_Sukarnoputri_/7.png,intra-sim/Megawati_Sukarnoputri_,-5.440332031005506,10.344827586206833,-4.974874371859187
mtcnn/intra-sim/Megawati_Sukarnoputri_/9.png,intra-sim/Megawati_Sukarnoputri_,1.363927531602919,38.11862835959218,-14.958636249686592
mtcnn/intra-sim/Megawati_Sukarnoputri_/18.png,intra-sim/Megawati_Sukarnoputri_,-13.240519915187203,20.432432432432503,-10.233236151603537
mtcnn/intra-sim/Megawati_Sukarnoputri_/17.png,intra-sim/Megawati_Sukarnoputri_,-4.513988458001262,-26.495003843197573,0.4275534441803899
mtcnn/intra-sim/Megawati_Sukarnoputri_/10.png,intra-sim/Megawati_Sukarnoputri_,-5.710593137499643,-12.650602409638536,-17.91154791154787
mtcnn/intra-sim/Megawati_Sukarnoputri_/20.png,intra-sim/Megawati_Sukarnoputri_,4.289153328819018,3.91048676902976,-10.257352941176508
mtcnn/intra-sim/Megawati_Sukarnoputri_/14.png,intra-sim/Megawati_Sukarnoputri_,-4.513988458001262,57.10770471964506,-1.5699036709191176
mtcnn/intra-sim/Megawati_Sukarnoputri_/11.png,intra-sim/Megawati_Sukarnoputri_,-1.5074357587749678,-19.419496166484024,-18.468691878487174
mtcnn/intra-sim/Megawati_Sukarnoputri_/12.png,intra-sim/Megawati_Sukarnoputri_,-9.688786560366804,10.519480519480467,-27.190506735086487
mtcnn/intra-sim/Megawati_Sukarnoputri_/2.png,intra-sim/Megawati_Sukarnoputri_,-8.652541791114725,-35.06523407521108,18.735724303746693
mtcnn/intra-sim/Megawati_Sukarnoputri_/19.png,intra-sim/Megawati_Sukarnoputri_,-1.245364266768347,17.880337509588387,4.6869070208727805
mtcnn/intra-sim/Megawati_Sukarnoputri_/8.png,intra-sim/Megawati_Sukarnoputri_,-6.340191745909909,-0.5806451612903061,-20.674285714285745
mtcnn/intra-sim/Megawati_Sukarnoputri_/4.png,intra-sim/Megawati_Sukarnoputri_,4.1849161251184155,5.533980582524336,-5.657142857142944
mtcnn/intra-sim/Megawati_Sukarnoputri_/5.png,intra-sim/Megawati_Sukarnoputri_,-4.1849161251184155,-25.47392587733674,-14.77391066045496
mtcnn/intra-sim/Megawati_Sukarnoputri_/6.png,intra-sim/Megawati_Sukarnoputri_,-3.99091309842978,12.048085485307212,-5.9357507909467415
mtcnn/intra-sim/Winona_Ryder_/3.png,intra-sim/Winona_Ryder_,7.69605172201657,24.90612244897953,-7.526881720430012
mtcnn/intra-sim/Winona_Ryder_/15.png,intra-sim/Winona_Ryder_,4.635463426902642,-5.634146341463392,-1.866220735785916
mtcnn/intra-sim/Winona_Ryder_/16.png,intra-sim/Winona_Ryder_,-5.856013585428958,41.97309417040353,3.348837209302417
mtcnn/intra-sim/Winona_Ryder_/13.png,intra-sim/Winona_Ryder_,17.52556837372287,7.920000000000044,-22.741935483870904
mtcnn/intra-sim/Winona_Ryder_/1.png,intra-sim/Winona_Ryder_,0.0,-25.932203389830505,7.297297297297291
mtcnn/intra-sim/Winona_Ryder_/7.png,intra-sim/Winona_Ryder_,1.3971810272963767,16.878808395396064,-21.287577992058942
mtcnn/intra-sim/Winona_Ryder_/9.png,intra-sim/Winona_Ryder_,-3.3177811683348435,42.409997706947934,-12.83914982944107
mtcnn/intra-sim/Winona_Ryder_/18.png,intra-sim/Winona_Ryder_,-10.713123022791038,7.624703087886061,-21.99999999999997
mtcnn/intra-sim/Winona_Ryder_/17.png,intra-sim/Winona_Ryder_,2.726310993906266,9.224999999999952,-4.285714285714221
mtcnn/intra-sim/Winona_Ryder_/10.png,intra-sim/Winona_Ryder_,-4.513988458001262,17.65273311897107,3.2152842497670093
mtcnn/intra-sim/Winona_Ryder_/20.png,intra-sim/Winona_Ryder_,4.085616779974877,14.192307692307836,-4.636363636363612
mtcnn/intra-sim/Winona_Ryder_/14.png,intra-sim/Winona_Ryder_,-1.4688007143858246,-51.35869565217402,-12.408719346049011
mtcnn/intra-sim/Winona_Ryder_/11.png,intra-sim/Winona_Ryder_,-4.1849161251184155,-17.13852376137497,-3.777664716357222
mtcnn/intra-sim/Winona_Ryder_/12.png,intra-sim/Winona_Ryder_,-2.6025622024998065,0.4835820895522715,-8.166819431714146
mtcnn/intra-sim/Winona_Ryder_/2.png,intra-sim/Winona_Ryder_,-2.2906100426385296,31.304347826086968,0.9890109890108788
mtcnn/intra-sim/Winona_Ryder_/19.png,intra-sim/Winona_Ryder_,1.5074357587749678,18.557059961315176,0.7190412782956059
mtcnn/intra-sim/Winona_Ryder_/8.png,intra-sim/Winona_Ryder_,-3.5763343749973515,62.06557377049174,-5.057736720554189
mtcnn/intra-sim/Winona_Ryder_/4.png,intra-sim/Winona_Ryder_,-7.495857639729858,-9.48256467941502,2.1709923664122215
mtcnn/intra-sim/Winona_Ryder_/5.png,intra-sim/Winona_Ryder_,-9.211026540816668,19.413193039255347,-20.16703435234784
mtcnn/intra-sim/Winona_Ryder_/6.png,intra-sim/Winona_Ryder_,-10.713123022791038,14.716753716351931,2.327846825663414
mtcnn/intra-sim/John_Ashcroft_/3.png,intra-sim/John_Ashcroft_,9.926245506651703,-32.84810126582274,9.787072243346003
mtcnn/intra-sim/John_Ashcroft_/15.png,intra-sim/John_Ashcroft_,-11.821488340607257,8.744625967325902,-7.233888486603888
mtcnn/intra-sim/John_Ashcroft_/16.png,intra-sim/John_Ashcroft_,1.3019526725788753,-22.42701268062521,-7.629862828873286
mtcnn/intra-sim/John_Ashcroft_/13.png,intra-sim/John_Ashcroft_,-8.530765609948133,5.651024454725743,-4.459459459459552
mtcnn/intra-sim/John_Ashcroft_/1.png,intra-sim/John_Ashcroft_,1.169139327907419,22.97915265635507,9.77696596808309
mtcnn/intra-sim/John_Ashcroft_/7.png,intra-sim/John_Ashcroft_,-2.6025622024998065,-46.76371780515118,-17.599109131403182
mtcnn/intra-sim/John_Ashcroft_/9.png,intra-sim/John_Ashcroft_,2.6025622024998065,-4.898612593383092,-42.29303156640849
mtcnn/intra-sim/John_Ashcroft_/18.png,intra-sim/John_Ashcroft_,-2.8624052261117474,9.52095808383234,-18.019323671497588
mtcnn/intra-sim/John_Ashcroft_/17.png,intra-sim/John_Ashcroft_,12.380756928807177,-9.406240533171824,32.664185057165696
mtcnn/intra-sim/John_Ashcroft_/10.png,intra-sim/John_Ashcroft_,2.726310993906266,31.627620221948163,1.5517241379309752
mtcnn/intra-sim/John_Ashcroft_/20.png,intra-sim/John_Ashcroft_,-9.865806943084367,-19.465648854961884,-25.101050929668578
mtcnn/intra-sim/John_Ashcroft_/14.png,intra-sim/John_Ashcroft_,-6.632514615138463,-5.505819158460085,-2.609036301906542
mtcnn/intra-sim/John_Ashcroft_/11.png,intra-sim/John_Ashcroft_,-4.969740728110304,-21.965442764578768,-5.129533678756559
mtcnn/intra-sim/John_Ashcroft_/12.png,intra-sim/John_Ashcroft_,1.3971810272963767,44.8860759493671,-21.80069067587567
mtcnn/intra-sim/John_Ashcroft_/2.png,intra-sim/John_Ashcroft_,5.31454566994475,-2.4698133918770253,18.184143222506435
mtcnn/intra-sim/John_Ashcroft_/19.png,intra-sim/John_Ashcroft_,1.2730300200567113,11.012452625879774,1.5971606033718615
mtcnn/intra-sim/John_Ashcroft_/8.png,intra-sim/John_Ashcroft_,2.0454084888872277,-16.7901234567901,12.117376294591466
mtcnn/intra-sim/John_Ashcroft_/4.png,intra-sim/John_Ashcroft_,1.245364266768347,-18.37720419115773,-14.790547798066584
mtcnn/intra-sim/John_Ashcroft_/5.png,intra-sim/John_Ashcroft_,4.085616779974877,21.47540983606558,7.7872340425531235
mtcnn/intra-sim/John_Ashcroft_/6.png,intra-sim/John_Ashcroft_,2.935673446421173,-55.39503386004502,2.920073859140075
mtcnn/intra-sim/Gerhard_Schroeder_/3.png,intra-sim/Gerhard_Schroeder_,3.99091309842978,-25.567326456648985,-8.928276999175623
mtcnn/intra-sim/Gerhard_Schroeder_/15.png,intra-sim/Gerhard_Schroeder_,-3.99091309842978,-15.875810936051906,2.9417547308921996
mtcnn/intra-sim/Gerhard_Schroeder_/16.png,intra-sim/Gerhard_Schroeder_,9.462322208025617,-3.1677018633540257,7.870722433460074
mtcnn/intra-sim/Gerhard_Schroeder_/13.png,intra-sim/Gerhard_Schroeder_,-4.398705354995532,39.67539267015698,-15.8456201214223
mtcnn/intra-sim/Gerhard_Schroeder_/1.png,intra-sim/Gerhard_Schroeder_,-1.3019526725788753,-26.169111302847192,-1.4125087842586197
mtcnn/intra-sim/Gerhard_Schroeder_/7.png,intra-sim/Gerhard_Schroeder_,-2.7927023657132835,-55.456204379562045,-14.155154091392191
mtcnn/intra-sim/Gerhard_Schroeder_/9.png,intra-sim/Gerhard_Schroeder_,-5.440332031005506,17.677611940298462,-25.938461538461468
mtcnn/intra-sim/Gerhard_Schroeder_/18.png,intra-sim/Gerhard_Schroeder_,-1.3971810272963767,-2.165543792107812,-7.291841883936073
mtcnn/intra-sim/Gerhard_Schroeder_/17.png,intra-sim/Gerhard_Schroeder_,-6.340191745909909,-37.52941176470588,-24.636871508379883
mtcnn/intra-sim/Gerhard_Schroeder_/10.png,intra-sim/Gerhard_Schroeder_,5.079607860014571,2.7053140096619046,-15.637374860956555
mtcnn/intra-sim/Gerhard_Schroeder_/20.png,intra-sim/Gerhard_Schroeder_,-3.468229258917148,68.60377358490572,-13.26057298772173
mtcnn/intra-sim/Gerhard_Schroeder_/14.png,intra-sim/Gerhard_Schroeder_,-7.943471810590412,37.79456193353474,0.85286783042406
mtcnn/intra-sim/Gerhard_Schroeder_/11.png,intra-sim/Gerhard_Schroeder_,-4.864514437760525,-37.731958762886535,0.8061889250814716
mtcnn/intra-sim/Gerhard_Schroeder_/12.png,intra-sim/Gerhard_Schroeder_,2.489552921999156,-2.059103908484289,19.579230080572955
mtcnn/intra-sim/Gerhard_Schroeder_/2.png,intra-sim/Gerhard_Schroeder_,-2.6025622024998065,11.804932735426036,7.957446808510696
mtcnn/intra-sim/Gerhard_Schroeder_/19.png,intra-sim/Gerhard_Schroeder_,1.3322198538696388,-6.18959107806684,-6.247654784240012
mtcnn/intra-sim/Gerhard_Schroeder_/8.png,intra-sim/Gerhard_Schroeder_,-10.619655276155134,1.1795543905635952,-27.822580645161345
mtcnn/intra-sim/Gerhard_Schroeder_/4.png,intra-sim/Gerhard_Schroeder_,3.01278750418334,-50.48780487804875,-17.380497131931193
mtcnn/intra-sim/Gerhard_Schroeder_/5.png,intra-sim/Gerhard_Schroeder_,-2.3859440303888126,-34.36672967863894,-8.46794338051626
mtcnn/intra-sim/Gerhard_Schroeder_/6.png,intra-sim/Gerhard_Schroeder_,-10.175510843043206,-71.59798678829826,-23.88275276125745
mtcnn/intra-sim/Laura_Bush_/3.png,intra-sim/Laura_Bush_,-2.6630007660671433,-28.861788617886127,-5.578947368421041
mtcnn/intra-sim/Laura_Bush_/15.png,intra-sim/Laura_Bush_,-9.462322208025617,23.507462686567223,-10.882917466410817
mtcnn/intra-sim/Laura_Bush_/16.png,intra-sim/Laura_Bush_,-10.304846468766032,7.269230769230788,3.496932515337462
mtcnn/intra-sim/Laura_Bush_/13.png,intra-sim/Laura_Bush_,-3.99091309842978,23.155080213903744,-0.5906108026249939
mtcnn/intra-sim/Laura_Bush_/1.png,intra-sim/Laura_Bush_,1.3322198538696388,26.152941176470563,-1.4827758362456225
mtcnn/intra-sim/Laura_Bush_/7.png,intra-sim/Laura_Bush_,-14.676393137450017,2.865306122448999,-2.5107296137340427
mtcnn/intra-sim/Laura_Bush_/9.png,intra-sim/Laura_Bush_,-5.194428907734806,-19.678756476683944,0.297684674751892
mtcnn/intra-sim/Laura_Bush_/18.png,intra-sim/Laura_Bush_,-2.6630007660671433,-22.23897911832935,-5.015772870662516
mtcnn/intra-sim/Laura_Bush_/17.png,intra-sim/Laura_Bush_,4.513988458001262,-52.43814987450694,6.4040995607614235
mtcnn/intra-sim/Laura_Bush_/10.png,intra-sim/Laura_Bush_,-4.1849161251184155,-6.205035971222955,-23.3463035019455
mtcnn/intra-sim/Laura_Bush_/20.png,intra-sim/Laura_Bush_,-8.130102354155978,28.077571669477223,-21.64179104477614
mtcnn/intra-sim/Laura_Bush_/14.png,intra-sim/Laura_Bush_,-9.462322208025617,-7.307692307692335,1.0424710424710495
mtcnn/intra-sim/Laura_Bush_/11.png,intra-sim/Laura_Bush_,-10.784297867562598,6.262626262626242,12.517186673717587
mtcnn/intra-sim/Laura_Bush_/12.png,intra-sim/Laura_Bush_,-5.194428907734806,6.3963963963963835,-4.777898158179724
mtcnn/intra-sim/Laura_Bush_/2.png,intra-sim/Laura_Bush_,1.4320961841646465,-69.62374310736291,-23.716045925511168
mtcnn/intra-sim/Laura_Bush_/19.png,intra-sim/Laura_Bush_,-5.079607860014571,1.423777564717156,6.129348358647732
mtcnn/intra-sim/Laura_Bush_/8.png,intra-sim/Laura_Bush_,3.094058058917111,-37.38772455089818,1.824324324324209
mtcnn/intra-sim/Laura_Bush_/4.png,intra-sim/Laura_Bush_,-13.091893064346849,-20.90117070514563,-9.277225321368064
mtcnn/intra-sim/Laura_Bush_/5.png,intra-sim/Laura_Bush_,-12.528807709151511,-40.39370078740163,-14.062499999999943
mtcnn/intra-sim/Laura_Bush_/6.png,intra-sim/Laura_Bush_,-5.079607860014571,-26.624319419237708,1.7241379310343774
mtcnn/intra-sim/Hans_Blix_/3.png,intra-sim/Hans_Blix_,-2.935673446421173,-4.28571428571432,-12.434397723680178
mtcnn/intra-sim/Hans_Blix_/15.png,intra-sim/Hans_Blix_,-1.2730300200567113,12.326189231573466,-27.794749403341385
mtcnn/intra-sim/Hans_Blix_/16.png,intra-sim/Hans_Blix_,-6.009005957494525,-17.142857142857196,-7.278106508875752
mtcnn/intra-sim/Hans_Blix_/13.png,intra-sim/Hans_Blix_,3.094058058917111,10.69730586370848,1.8062283737023537
mtcnn/intra-sim/Hans_Blix_/1.png,intra-sim/Hans_Blix_,-9.462322208025617,-0.7692307692307025,15.365853658536594
mtcnn/intra-sim/Hans_Blix_/7.png,intra-sim/Hans_Blix_,-1.5074357587749678,15.005332385353752,-14.805460750853245
mtcnn/intra-sim/Hans_Blix_/9.png,intra-sim/Hans_Blix_,-1.3971810272963767,16.666666666666742,32.563208369659975
mtcnn/intra-sim/Hans_Blix_/18.png,intra-sim/Hans_Blix_,-4.398705354995532,-17.67371601208461,-14.98649864986504
mtcnn/intra-sim/Hans_Blix_/10.png,intra-sim/Hans_Blix_,-6.4830736928972374,-5.461106655974234,-27.14285714285726
mtcnn/intra-sim/Hans_Blix_/20.png,intra-sim/Hans_Blix_,8.130102354155978,-12.619926199261968,23.77358490566033
mtcnn/intra-sim/Hans_Blix_/14.png,intra-sim/Hans_Blix_,-9.211026540816668,19.264759145237235,-4.008097165992027
mtcnn/intra-sim/Hans_Blix_/11.png,intra-sim/Hans_Blix_,-2.6630007660671433,10.165554072096173,-19.263873159682944
mtcnn/intra-sim/Hans_Blix_/12.png,intra-sim/Hans_Blix_,-3.3664606634298013,14.365384615384585,-15.79470198675496
mtcnn/intra-sim/Hans_Blix_/2.png,intra-sim/Hans_Blix_,-1.3322198538696388,19.277845777233736,-10.673624288425131
mtcnn/intra-sim/Hans_Blix_/19.png,intra-sim/Hans_Blix_,-2.726310993906266,29.999999999999957,0.2253380070105777
mtcnn/intra-sim/Hans_Blix_/8.png,intra-sim/Hans_Blix_,2.8624052261117474,-16.084583901773485,-1.4086956521738472
mtcnn/intra-sim/Hans_Blix_/4.png,intra-sim/Hans_Blix_,-6.519801751656986,27.5279892521272,16.94376528117347
mtcnn/intra-sim/Hans_Blix_/5.png,intra-sim/Hans_Blix_,3.99091309842978,-1.1053984575835614,0.0696055684454819
mtcnn/intra-sim/Hans_Blix_/6.png,intra-sim/Hans_Blix_,-7.305759533310824,-5.038488453463984,34.58128078817737
mtcnn/intra-sim/Juan_Carlos_Ferrero_/3.png,intra-sim/Juan_Carlos_Ferrero_,5.710593137499643,-9.661016949152469,4.864864864864785
mtcnn/intra-sim/Juan_Carlos_Ferrero_/15.png,intra-sim/Juan_Carlos_Ferrero_,4.513988458001262,-29.093254699594578,0.8198648251542835
mtcnn/intra-sim/Juan_Carlos_Ferrero_/16.png,intra-sim/Juan_Carlos_Ferrero_,-7.69605172201657,33.28767123287682,-3.207547169811292
mtcnn/intra-sim/Juan_Carlos_Ferrero_/13.png,intra-sim/Juan_Carlos_Ferrero_,-4.513988458001262,-42.95454545454542,-0.5865684329838672
mtcnn/intra-sim/Juan_Carlos_Ferrero_/1.png,intra-sim/Juan_Carlos_Ferrero_,2.7927023657132835,15.13797634691204,-32.03891477117015
mtcnn/intra-sim/Juan_Carlos_Ferrero_/7.png,intra-sim/Juan_Carlos_Ferrero_,3.179830119864234,-39.975186104218466,-14.130293159609124
mtcnn/intra-sim/Juan_Carlos_Ferrero_/9.png,intra-sim/Juan_Carlos_Ferrero_,1.4688007143858246,5.1739289637495745,0.888074429095056
mtcnn/intra-sim/Juan_Carlos_Ferrero_/18.png,intra-sim/Juan_Carlos_Ferrero_,-1.4688007143858246,-0.568820224719147,-22.25572979493369
mtcnn/intra-sim/Juan_Carlos_Ferrero_/17.png,intra-sim/Juan_Carlos_Ferrero_,4.085616779974877,7.021276595744752,-24.41640378548888
mtcnn/intra-sim/Juan_Carlos_Ferrero_/20.png,intra-sim/Juan_Carlos_Ferrero_,4.635463426902642,-18.71495327102815,8.69123252858958
mtcnn/intra-sim/Juan_Carlos_Ferrero_/14.png,intra-sim/Juan_Carlos_Ferrero_,1.4320961841646465,-29.014130791981593,-21.54929577464783
mtcnn/intra-sim/Juan_Carlos_Ferrero_/11.png,intra-sim/Juan_Carlos_Ferrero_,6.519801751656986,1.287386215864842,-19.937888198757705
mtcnn/intra-sim/Juan_Carlos_Ferrero_/12.png,intra-sim/Juan_Carlos_Ferrero_,3.01278750418334,0.4656319290465944,-12.304477611940314
mtcnn/intra-sim/Juan_Carlos_Ferrero_/2.png,intra-sim/Juan_Carlos_Ferrero_,-1.4320961841646465,6.28336755646815,-3.869625520111072
mtcnn/intra-sim/Juan_Carlos_Ferrero_/19.png,intra-sim/Juan_Carlos_Ferrero_,3.179830119864234,38.19032761310456,-16.44286636539691
mtcnn/intra-sim/Juan_Carlos_Ferrero_/8.png,intra-sim/Juan_Carlos_Ferrero_,-7.125016348901798,-21.076923076923023,-8.60465116279066
mtcnn/intra-sim/Juan_Carlos_Ferrero_/4.png,intra-sim/Juan_Carlos_Ferrero_,6.911227119024681,-66.51814423518617,9.062259800153695
mtcnn/intra-sim/Juan_Carlos_Ferrero_/6.png,intra-sim/Juan_Carlos_Ferrero_,1.4320961841646465,4.6217904233170515,-12.09999999999998
mtcnn/intra-sim/Jack_Straw_/3.png,intra-sim/Jack_Straw_,10.304846468766032,23.736263736263737,-4.080791426216024
mtcnn/intra-sim/Jack_Straw_/15.png,intra-sim/Jack_Straw_,-1.5911402711945877,40.86715079026047,-17.96708320633958
mtcnn/intra-sim/Jack_Straw_/16.png,intra-sim/Jack_Straw_,9.688786560366804,-10.918918918918948,-3.379164463246866
mtcnn/intra-sim/Jack_Straw_/13.png,intra-sim/Jack_Straw_,2.7927023657132835,-10.293431143714486,12.45041426060753
mtcnn/intra-sim/Jack_Straw_/1.png,intra-sim/Jack_Straw_,-5.710593137499643,20.47013977128333,2.930232558139508
mtcnn/intra-sim/Jack_Straw_/7.png,intra-sim/Jack_Straw_,1.3971810272963767,3.684210526315851,2.8301886792453814
mtcnn/intra-sim/Jack_Straw_/9.png,intra-sim/Jack_Straw_,5.710593137499643,19.234828496042297,-9.027921406411522
mtcnn/intra-sim/Jack_Straw_/18.png,intra-sim/Jack_Straw_,-1.5074357587749678,-27.507621951219527,3.444347063979066
mtcnn/intra-sim/Jack_Straw_/17.png,intra-sim/Jack_Straw_,2.8624052261117474,11.503759398496314,5.945537065052932
mtcnn/intra-sim/Jack_Straw_/10.png,intra-sim/Jack_Straw_,9.462322208025617,-11.82203389830508,10.188679245282998
mtcnn/intra-sim/Jack_Straw_/20.png,intra-sim/Jack_Straw_,6.009005957494525,9.507959479015994,-3.866980576809937
mtcnn/intra-sim/Jack_Straw_/14.png,intra-sim/Jack_Straw_,-11.040940180323732,0.4460966542749816,-1.8459229614806816
mtcnn/intra-sim/Jack_Straw_/11.png,intra-sim/Jack_Straw_,-2.6025622024998065,4.339194554736281,2.571428571428541
mtcnn/intra-sim/Jack_Straw_/12.png,intra-sim/Jack_Straw_,1.363927531602919,-6.624365482233472,-19.68816948345635
mtcnn/intra-sim/Jack_Straw_/2.png,intra-sim/Jack_Straw_,1.548157698977968,1.0987791342952988,-4.644960166262564
mtcnn/intra-sim/Jack_Straw_/19.png,intra-sim/Jack_Straw_,3.01278750418334,6.9928057553957075,13.49442379182149
mtcnn/intra-sim/Jack_Straw_/8.png,intra-sim/Jack_Straw_,-3.179830119864234,10.987012987012989,3.72496662216291
mtcnn/intra-sim/Jack_Straw_/4.png,intra-sim/Jack_Straw_,-9.03948280335512,-54.990649211862205,-21.5682041216879
mtcnn/intra-sim/Jack_Straw_/5.png,intra-sim/Jack_Straw_,7.305759533310824,-2.9263437292634507,-3.8488576449912415
mtcnn/intra-sim/Jack_Straw_/6.png,intra-sim/Jack_Straw_,-4.398705354995532,-9.30337078651688,-12.01954397394131
mtcnn/intra-sim/Alejandro_Toledo_/3.png,intra-sim/Alejandro_Toledo_,1.4688007143858246,-14.44369521240722,-9.349030470914071
mtcnn/intra-sim/Alejandro_Toledo_/15.png,intra-sim/Alejandro_Toledo_,-4.513988458001262,25.550708833151543,-5.567567567567679
mtcnn/intra-sim/Alejandro_Toledo_/16.png,intra-sim/Alejandro_Toledo_,1.363927531602919,-1.572289156626539,-15.955085865257615
mtcnn/intra-sim/Alejandro_Toledo_/13.png,intra-sim/Alejandro_Toledo_,-6.4830736928972374,-16.52582159624413,-1.7910447761194064
mtcnn/intra-sim/Alejandro_Toledo_/1.png,intra-sim/Alejandro_Toledo_,-4.289153328819018,2.8795098706602857,-19.11999999999992
mtcnn/intra-sim/Alejandro_Toledo_/7.png,intra-sim/Alejandro_Toledo_,2.7927023657132835,-5.088757396449665,-3.710359408033881
mtcnn/intra-sim/Alejandro_Toledo_/9.png,intra-sim/Alejandro_Toledo_,5.856013585428958,-16.42585551330795,-29.723956621754823
mtcnn/intra-sim/Alejandro_Toledo_/18.png,intra-sim/Alejandro_Toledo_,-6.009005957494525,-14.357976653696484,-3.2687651331718968
mtcnn/intra-sim/Alejandro_Toledo_/17.png,intra-sim/Alejandro_Toledo_,-3.814074834290355,22.6108374384237,9.43548387096763
mtcnn/intra-sim/Alejandro_Toledo_/10.png,intra-sim/Alejandro_Toledo_,0.0,27.692307692307693,-28.421052631578945
mtcnn/intra-sim/Alejandro_Toledo_/14.png,intra-sim/Alejandro_Toledo_,0.0,-6.164383561643831,-3.9130434782608745
mtcnn/intra-sim/Alejandro_Toledo_/11.png,intra-sim/Alejandro_Toledo_,-5.710593137499643,1.895910780669112,-17.42596810933938
mtcnn/intra-sim/Alejandro_Toledo_/12.png,intra-sim/Alejandro_Toledo_,2.726310993906266,0.9000000000000483,-26.012658227848057
mtcnn/intra-sim/Alejandro_Toledo_/2.png,intra-sim/Alejandro_Toledo_,-2.935673446421173,-0.5672969966630887,-10.66538355787739
mtcnn/intra-sim/Alejandro_Toledo_/19.png,intra-sim/Alejandro_Toledo_,16.557071375636653,-34.04077175100106,0.719147676827518
mtcnn/intra-sim/Alejandro_Toledo_/8.png,intra-sim/Alejandro_Toledo_,5.710593137499643,-9.140624999999956,-17.91762013729972
mtcnn/intra-sim/Alejandro_Toledo_/4.png,intra-sim/Alejandro_Toledo_,-8.74616226255521,8.128400435255742,-7.612648221343889
mtcnn/intra-sim/Alejandro_Toledo_/5.png,intra-sim/Alejandro_Toledo_,4.573921259900861,-13.989637305699532,17.680945347119703
mtcnn/intra-sim/Alejandro_Toledo_/6.png,intra-sim/Alejandro_Toledo_,10.713123022791038,26.44166991806469,-18.182088664088184
mtcnn/intra-sim/Tiger_Woods_/3.png,intra-sim/Tiger_Woods_,-5.572197803963796,-28.51355290002917,-8.24890190336734
mtcnn/intra-sim/Tiger_Woods_/15.png,intra-sim/Tiger_Woods_,5.572197803963796,5.860593090797934,1.4975845410627926
mtcnn/intra-sim/Tiger_Woods_/16.png,intra-sim/Tiger_Woods_,-3.652222780306336,0.9765329295987611,14.3380170195923
mtcnn/intra-sim/Tiger_Woods_/7.png,intra-sim/Tiger_Woods_,-6.340191745909909,-2.9923273657288973,-9.296703296703328
mtcnn/intra-sim/Tiger_Woods_/9.png,intra-sim/Tiger_Woods_,-3.90049374238189,-15.46415094339622,-8.001998001997933
mtcnn/intra-sim/Tiger_Woods_/17.png,intra-sim/Tiger_Woods_,0.0,7.864077669902912,18.0
mtcnn/intra-sim/Tiger_Woods_/20.png,intra-sim/Tiger_Woods_,2.7927023657132835,16.62420382165604,-10.592896976812398
mtcnn/intra-sim/Tiger_Woods_/14.png,intra-sim/Tiger_Woods_,2.489552921999156,1.2119700748129816,3.55006501950578
mtcnn/intra-sim/Tiger_Woods_/11.png,intra-sim/Tiger_Woods_,3.3018656744350037,10.988900100908182,8.53598451522086
mtcnn/intra-sim/Tiger_Woods_/2.png,intra-sim/Tiger_Woods_,-2.5448043798130957,17.912385073012388,-6.554174067495524
mtcnn/intra-sim/Tiger_Woods_/19.png,intra-sim/Tiger_Woods_,-4.398705354995532,-32.040382571732216,-5.1541850220263825
mtcnn/intra-sim/Tiger_Woods_/8.png,intra-sim/Tiger_Woods_,-7.943471810590412,37.90011350737791,-12.11938917167987
mtcnn/intra-sim/Tiger_Woods_/4.png,intra-sim/Tiger_Woods_,-13.70696100407981,-9.895013123359549,7.243606998654201
mtcnn/intra-sim/Tiger_Woods_/6.png,intra-sim/Tiger_Woods_,0.0,2.25,-5.744680851063833
mtcnn/intra-sim/Jennifer_Capriati_/3.png,intra-sim/Jennifer_Capriati_,8.325650330426836,-10.67889908256879,-9.024930747922369
mtcnn/intra-sim/Jennifer_Capriati_/15.png,intra-sim/Jennifer_Capriati_,0.0,-1.0344827586206833,-0.8411214953271013
mtcnn/intra-sim/Jennifer_Capriati_/16.png,intra-sim/Jennifer_Capriati_,6.4830736928972374,34.739495798319254,-8.556053811659254
mtcnn/intra-sim/Jennifer_Capriati_/13.png,intra-sim/Jennifer_Capriati_,-8.130102354155978,2.6568265682657284,-1.6071428571428754
mtcnn/intra-sim/Jennifer_Capriati_/1.png,intra-sim/Jennifer_Capriati_,4.573921259900861,5.154185022026539,-8.778853313477327
mtcnn/intra-sim/Jennifer_Capriati_/7.png,intra-sim/Jennifer_Capriati_,1.2730300200567113,-5.463743676222464,7.962883038411761
mtcnn/intra-sim/Jennifer_Capriati_/9.png,intra-sim/Jennifer_Capriati_,-5.079607860014571,-7.657563025210081,-8.780977896851965
mtcnn/intra-sim/Jennifer_Capriati_/18.png,intra-sim/Jennifer_Capriati_,0.0,23.92405063291139,-4.945054945054949
mtcnn/intra-sim/Jennifer_Capriati_/17.png,intra-sim/Jennifer_Capriati_,0.0,-27.0,5.744680851063833
mtcnn/intra-sim/Jennifer_Capriati_/10.png,intra-sim/Jennifer_Capriati_,-2.2906100426385296,-19.453322119428037,-9.77973568281935
mtcnn/intra-sim/Jennifer_Capriati_/20.png,intra-sim/Jennifer_Capriati_,7.943471810590412,-2.272167487684783,14.277922693858187
mtcnn/intra-sim/Jennifer_Capriati_/14.png,intra-sim/Jennifer_Capriati_,5.440332031005506,23.002481389578108,-5.254237288135556
mtcnn/intra-sim/Jennifer_Capriati_/11.png,intra-sim/Jennifer_Capriati_,13.392497753751098,-29.7546728971963,22.282398452611147
mtcnn/intra-sim/Jennifer_Capriati_/12.png,intra-sim/Jennifer_Capriati_,-4.763641690726177,1.7982873453853614,-7.7349397590360525
mtcnn/intra-sim/Jennifer_Capriati_/2.png,intra-sim/Jennifer_Capriati_,1.245364266768347,-31.5647921760392,-2.009744214372759
mtcnn/intra-sim/Jennifer_Capriati_/19.png,intra-sim/Jennifer_Capriati_,1.245364266768347,-1.4030155890620648,-14.173714285714382
mtcnn/intra-sim/Jennifer_Capriati_/8.png,intra-sim/Jennifer_Capriati_,1.2730300200567113,6.491633006347371,22.60089686098651
mtcnn/intra-sim/Jennifer_Capriati_/4.png,intra-sim/Jennifer_Capriati_,3.7313969991604465,8.022343712859538,-13.66950182260024
mtcnn/intra-sim/Jennifer_Capriati_/5.png,intra-sim/Jennifer_Capriati_,3.5763343749973515,24.592274678111565,-16.23631123919303
mtcnn/intra-sim/Jennifer_Capriati_/6.png,intra-sim/Jennifer_Capriati_,7.594643368591445,41.52684563758393,0.1608100059559234
mtcnn/intra-sim/Hugo_Chavez_/3.png,intra-sim/Hugo_Chavez_,2.7927023657132835,2.535211267605632,-36.456285566476865
mtcnn/intra-sim/Hugo_Chavez_/15.png,intra-sim/Hugo_Chavez_,-9.03948280335512,1.2353381582230585,11.907257008121462
mtcnn/intra-sim/Hugo_Chavez_/16.png,intra-sim/Hugo_Chavez_,-25.346175941946697,38.85309278350516,4.58490566037743
mtcnn/intra-sim/Hugo_Chavez_/13.png,intra-sim/Hugo_Chavez_,0.0,19.213483146067414,-5.510204081632651
mtcnn/intra-sim/Hugo_Chavez_/1.png,intra-sim/Hugo_Chavez_,10.43747535111818,-61.39941690962102,11.821036106750356
mtcnn/intra-sim/Hugo_Chavez_/7.png,intra-sim/Hugo_Chavez_,0.0,6.3380281690140805,2.0930232558139465
mtcnn/intra-sim/Hugo_Chavez_/9.png,intra-sim/Hugo_Chavez_,0.0,18.0,-0.9890109890109926
mtcnn/intra-sim/Hugo_Chavez_/18.png,intra-sim/Hugo_Chavez_,-7.305759533310824,14.21699078812692,2.710678430179584
mtcnn/intra-sim/Hugo_Chavez_/17.png,intra-sim/Hugo_Chavez_,-9.246112745563252,-9.73509933774828,-32.29576008273006
mtcnn/intra-sim/Hugo_Chavez_/10.png,intra-sim/Hugo_Chavez_,-4.864514437760525,-3.554301833568388,43.69404820462355
mtcnn/intra-sim/Hugo_Chavez_/20.png,intra-sim/Hugo_Chavez_,-9.659893078442334,30.5488685604237,4.150653343581922
mtcnn/intra-sim/Hugo_Chavez_/14.png,intra-sim/Hugo_Chavez_,4.289153328819018,3.672199170124429,-13.898488120950232
mtcnn/intra-sim/Hugo_Chavez_/11.png,intra-sim/Hugo_Chavez_,2.3859440303888126,0.9049360146253064,-1.7287338298707198
mtcnn/intra-sim/Hugo_Chavez_/12.png,intra-sim/Hugo_Chavez_,2.6025622024998065,13.104815864022612,-6.699551569506767
mtcnn/intra-sim/Hugo_Chavez_/2.png,intra-sim/Hugo_Chavez_,4.289153328819018,15.827774408732566,-24.36781609195415
mtcnn/intra-sim/Hugo_Chavez_/19.png,intra-sim/Hugo_Chavez_,8.130102354155978,18.709677419354776,-10.939226519337026
mtcnn/intra-sim/Hugo_Chavez_/8.png,intra-sim/Hugo_Chavez_,3.90049374238189,-17.81700084721824,1.9695528068505723
mtcnn/intra-sim/Hugo_Chavez_/4.png,intra-sim/Hugo_Chavez_,2.489552921999156,-21.419721218378896,-0.1135885570046468
mtcnn/intra-sim/Hugo_Chavez_/5.png,intra-sim/Hugo_Chavez_,0.0,6.92307692307692,-18.43373493975903
mtcnn/intra-sim/Hugo_Chavez_/6.png,intra-sim/Hugo_Chavez_,-3.99091309842978,-13.854479855682555,11.52946906965414
mtcnn/intra-sim/Vicente_Fox_/3.png,intra-sim/Vicente_Fox_,10.175510843043206,-65.20504731861199,8.502673796791441
mtcnn/intra-sim/Vicente_Fox_/15.png,intra-sim/Vicente_Fox_,4.635463426902642,38.58100558659228,-14.655228229200333
mtcnn/intra-sim/Vicente_Fox_/16.png,intra-sim/Vicente_Fox_,-1.4688007143858246,-19.904699309891456,-34.43556443556434
mtcnn/intra-sim/Vicente_Fox_/13.png,intra-sim/Vicente_Fox_,-3.01278750418334,-27.888198757763966,-9.157485418016904
mtcnn/intra-sim/Vicente_Fox_/1.png,intra-sim/Vicente_Fox_,0.0,27.272727272727263,-15.882352941176464
mtcnn/intra-sim/Vicente_Fox_/7.png,intra-sim/Vicente_Fox_,-3.01278750418334,1.2499999999999858,-18.791208791208845
mtcnn/intra-sim/Vicente_Fox_/9.png,intra-sim/Vicente_Fox_,-3.5763343749973515,2.1290322580646404,13.087971274685728
mtcnn/intra-sim/Vicente_Fox_/18.png,intra-sim/Vicente_Fox_,1.4320961841646465,-25.98396051819863,-17.75823472977298
mtcnn/intra-sim/Vicente_Fox_/17.png,intra-sim/Vicente_Fox_,-5.856013585428958,26.623198352779752,1.287591240875955
mtcnn/intra-sim/Vicente_Fox_/10.png,intra-sim/Vicente_Fox_,-2.935673446421173,8.24249165739711,14.136267711787738
mtcnn/intra-sim/Vicente_Fox_/20.png,intra-sim/Vicente_Fox_,-5.042451069170913,-42.96279695203944,-23.684210526315724
mtcnn/intra-sim/Vicente_Fox_/14.png,intra-sim/Vicente_Fox_,6.952957468173915,-13.44230769230768,-1.6850220264317386
mtcnn/intra-sim/Vicente_Fox_/11.png,intra-sim/Vicente_Fox_,-1.6365770416167182,4.910485933503892,-26.095444685466425
mtcnn/intra-sim/Vicente_Fox_/12.png,intra-sim/Vicente_Fox_,6.632514615138463,42.80802292263613,-13.984374999999972
mtcnn/intra-sim/Vicente_Fox_/2.png,intra-sim/Vicente_Fox_,-7.907162702958458,40.4930662557781,9.341619079610368
mtcnn/intra-sim/Vicente_Fox_/19.png,intra-sim/Vicente_Fox_,10.175510843043206,10.353982300884937,-14.697986577181284
mtcnn/intra-sim/Vicente_Fox_/8.png,intra-sim/Vicente_Fox_,-2.6630007660671433,-6.5110565110565375,-21.10714285714289
mtcnn/intra-sim/Vicente_Fox_/4.png,intra-sim/Vicente_Fox_,-3.2704879231835657,-9.559585492227896,-19.85915492957747
mtcnn/intra-sim/Vicente_Fox_/5.png,intra-sim/Vicente_Fox_,6.1701750950296095,24.945468221135727,-12.697327532629032
mtcnn/intra-sim/Vicente_Fox_/6.png,intra-sim/Vicente_Fox_,1.4320961841646465,12.111925383077974,-37.95117698343507
mtcnn/intra-sim/George_W_Bush_/3.png,intra-sim/George_W_Bush_,2.935673446421173,32.47812390619529,-11.96531791907512
mtcnn/intra-sim/George_W_Bush_/15.png,intra-sim/George_W_Bush_,-3.99091309842978,-3.820124666073042,17.399284862931907
mtcnn/intra-sim/George_W_Bush_/16.png,intra-sim/George_W_Bush_,-4.289153328819018,-8.943317004898532,26.13666228646518
mtcnn/intra-sim/George_W_Bush_/13.png,intra-sim/George_W_Bush_,2.7927023657132835,-17.719753486863496,4.256460263286158
mtcnn/intra-sim/George_W_Bush_/1.png,intra-sim/George_W_Bush_,-2.7927023657132835,-5.511482254697384,5.315136476426773
mtcnn/intra-sim/George_W_Bush_/7.png,intra-sim/George_W_Bush_,8.972626614896393,22.587412587412615,15.443786982248454
mtcnn/intra-sim/George_W_Bush_/9.png,intra-sim/George_W_Bush_,0.0,67.5,1.8367346938775455
mtcnn/intra-sim/George_W_Bush_/18.png,intra-sim/George_W_Bush_,3.094058058917111,21.012244897959135,-10.39058012636417
mtcnn/intra-sim/George_W_Bush_/17.png,intra-sim/George_W_Bush_,0.0,0.0,-14.0
mtcnn/intra-sim/George_W_Bush_/10.png,intra-sim/George_W_Bush_,-15.751173663453024,46.56612529002325,15.905265688867544
mtcnn/intra-sim/George_W_Bush_/20.png,intra-sim/George_W_Bush_,2.8624052261117474,-5.721120984278798,7.166392092257112
mtcnn/intra-sim/George_W_Bush_/14.png,intra-sim/George_W_Bush_,-2.726310993906266,4.974293059125827,-1.5906976744185355
mtcnn/intra-sim/George_W_Bush_/11.png,intra-sim/George_W_Bush_,-2.726310993906266,13.804994054696792,-5.176589303733692
mtcnn/intra-sim/George_W_Bush_/12.png,intra-sim/George_W_Bush_,-1.4320961841646465,-0.2498265093685603,7.991120976692514
mtcnn/intra-sim/George_W_Bush_/2.png,intra-sim/George_W_Bush_,-1.4688007143858246,9.545017622556912,-21.39798897178072
mtcnn/intra-sim/George_W_Bush_/19.png,intra-sim/George_W_Bush_,8.530765609948133,-63.84928716904284,27.730627306273092
mtcnn/intra-sim/George_W_Bush_/8.png,intra-sim/George_W_Bush_,7.495857639729858,-7.219963031423234,-12.393957001743177
mtcnn/intra-sim/George_W_Bush_/4.png,intra-sim/George_W_Bush_,4.398705354995532,20.889748549323016,-9.116022099447662
mtcnn/intra-sim/George_W_Bush_/5.png,intra-sim/George_W_Bush_,-1.4320961841646465,-18.88736733995198,11.944809461235096
mtcnn/intra-sim/George_W_Bush_/6.png,intra-sim/George_W_Bush_,-4.289153328819018,-26.42903858731205,4.046511627906995
mtcnn/intra-sim/Jeremy_Greenstock_/3.png,intra-sim/Jeremy_Greenstock_,0.0,-7.5,4.0909090909090935
mtcnn/intra-sim/Jeremy_Greenstock_/15.png,intra-sim/Jeremy_Greenstock_,0.0,8.709677419354833,-9.0
mtcnn/intra-sim/Jeremy_Greenstock_/16.png,intra-sim/Jeremy_Greenstock_,-5.710593137499643,-17.207702888583228,-2.347826086956445
mtcnn/intra-sim/Jeremy_Greenstock_/13.png,intra-sim/Jeremy_Greenstock_,-4.513988458001262,29.292296350903086,-1.2755905511810963
mtcnn/intra-sim/Jeremy_Greenstock_/1.png,intra-sim/Jeremy_Greenstock_,-5.856013585428958,-39.81078186362006,-14.966740576496704
mtcnn/intra-sim/Jeremy_Greenstock_/7.png,intra-sim/Jeremy_Greenstock_,-2.6630007660671433,-14.554102259215227,-30.54298642533938
mtcnn/intra-sim/Jeremy_Greenstock_/9.png,intra-sim/Jeremy_Greenstock_,5.31454566994475,4.205607476635521,-26.4574547258744
mtcnn/intra-sim/Jeremy_Greenstock_/18.png,intra-sim/Jeremy_Greenstock_,-1.2730300200567113,-12.649350649350607,-7.573145838058622
mtcnn/intra-sim/Jeremy_Greenstock_/10.png,intra-sim/Jeremy_Greenstock_,-2.8624052261117474,-7.652846099789258,-20.428152492668644
mtcnn/intra-sim/Jeremy_Greenstock_/20.png,intra-sim/Jeremy_Greenstock_,2.7927023657132835,-7.035355173532295,-17.688984881209592
mtcnn/intra-sim/Jeremy_Greenstock_/14.png,intra-sim/Jeremy_Greenstock_,1.4320961841646465,1.968066643526555,-17.25126475548059
mtcnn/intra-sim/Jeremy_Greenstock_/11.png,intra-sim/Jeremy_Greenstock_,-5.440332031005506,1.3432835820896258,-12.167381974248896
mtcnn/intra-sim/Jeremy_Greenstock_/12.png,intra-sim/Jeremy_Greenstock_,2.935673446421173,-15.555131629149116,-11.66182452062766
mtcnn/intra-sim/Jeremy_Greenstock_/2.png,intra-sim/Jeremy_Greenstock_,-2.935673446421173,29.4398340248962,-3.706920706080112
mtcnn/intra-sim/Jeremy_Greenstock_/19.png,intra-sim/Jeremy_Greenstock_,4.085616779974877,-32.97029702970297,1.1259382819015258
mtcnn/intra-sim/Jeremy_Greenstock_/8.png,intra-sim/Jeremy_Greenstock_,6.632514615138463,-5.750452079565889,-7.1260997067449665
mtcnn/intra-sim/Jeremy_Greenstock_/4.png,intra-sim/Jeremy_Greenstock_,4.085616779974877,-6.224299065420425,-17.275541795665603
mtcnn/intra-sim/Jeremy_Greenstock_/5.png,intra-sim/Jeremy_Greenstock_,-4.398705354995532,17.48908296943236,5.275310834813453
mtcnn/intra-sim/Jeremy_Greenstock_/6.png,intra-sim/Jeremy_Greenstock_,-4.398705354995532,23.98760330578509,3.6000000000000085
mtcnn/intra-sim/Saddam_Hussein_/3.png,intra-sim/Saddam_Hussein_,-1.4320961841646465,41.32343011478741,0.750367827366432
mtcnn/intra-sim/Saddam_Hussein_/15.png,intra-sim/Saddam_Hussein_,4.1849161251184155,-21.92455242966757,-6.970039570378859
mtcnn/intra-sim/Saddam_Hussein_/16.png,intra-sim/Saddam_Hussein_,-2.8624052261117474,15.778069599474705,13.272335844994643
mtcnn/intra-sim/Saddam_Hussein_/13.png,intra-sim/Saddam_Hussein_,1.4320961841646465,21.265198816956925,-1.463825014021353
mtcnn/intra-sim/Saddam_Hussein_/1.png,intra-sim/Saddam_Hussein_,11.309932474020211,29.527559055118076,-4.736842105263179
mtcnn/intra-sim/Saddam_Hussein_/7.png,intra-sim/Saddam_Hussein_,-1.5911402711945877,46.88354745130539,4.2072572736188505
mtcnn/intra-sim/Saddam_Hussein_/9.png,intra-sim/Saddam_Hussein_,4.635463426902642,37.77129521586916,-0.3398199244844591
mtcnn/intra-sim/Saddam_Hussein_/18.png,intra-sim/Saddam_Hussein_,1.548157698977968,-21.72667757774153,2.60450160771704
mtcnn/intra-sim/Saddam_Hussein_/17.png,intra-sim/Saddam_Hussein_,1.4688007143858246,-25.133404482390475,-4.748266505878888
mtcnn/intra-sim/Saddam_Hussein_/10.png,intra-sim/Saddam_Hussein_,-3.094058058917111,19.659574468085097,-13.8565022421526
mtcnn/intra-sim/Saddam_Hussein_/20.png,intra-sim/Saddam_Hussein_,1.5074357587749678,15.08415147265076,-18.837209302325675
mtcnn/intra-sim/Saddam_Hussein_/14.png,intra-sim/Saddam_Hussein_,2.8624052261117474,21.10512129380045,-13.17820658342798
mtcnn/intra-sim/Saddam_Hussein_/11.png,intra-sim/Saddam_Hussein_,5.31454566994475,-0.9879253567507504,-10.397635679742097
mtcnn/intra-sim/Saddam_Hussein_/12.png,intra-sim/Saddam_Hussein_,-4.398705354995532,24.006376195536618,9.999999999999956
mtcnn/intra-sim/Saddam_Hussein_/2.png,intra-sim/Saddam_Hussein_,11.309932474020211,12.722513089005204,-3.025210084033631
mtcnn/intra-sim/Saddam_Hussein_/8.png,intra-sim/Saddam_Hussein_,0.0,26.470588235294116,7.826086956521735
mtcnn/intra-sim/Saddam_Hussein_/4.png,intra-sim/Saddam_Hussein_,-1.2730300200567113,7.76342975206606,23.57047576700768
mtcnn/intra-sim/Saddam_Hussein_/6.png,intra-sim/Saddam_Hussein_,-2.8624052261117474,-11.380724538619305,4.593381940549662
mtcnn/intra-sim/Donald_Rumsfeld_/3.png,intra-sim/Donald_Rumsfeld_,2.489552921999156,-14.946996466431044,36.15046194456666
mtcnn/intra-sim/Donald_Rumsfeld_/15.png,intra-sim/Donald_Rumsfeld_,6.632514615138463,2.59108280254776,-31.104194857916127
mtcnn/intra-sim/Donald_Rumsfeld_/16.png,intra-sim/Donald_Rumsfeld_,-1.3322198538696388,14.846938775510251,18.64864864864867
mtcnn/intra-sim/Donald_Rumsfeld_/13.png,intra-sim/Donald_Rumsfeld_,-1.363927531602919,-1.0849909584086248,-1.9782777346781444
mtcnn/intra-sim/Donald_Rumsfeld_/1.png,intra-sim/Donald_Rumsfeld_,-4.635463426902642,34.16732438831889,2.100538599641027
mtcnn/intra-sim/Donald_Rumsfeld_/7.png,intra-sim/Donald_Rumsfeld_,10.784297867562598,-21.677307022634935,-0.3308823529411455
mtcnn/intra-sim/Donald_Rumsfeld_/9.png,intra-sim/Donald_Rumsfeld_,-9.211026540816668,3.494505494505475,8.072900158478802
mtcnn/intra-sim/Donald_Rumsfeld_/18.png,intra-sim/Donald_Rumsfeld_,-7.35237935989236,80.57744198596853,3.00911854103353
mtcnn/intra-sim/Donald_Rumsfeld_/17.png,intra-sim/Donald_Rumsfeld_,-2.8624052261117474,-10.598802395209418,-3.4828939988782253
mtcnn/intra-sim/Donald_Rumsfeld_/10.png,intra-sim/Donald_Rumsfeld_,-3.90049374238189,9.08995265649655,-41.10644992134237
mtcnn/intra-sim/Donald_Rumsfeld_/20.png,intra-sim/Donald_Rumsfeld_,-6.952957468173915,-8.605359317904956,-12.358803986711024
mtcnn/intra-sim/Donald_Rumsfeld_/14.png,intra-sim/Donald_Rumsfeld_,5.194428907734806,22.89130434782608,0.9507042253520694
mtcnn/intra-sim/Donald_Rumsfeld_/11.png,intra-sim/Donald_Rumsfeld_,15.592810939266348,-38.50746268656719,8.518843120070088
mtcnn/intra-sim/Donald_Rumsfeld_/12.png,intra-sim/Donald_Rumsfeld_,-4.513988458001262,-3.466872110939846,8.161898965307358
mtcnn/intra-sim/Donald_Rumsfeld_/2.png,intra-sim/Donald_Rumsfeld_,5.079607860014571,-27.770597738287513,7.333333333333371
mtcnn/intra-sim/Donald_Rumsfeld_/19.png,intra-sim/Donald_Rumsfeld_,-4.635463426902642,7.009345794392431,-5.089820359281376
mtcnn/intra-sim/Donald_Rumsfeld_/8.png,intra-sim/Donald_Rumsfeld_,5.572197803963796,-24.52492944496711,0.0461775269369866
mtcnn/intra-sim/Donald_Rumsfeld_/4.png,intra-sim/Donald_Rumsfeld_,1.548157698977968,-3.7661321861555592,4.26955702167767
mtcnn/intra-sim/Donald_Rumsfeld_/5.png,intra-sim/Donald_Rumsfeld_,-8.841814560191672,17.885742187500014,-4.199999999999989
mtcnn/intra-sim/Donald_Rumsfeld_/6.png,intra-sim/Donald_Rumsfeld_,-1.363927531602919,-28.234189104570945,-6.154608523290349
mtcnn/intra-sim/Jacques_Chirac_/3.png,intra-sim/Jacques_Chirac_,9.211026540816668,-27.394285714285807,-14.885813148788984
mtcnn/intra-sim/Jacques_Chirac_/15.png,intra-sim/Jacques_Chirac_,-12.380756928807177,0.8890180127833247,-24.526438117373715
mtcnn/intra-sim/Jacques_Chirac_/13.png,intra-sim/Jacques_Chirac_,-9.246112745563252,22.529304506381777,8.285872269837
mtcnn/intra-sim/Jacques_Chirac_/1.png,intra-sim/Jacques_Chirac_,-5.710593137499643,51.76991150442487,-2.2070844686647746
mtcnn/intra-sim/Jacques_Chirac_/7.png,intra-sim/Jacques_Chirac_,10.43747535111818,-21.371866295264525,-14.750733137829869
mtcnn/intra-sim/Jacques_Chirac_/9.png,intra-sim/Jacques_Chirac_,-8.530765609948133,4.821428571428612,-5.414634146341456
mtcnn/intra-sim/Jacques_Chirac_/18.png,intra-sim/Jacques_Chirac_,-2.8624052261117474,-25.090152565880885,1.0440835266821011
mtcnn/intra-sim/Jacques_Chirac_/17.png,intra-sim/Jacques_Chirac_,-11.560130794217766,-8.455861481691798,-16.582553839460502
mtcnn/intra-sim/Jacques_Chirac_/10.png,intra-sim/Jacques_Chirac_,6.1701750950296095,-5.731056563500431,-19.754535752401324
mtcnn/intra-sim/Jacques_Chirac_/20.png,intra-sim/Jacques_Chirac_,3.179830119864234,11.805792163543444,30.86956521739137
mtcnn/intra-sim/Jacques_Chirac_/14.png,intra-sim/Jacques_Chirac_,15.708637829015746,-46.30009319664481,-8.487918939984368
mtcnn/intra-sim/Jacques_Chirac_/11.png,intra-sim/Jacques_Chirac_,-12.528807709151511,52.60744985673361,-15.937500000000014
mtcnn/intra-sim/Jacques_Chirac_/12.png,intra-sim/Jacques_Chirac_,-3.01278750418334,21.319340329835217,-11.35714285714289
mtcnn/intra-sim/Jacques_Chirac_/2.png,intra-sim/Jacques_Chirac_,-15.524110996754256,-19.577464788732485,-6.541353383458656
mtcnn/intra-sim/Jacques_Chirac_/8.png,intra-sim/Jacques_Chirac_,-11.888658039627972,-42.85714285714298,-16.800634584875766
mtcnn/intra-sim/Jacques_Chirac_/4.png,intra-sim/Jacques_Chirac_,-4.398705354995532,39.00314795383005,18.554319931565303
mtcnn/intra-sim/Jacques_Chirac_/5.png,intra-sim/Jacques_Chirac_,0.0,40.68493150684933,-19.213483146067414
mtcnn/intra-sim/Jacques_Chirac_/6.png,intra-sim/Jacques_Chirac_,-4.289153328819018,2.4903677758318423,-13.01538461538452
mtcnn/intra-sim/Nestor_Kirchner_/3.png,intra-sim/Nestor_Kirchner_,11.040940180323732,13.78378378378376,-14.255201109570066
mtcnn/intra-sim/Nestor_Kirchner_/15.png,intra-sim/Nestor_Kirchner_,1.548157698977968,-3.240810202550577,-27.391304347826065
mtcnn/intra-sim/Nestor_Kirchner_/16.png,intra-sim/Nestor_Kirchner_,-5.572197803963796,12.482972136222957,-35.07482108002603
mtcnn/intra-sim/Nestor_Kirchner_/1.png,intra-sim/Nestor_Kirchner_,10.53918372862823,-35.62721893491123,-0.3914934751087173
mtcnn/intra-sim/Nestor_Kirchner_/7.png,intra-sim/Nestor_Kirchner_,8.130102354155978,-2.679509632224182,-18.06070826306916
mtcnn/intra-sim/Nestor_Kirchner_/9.png,intra-sim/Nestor_Kirchner_,-7.305759533310824,48.97815126050429,1.2936344969198927
mtcnn/intra-sim/Nestor_Kirchner_/18.png,intra-sim/Nestor_Kirchner_,-6.519801751656986,4.911971830985863,5.199999999999989
mtcnn/intra-sim/Nestor_Kirchner_/17.png,intra-sim/Nestor_Kirchner_,7.765166018425334,-19.88429752066115,-5.935397039030889
mtcnn/intra-sim/Nestor_Kirchner_/10.png,intra-sim/Nestor_Kirchner_,3.90049374238189,22.825229960578255,-2.516522623284174
mtcnn/intra-sim/Nestor_Kirchner_/20.png,intra-sim/Nestor_Kirchner_,5.194428907734806,-40.83333333333343,-13.467153284671513
mtcnn/intra-sim/Nestor_Kirchner_/14.png,intra-sim/Nestor_Kirchner_,3.094058058917111,-19.664967225054667,-3.7073863636364734
mtcnn/intra-sim/Nestor_Kirchner_/11.png,intra-sim/Nestor_Kirchner_,6.1701750950296095,-58.56412130069415,-28.190108733777656
mtcnn/intra-sim/Nestor_Kirchner_/12.png,intra-sim/Nestor_Kirchner_,4.289153328819018,29.463220675944314,-5.840927920463997
mtcnn/intra-sim/Nestor_Kirchner_/2.png,intra-sim/Nestor_Kirchner_,11.309932474020211,18.89999999999995,-26.61971830985907
mtcnn/intra-sim/Nestor_Kirchner_/19.png,intra-sim/Nestor_Kirchner_,-8.74616226255521,-13.4121274409044,-15.365853658536622
mtcnn/intra-sim/Nestor_Kirchner_/8.png,intra-sim/Nestor_Kirchner_,-11.888658039627972,1.772428884026283,-23.575525812619546
mtcnn/intra-sim/Nestor_Kirchner_/4.png,intra-sim/Nestor_Kirchner_,0.0,9.40298507462687,21.42857142857143
mtcnn/intra-sim/Nestor_Kirchner_/5.png,intra-sim/Nestor_Kirchner_,7.125016348901798,-23.322259136212764,-29.249999999999964
mtcnn/intra-sim/Nestor_Kirchner_/6.png,intra-sim/Nestor_Kirchner_,9.727578551401605,-61.66666666666667,5.05086970790947
retinaface/intra-sim/Gray_Davis_/3.png,intra-sim/Gray_Davis_,-2.4114246,14.039856,-20.009918
retinaface/intra-sim/Gray_Davis_/15.png,intra-sim/Gray_Davis_,-6.8370113,9.356941,-7.524559
retinaface/intra-sim/Gray_Davis_/16.png,intra-sim/Gray_Davis_,6.872357,90.44687,-38.84468
retinaface/intra-sim/Gray_Davis_/13.png,intra-sim/Gray_Davis_,5.9845304,-20.330742,-2.681343
retinaface/intra-sim/Gray_Davis_/1.png,intra-sim/Gray_Davis_,-14.066269,-43.014465,-16.68705
retinaface/intra-sim/Gray_Davis_/7.png,intra-sim/Gray_Davis_,-1.6254514,-11.315727,-17.500679
retinaface/intra-sim/Gray_Davis_/9.png,intra-sim/Gray_Davis_,14.275474,-26.402683,-24.080734
retinaface/intra-sim/Gray_Davis_/18.png,intra-sim/Gray_Davis_,-3.8994715,6.9102173,12.38765
retinaface/intra-sim/Gray_Davis_/17.png,intra-sim/Gray_Davis_,3.6494014,17.127235,3.0237122
retinaface/intra-sim/Gray_Davis_/10.png,intra-sim/Gray_Davis_,-6.455225,-39.095016,-1.6949463
retinaface/intra-sim/Gray_Davis_/20.png,intra-sim/Gray_Davis_,2.9263577,50.48819,2.6743774
retinaface/intra-sim/Gray_Davis_/14.png,intra-sim/Gray_Davis_,3.377858,19.56131,-18.992096
retinaface/intra-sim/Gray_Davis_/11.png,intra-sim/Gray_Davis_,-2.8019347,-21.866959,-11.53373
retinaface/intra-sim/Gray_Davis_/12.png,intra-sim/Gray_Davis_,4.143398,15.731598,-42.286606
retinaface/intra-sim/Gray_Davis_/2.png,intra-sim/Gray_Davis_,-5.5762873,3.5127945,13.823509
retinaface/intra-sim/Gray_Davis_/19.png,intra-sim/Gray_Davis_,8.580077,-52.569214,-17.35411
retinaface/intra-sim/Gray_Davis_/8.png,intra-sim/Gray_Davis_,-7.0091066,0.51628876,-3.8296585
retinaface/intra-sim/Gray_Davis_/4.png,intra-sim/Gray_Davis_,2.9178011,-23.305061,-17.496193
retinaface/intra-sim/Gray_Davis_/5.png,intra-sim/Gray_Davis_,-7.8759727,9.125,-29.658321
retinaface/intra-sim/Gray_Davis_/6.png,intra-sim/Gray_Davis_,-9.175524,-20.799492,7.0014343
retinaface/intra-sim/Paul_Bremer_/3.png,intra-sim/Paul_Bremer_,9.719962,6.0296097,-14.016342
retinaface/intra-sim/Paul_Bremer_/15.png,intra-sim/Paul_Bremer_,-5.74335,69.75662,-4.367996
retinaface/intra-sim/Paul_Bremer_/16.png,intra-sim/Paul_Bremer_,-2.7428803,66.72949,5.2615814
retinaface/intra-sim/Paul_Bremer_/13.png,intra-sim/Paul_Bremer_,6.3437405,-10.61026,-4.687599
retinaface/intra-sim/Paul_Bremer_/1.png,intra-sim/Paul_Bremer_,-6.996346,102.19548,5.465248
retinaface/intra-sim/Paul_Bremer_/7.png,intra-sim/Paul_Bremer_,4.0486574,22.31765,19.075058
retinaface/intra-sim/Paul_Bremer_/9.png,intra-sim/Paul_Bremer_,-12.180099,1.897583,-2.0097427
retinaface/intra-sim/Paul_Bremer_/18.png,intra-sim/Paul_Bremer_,8.051804,34.158997,3.6960526
retinaface/intra-sim/Paul_Bremer_/17.png,intra-sim/Paul_Bremer_,7.153114,-1.9139404,5.4284744
retinaface/intra-sim/Paul_Bremer_/10.png,intra-sim/Paul_Bremer_,-12.233766,-32.764816,-11.98587
retinaface/intra-sim/Paul_Bremer_/20.png,intra-sim/Paul_Bremer_,-0.98060244,17.717422,4.7662354
retinaface/intra-sim/Paul_Bremer_/14.png,intra-sim/Paul_Bremer_,9.071716,12.448135,14.112549
retinaface/intra-sim/Paul_Bremer_/11.png,intra-sim/Paul_Bremer_,-10.422628,15.865364,1.380516
retinaface/intra-sim/Paul_Bremer_/12.png,intra-sim/Paul_Bremer_,-0.3691393,12.229401,-6.7094803
retinaface/intra-sim/Paul_Bremer_/2.png,intra-sim/Paul_Bremer_,-4.553524,-3.9429321,3.4097214
retinaface/intra-sim/Paul_Bremer_/19.png,intra-sim/Paul_Bremer_,5.092786,36.835625,-10.816475
retinaface/intra-sim/Paul_Bremer_/8.png,intra-sim/Paul_Bremer_,-6.0150547,8.577652,0.45022583
retinaface/intra-sim/Paul_Bremer_/4.png,intra-sim/Paul_Bremer_,-9.409062,-51.06277,-11.164444
retinaface/intra-sim/Paul_Bremer_/5.png,intra-sim/Paul_Bremer_,-8.678051,8.029243,-7.712776
retinaface/intra-sim/Paul_Bremer_/6.png,intra-sim/Paul_Bremer_,6.6946397,35.037163,0.85295105
retinaface/intra-sim/Junichiro_Koizumi_/3.png,intra-sim/Junichiro_Koizumi_,-7.830877,0.23348236,12.072563
retinaface/intra-sim/Junichiro_Koizumi_/15.png,intra-sim/Junichiro_Koizumi_,-4.108016,-20.2314,-11.330009
retinaface/intra-sim/Junichiro_Koizumi_/16.png,intra-sim/Junichiro_Koizumi_,-8.979936,68.615005,9.562172
retinaface/intra-sim/Junichiro_Koizumi_/13.png,intra-sim/Junichiro_Koizumi_,-9.078304,48.81465,-21.303734
retinaface/intra-sim/Junichiro_Koizumi_/1.png,intra-sim/Junichiro_Koizumi_,-5.244398,66.89639,-5.0329666
retinaface/intra-sim/Junichiro_Koizumi_/7.png,intra-sim/Junichiro_Koizumi_,-7.253991,-16.063507,-1.8346405
retinaface/intra-sim/Junichiro_Koizumi_/9.png,intra-sim/Junichiro_Koizumi_,-1.6997225,-7.7383423,-26.266644
retinaface/intra-sim/Junichiro_Koizumi_/18.png,intra-sim/Junichiro_Koizumi_,9.5635,-4.0176697,-13.410217
retinaface/intra-sim/Junichiro_Koizumi_/17.png,intra-sim/Junichiro_Koizumi_,-4.79718,-0.03954315,-13.394348
retinaface/intra-sim/Junichiro_Koizumi_/10.png,intra-sim/Junichiro_Koizumi_,-1.7684842,-18.109512,-19.63926
retinaface/intra-sim/Junichiro_Koizumi_/20.png,intra-sim/Junichiro_Koizumi_,0.73128885,19.62616,-10.981857
retinaface/intra-sim/Junichiro_Koizumi_/14.png,intra-sim/Junichiro_Koizumi_,-3.6330175,48.058853,-9.53109
retinaface/intra-sim/Junichiro_Koizumi_/11.png,intra-sim/Junichiro_Koizumi_,-6.7055516,-27.405018,-15.920601
retinaface/intra-sim/Junichiro_Koizumi_/12.png,intra-sim/Junichiro_Koizumi_,-6.124858,60.780243,-2.1304092
retinaface/intra-sim/Junichiro_Koizumi_/2.png,intra-sim/Junichiro_Koizumi_,-4.3952856,58.30394,-4.2131042
retinaface/intra-sim/Junichiro_Koizumi_/19.png,intra-sim/Junichiro_Koizumi_,-3.646419,59.69847,-9.258339
retinaface/intra-sim/Junichiro_Koizumi_/8.png,intra-sim/Junichiro_Koizumi_,-9.32764,43.275375,-22.228188
retinaface/intra-sim/Junichiro_Koizumi_/4.png,intra-sim/Junichiro_Koizumi_,6.3225627,-16.133545,-18.669807
retinaface/intra-sim/Junichiro_Koizumi_/5.png,intra-sim/Junichiro_Koizumi_,-9.543827,58.61798,-11.702461
retinaface/intra-sim/Junichiro_Koizumi_/6.png,intra-sim/Junichiro_Koizumi_,6.038631,-17.639198,-13.236427
retinaface/intra-sim/Tom_Daschle_/3.png,intra-sim/Tom_Daschle_,0.6711156,-11.007919,-3.5018692
retinaface/intra-sim/Tom_Daschle_/15.png,intra-sim/Tom_Daschle_,-2.8409297,-6.7774353,-36.78069
retinaface/intra-sim/Tom_Daschle_/16.png,intra-sim/Tom_Daschle_,-2.534125,19.630455,-19.561806
retinaface/intra-sim/Tom_Daschle_/13.png,intra-sim/Tom_Daschle_,-10.987851,-11.312965,-20.882019
retinaface/intra-sim/Tom_Daschle_/1.png,intra-sim/Tom_Daschle_,-1.474647,-35.44847,-10.2367325
retinaface/intra-sim/Tom_Daschle_/7.png,intra-sim/Tom_Daschle_,-10.2874365,-35.692623,-12.175377
retinaface/intra-sim/Tom_Daschle_/9.png,intra-sim/Tom_Daschle_,-6.922686,-4.8919907,-32.560516
retinaface/intra-sim/Tom_Daschle_/18.png,intra-sim/Tom_Daschle_,1.714296,22.76223,3.475563
retinaface/intra-sim/Tom_Daschle_/17.png,intra-sim/Tom_Daschle_,-12.632522,18.933426,-34.451843
retinaface/intra-sim/Tom_Daschle_/10.png,intra-sim/Tom_Daschle_,1.1750216,8.235588,-14.249565
retinaface/intra-sim/Tom_Daschle_/20.png,intra-sim/Tom_Daschle_,-1.8184706,6.10569,4.978821
retinaface/intra-sim/Tom_Daschle_/14.png,intra-sim/Tom_Daschle_,-3.1300762,2.4617996,-39.53785
retinaface/intra-sim/Tom_Daschle_/11.png,intra-sim/Tom_Daschle_,15.5605,-18.582779,-7.7911453
retinaface/intra-sim/Tom_Daschle_/12.png,intra-sim/Tom_Daschle_,8.711691,-2.290245,-15.907394
retinaface/intra-sim/Tom_Daschle_/2.png,intra-sim/Tom_Daschle_,-0.6387748,-8.019508,4.2681503
retinaface/intra-sim/Tom_Daschle_/19.png,intra-sim/Tom_Daschle_,3.7697854,114.80771,-17.887474
retinaface/intra-sim/Tom_Daschle_/8.png,intra-sim/Tom_Daschle_,-4.2848897,36.28882,-20.249031
retinaface/intra-sim/Tom_Daschle_/4.png,intra-sim/Tom_Daschle_,8.576317,-44.12071,1.8698273
retinaface/intra-sim/Tom_Daschle_/5.png,intra-sim/Tom_Daschle_,1.70055,-2.2415314,-16.502357
retinaface/intra-sim/Tom_Daschle_/6.png,intra-sim/Tom_Daschle_,-5.4137983,-17.979591,-22.366364
retinaface/intra-sim/Atal_Bihari_Vajpayee_/3.png,intra-sim/Atal_Bihari_Vajpayee_,0.30147022,-4.0579605,4.00885
retinaface/intra-sim/Atal_Bihari_Vajpayee_/15.png,intra-sim/Atal_Bihari_Vajpayee_,2.3438911,9.766991,-20.796417
retinaface/intra-sim/Atal_Bihari_Vajpayee_/16.png,intra-sim/Atal_Bihari_Vajpayee_,-0.20543237,-22.151596,-1.6191025
retinaface/intra-sim/Atal_Bihari_Vajpayee_/13.png,intra-sim/Atal_Bihari_Vajpayee_,1.8119558,-26.57866,-6.5227127
retinaface/intra-sim/Atal_Bihari_Vajpayee_/1.png,intra-sim/Atal_Bihari_Vajpayee_,-1.4181836,22.323898,19.075897
retinaface/intra-sim/Atal_Bihari_Vajpayee_/7.png,intra-sim/Atal_Bihari_Vajpayee_,0.83481514,-8.780937,-38.041855
retinaface/intra-sim/Atal_Bihari_Vajpayee_/9.png,intra-sim/Atal_Bihari_Vajpayee_,1.2158699,36.962456,-14.20327
retinaface/intra-sim/Atal_Bihari_Vajpayee_/18.png,intra-sim/Atal_Bihari_Vajpayee_,-2.340528,34.160187,-7.717186
retinaface/intra-sim/Atal_Bihari_Vajpayee_/17.png,intra-sim/Atal_Bihari_Vajpayee_,4.4107995,13.922615,-16.986343
retinaface/intra-sim/Atal_Bihari_Vajpayee_/10.png,intra-sim/Atal_Bihari_Vajpayee_,2.2115328,-48.90485,-8.78492
retinaface/intra-sim/Atal_Bihari_Vajpayee_/20.png,intra-sim/Atal_Bihari_Vajpayee_,-0.3306353,-14.416649,-9.675316
retinaface/intra-sim/Atal_Bihari_Vajpayee_/14.png,intra-sim/Atal_Bihari_Vajpayee_,4.309443,4.543701,-8.910858
retinaface/intra-sim/Atal_Bihari_Vajpayee_/11.png,intra-sim/Atal_Bihari_Vajpayee_,8.168704,7.7544937,-62.555367
retinaface/intra-sim/Atal_Bihari_Vajpayee_/12.png,intra-sim/Atal_Bihari_Vajpayee_,3.9426997,27.248161,-10.240318
retinaface/intra-sim/Atal_Bihari_Vajpayee_/2.png,intra-sim/Atal_Bihari_Vajpayee_,-0.95477706,17.788094,-7.295967
retinaface/intra-sim/Atal_Bihari_Vajpayee_/19.png,intra-sim/Atal_Bihari_Vajpayee_,-1.9870108,-21.738579,-26.176281
retinaface/intra-sim/Atal_Bihari_Vajpayee_/8.png,intra-sim/Atal_Bihari_Vajpayee_,-8.344516,10.793816,34.457733
retinaface/intra-sim/Atal_Bihari_Vajpayee_/4.png,intra-sim/Atal_Bihari_Vajpayee_,0.8152407,-7.356125,-1.3638306
retinaface/intra-sim/Atal_Bihari_Vajpayee_/5.png,intra-sim/Atal_Bihari_Vajpayee_,2.6681845,-53.92589,-20.537163
retinaface/intra-sim/Atal_Bihari_Vajpayee_/6.png,intra-sim/Atal_Bihari_Vajpayee_,-1.6894333,9.0839,42.43605
retinaface/intra-sim/Guillermo_Coria_/3.png,intra-sim/Guillermo_Coria_,-3.277878,17.168228,25.311249
retinaface/intra-sim/Guillermo_Coria_/15.png,intra-sim/Guillermo_Coria_,1.3267536,14.790985,0.04484558
retinaface/intra-sim/Guillermo_Coria_/16.png,intra-sim/Guillermo_Coria_,3.895491,28.87976,7.801834
retinaface/intra-sim/Guillermo_Coria_/13.png,intra-sim/Guillermo_Coria_,-3.340445,-38.05704,13.36747
retinaface/intra-sim/Guillermo_Coria_/1.png,intra-sim/Guillermo_Coria_,-5.6832,-3.9652863,8.9915085
retinaface/intra-sim/Guillermo_Coria_/7.png,intra-sim/Guillermo_Coria_,5.287418,-15.237488,0.12563324
retinaface/intra-sim/Guillermo_Coria_/9.png,intra-sim/Guillermo_Coria_,9.478679,-18.754532,21.24839
retinaface/intra-sim/Guillermo_Coria_/18.png,intra-sim/Guillermo_Coria_,3.6893167,-0.6347809,16.864677
retinaface/intra-sim/Guillermo_Coria_/17.png,intra-sim/Guillermo_Coria_,2.3713224,4.9591064,17.646912
retinaface/intra-sim/Guillermo_Coria_/10.png,intra-sim/Guillermo_Coria_,-13.135545,-38.740463,37.92009
retinaface/intra-sim/Guillermo_Coria_/20.png,intra-sim/Guillermo_Coria_,-10.108321,61.54419,5.4181213
retinaface/intra-sim/Guillermo_Coria_/14.png,intra-sim/Guillermo_Coria_,-4.282088,7.5982513,30.137726
retinaface/intra-sim/Guillermo_Coria_/11.png,intra-sim/Guillermo_Coria_,-6.1171308,-28.370235,21.019035
retinaface/intra-sim/Guillermo_Coria_/12.png,intra-sim/Guillermo_Coria_,-3.3531094,10.147232,19.587921
retinaface/intra-sim/Guillermo_Coria_/2.png,intra-sim/Guillermo_Coria_,-0.14943954,19.012764,5.131523
retinaface/intra-sim/Guillermo_Coria_/19.png,intra-sim/Guillermo_Coria_,-2.0085888,-28.122208,7.063179
retinaface/intra-sim/Guillermo_Coria_/8.png,intra-sim/Guillermo_Coria_,0.68409383,9.563347,7.0620346
retinaface/intra-sim/Guillermo_Coria_/4.png,intra-sim/Guillermo_Coria_,1.7344685,12.442352,4.298645
retinaface/intra-sim/Guillermo_Coria_/5.png,intra-sim/Guillermo_Coria_,-5.416756,6.086937,-3.05513
retinaface/intra-sim/Guillermo_Coria_/6.png,intra-sim/Guillermo_Coria_,-5.9402204,0.51716614,8.9348755
retinaface/intra-sim/John_Negroponte_/3.png,intra-sim/John_Negroponte_,-14.400673,-4.145935,-18.920807
retinaface/intra-sim/John_Negroponte_/15.png,intra-sim/John_Negroponte_,4.5047293,-36.67348,-38.9911
retinaface/intra-sim/John_Negroponte_/16.png,intra-sim/John_Negroponte_,-4.619739,-28.040688,-8.453903
retinaface/intra-sim/John_Negroponte_/13.png,intra-sim/John_Negroponte_,1.2582935,17.097687,-17.792938
retinaface/intra-sim/John_Negroponte_/1.png,intra-sim/John_Negroponte_,1.5375385,-42.312157,-25.752136
retinaface/intra-sim/John_Negroponte_/7.png,intra-sim/John_Negroponte_,5.3471966,-88.48432,-17.852905
retinaface/intra-sim/John_Negroponte_/9.png,intra-sim/John_Negroponte_,-6.7825556,-49.72669,-9.326019
retinaface/intra-sim/John_Negroponte_/18.png,intra-sim/John_Negroponte_,-8.593446,3.4030228,-16.779099
retinaface/intra-sim/John_Negroponte_/17.png,intra-sim/John_Negroponte_,5.234728,45.595016,-20.646835
retinaface/intra-sim/John_Negroponte_/10.png,intra-sim/John_Negroponte_,-2.8193567,-25.327606,-8.990524
retinaface/intra-sim/John_Negroponte_/20.png,intra-sim/John_Negroponte_,-0.7101812,13.555824,-13.126801
retinaface/intra-sim/John_Negroponte_/14.png,intra-sim/John_Negroponte_,0.7653963,6.982048,-8.553528
retinaface/intra-sim/John_Negroponte_/11.png,intra-sim/John_Negroponte_,-6.3851805,0.8425369,-22.8553
retinaface/intra-sim/John_Negroponte_/12.png,intra-sim/John_Negroponte_,-1.3046361,25.036087,-12.655151
retinaface/intra-sim/John_Negroponte_/2.png,intra-sim/John_Negroponte_,-1.189586,-32.24897,-15.013931
retinaface/intra-sim/John_Negroponte_/19.png,intra-sim/John_Negroponte_,-0.12326127,-50.0758,-3.4494858
retinaface/intra-sim/John_Negroponte_/8.png,intra-sim/John_Negroponte_,-1.1417942,-24.13884,-7.97097
retinaface/intra-sim/John_Negroponte_/4.png,intra-sim/John_Negroponte_,2.4345248,25.231499,-12.257088
retinaface/intra-sim/John_Negroponte_/5.png,intra-sim/John_Negroponte_,3.6448674,27.16343,-18.306541
retinaface/intra-sim/John_Negroponte_/6.png,intra-sim/John_Negroponte_,-0.76904184,9.684319,-15.213356
retinaface/intra-sim/Mahmoud_Abbas_/3.png,intra-sim/Mahmoud_Abbas_,-2.3299682,0.12334442,-18.719925
retinaface/intra-sim/Mahmoud_Abbas_/15.png,intra-sim/Mahmoud_Abbas_,-10.304581,-9.287842,-8.933289
retinaface/intra-sim/Mahmoud_Abbas_/16.png,intra-sim/Mahmoud_Abbas_,0.5657901,33.863266,-2.5760117
retinaface/intra-sim/Mahmoud_Abbas_/13.png,intra-sim/Mahmoud_Abbas_,0.47769877,16.80201,-15.430702
retinaface/intra-sim/Mahmoud_Abbas_/1.png,intra-sim/Mahmoud_Abbas_,2.3195133,-20.804993,-17.243324
retinaface/intra-sim/Mahmoud_Abbas_/7.png,intra-sim/Mahmoud_Abbas_,-0.4140138,30.607368,-10.126831
retinaface/intra-sim/Mahmoud_Abbas_/9.png,intra-sim/Mahmoud_Abbas_,-14.367872,35.21209,-9.992851
retinaface/intra-sim/Mahmoud_Abbas_/18.png,intra-sim/Mahmoud_Abbas_,-6.8533583,39.558395,-14.687088
retinaface/intra-sim/Mahmoud_Abbas_/17.png,intra-sim/Mahmoud_Abbas_,-0.8518645,-0.7961197,-39.856438
retinaface/intra-sim/Mahmoud_Abbas_/10.png,intra-sim/Mahmoud_Abbas_,9.388696,9.597839,-16.413406
retinaface/intra-sim/Mahmoud_Abbas_/20.png,intra-sim/Mahmoud_Abbas_,-7.873165,39.128555,-1.6776276
retinaface/intra-sim/Mahmoud_Abbas_/14.png,intra-sim/Mahmoud_Abbas_,-3.7496624,32.52617,-22.206642
retinaface/intra-sim/Mahmoud_Abbas_/11.png,intra-sim/Mahmoud_Abbas_,-0.55768615,-39.221985,-29.582775
retinaface/intra-sim/Mahmoud_Abbas_/12.png,intra-sim/Mahmoud_Abbas_,-5.461755,-3.829628,-14.848885
retinaface/intra-sim/Mahmoud_Abbas_/2.png,intra-sim/Mahmoud_Abbas_,-2.4710667,-2.3374481,-12.105896
retinaface/intra-sim/Mahmoud_Abbas_/19.png,intra-sim/Mahmoud_Abbas_,-4.608884,-24.85012,-22.87606
retinaface/intra-sim/Mahmoud_Abbas_/8.png,intra-sim/Mahmoud_Abbas_,-1.4836869,48.91063,-26.999928
retinaface/intra-sim/Mahmoud_Abbas_/4.png,intra-sim/Mahmoud_Abbas_,-5.723133,2.8742447,-38.689816
retinaface/intra-sim/Mahmoud_Abbas_/5.png,intra-sim/Mahmoud_Abbas_,-9.453352,-40.122383,-33.81189
retinaface/intra-sim/Mahmoud_Abbas_/6.png,intra-sim/Mahmoud_Abbas_,0.97938055,-30.766285,-37.880726
retinaface/intra-sim/Michael_Bloomberg_/3.png,intra-sim/Michael_Bloomberg_,3.4928823,-4.7129593,19.419952
retinaface/intra-sim/Michael_Bloomberg_/15.png,intra-sim/Michael_Bloomberg_,-5.5000715,-34.92509,4.8618927
retinaface/intra-sim/Michael_Bloomberg_/16.png,intra-sim/Michael_Bloomberg_,-4.216313,-52.201405,-14.196365
retinaface/intra-sim/Michael_Bloomberg_/13.png,intra-sim/Michael_Bloomberg_,-17.77035,27.743324,-8.560791
retinaface/intra-sim/Michael_Bloomberg_/1.png,intra-sim/Michael_Bloomberg_,-3.9194407,-50.407112,-29.181221
retinaface/intra-sim/Michael_Bloomberg_/7.png,intra-sim/Michael_Bloomberg_,-6.0773063,31.948738,-8.334267
retinaface/intra-sim/Michael_Bloomberg_/9.png,intra-sim/Michael_Bloomberg_,-0.9755451,-18.99363,-10.835701
retinaface/intra-sim/Michael_Bloomberg_/18.png,intra-sim/Michael_Bloomberg_,-3.3865194,0.1059494,10.454842
retinaface/intra-sim/Michael_Bloomberg_/17.png,intra-sim/Michael_Bloomberg_,-1.0493464,14.735283,-13.55954
retinaface/intra-sim/Michael_Bloomberg_/10.png,intra-sim/Michael_Bloomberg_,-9.823632,21.417412,-6.907379
retinaface/intra-sim/Michael_Bloomberg_/20.png,intra-sim/Michael_Bloomberg_,-1.3329864,-10.568451,-15.078827
retinaface/intra-sim/Michael_Bloomberg_/14.png,intra-sim/Michael_Bloomberg_,-8.64161,-139.83197,-5.287613
retinaface/intra-sim/Michael_Bloomberg_/11.png,intra-sim/Michael_Bloomberg_,-2.9514713,31.429474,-4.3138275
retinaface/intra-sim/Michael_Bloomberg_/12.png,intra-sim/Michael_Bloomberg_,-11.883339,4.7785873,1.2699738
retinaface/intra-sim/Michael_Bloomberg_/2.png,intra-sim/Michael_Bloomberg_,1.6257128,-10.595505,-7.47731
retinaface/intra-sim/Michael_Bloomberg_/19.png,intra-sim/Michael_Bloomberg_,-1.7991196,-10.276154,-14.464729
retinaface/intra-sim/Michael_Bloomberg_/8.png,intra-sim/Michael_Bloomberg_,-5.47928,23.49395,-22.540901
retinaface/intra-sim/Michael_Bloomberg_/4.png,intra-sim/Michael_Bloomberg_,-2.5059097,-15.726707,9.68824
retinaface/intra-sim/Michael_Bloomberg_/5.png,intra-sim/Michael_Bloomberg_,6.607801,-16.651978,6.792366
retinaface/intra-sim/Michael_Bloomberg_/6.png,intra-sim/Michael_Bloomberg_,-4.9692163,-17.958778,-9.199478
retinaface/intra-sim/Roh_Moo-hyun_/3.png,intra-sim/Roh_Moo-hyun_,-5.506212,-7.2179184,12.14064
retinaface/intra-sim/Roh_Moo-hyun_/15.png,intra-sim/Roh_Moo-hyun_,-5.5906487,-0.8981323,4.330864
retinaface/intra-sim/Roh_Moo-hyun_/16.png,intra-sim/Roh_Moo-hyun_,0.045840293,-6.6011887,-19.771133
retinaface/intra-sim/Roh_Moo-hyun_/13.png,intra-sim/Roh_Moo-hyun_,-10.656092,14.428993,-15.485527
retinaface/intra-sim/Roh_Moo-hyun_/1.png,intra-sim/Roh_Moo-hyun_,-4.05156,13.99295,1.3861084
retinaface/intra-sim/Roh_Moo-hyun_/7.png,intra-sim/Roh_Moo-hyun_,-1.3047609,7.62706,-29.332802
retinaface/intra-sim/Roh_Moo-hyun_/9.png,intra-sim/Roh_Moo-hyun_,2.287335,20.538506,-21.357613
retinaface/intra-sim/Roh_Moo-hyun_/18.png,intra-sim/Roh_Moo-hyun_,-2.3447428,-8.023445,-9.114082
retinaface/intra-sim/Roh_Moo-hyun_/17.png,intra-sim/Roh_Moo-hyun_,-4.630412,15.612839,-21.132896
retinaface/intra-sim/Roh_Moo-hyun_/10.png,intra-sim/Roh_Moo-hyun_,-3.5300274,-19.487572,-6.474991
retinaface/intra-sim/Roh_Moo-hyun_/20.png,intra-sim/Roh_Moo-hyun_,-3.129017,14.038391,-22.154762
retinaface/intra-sim/Roh_Moo-hyun_/14.png,intra-sim/Roh_Moo-hyun_,2.6913738,12.418663,-24.915161
retinaface/intra-sim/Roh_Moo-hyun_/11.png,intra-sim/Roh_Moo-hyun_,-1.9998201,-5.104416,-6.9195023
retinaface/intra-sim/Roh_Moo-hyun_/12.png,intra-sim/Roh_Moo-hyun_,-4.3700094,-1.177742,-1.3324966
retinaface/intra-sim/Roh_Moo-hyun_/2.png,intra-sim/Roh_Moo-hyun_,2.5127947,-2.0387344,-16.406425
retinaface/intra-sim/Roh_Moo-hyun_/19.png,intra-sim/Roh_Moo-hyun_,-1.6807678,12.749229,-23.740295
retinaface/intra-sim/Roh_Moo-hyun_/8.png,intra-sim/Roh_Moo-hyun_,-0.9369235,-1.3535461,-15.025047
retinaface/intra-sim/Roh_Moo-hyun_/4.png,intra-sim/Roh_Moo-hyun_,-2.4039414,-36.09443,-4.2962265
retinaface/intra-sim/Roh_Moo-hyun_/5.png,intra-sim/Roh_Moo-hyun_,8.544014,-29.703888,-10.075325
retinaface/intra-sim/Roh_Moo-hyun_/6.png,intra-sim/Roh_Moo-hyun_,-10.267007,78.31947,9.069183
retinaface/intra-sim/David_Beckham_/3.png,intra-sim/David_Beckham_,-3.7776442,-1.9035187,-23.194328
retinaface/intra-sim/David_Beckham_/15.png,intra-sim/David_Beckham_,-5.85723,-33.27012,5.237938
retinaface/intra-sim/David_Beckham_/16.png,intra-sim/David_Beckham_,-10.479191,-19.631264,-10.089279
retinaface/intra-sim/David_Beckham_/13.png,intra-sim/David_Beckham_,-4.074507,-23.39531,-40.654083
retinaface/intra-sim/David_Beckham_/1.png,intra-sim/David_Beckham_,4.458056,-90.8294,-9.602837
retinaface/intra-sim/David_Beckham_/7.png,intra-sim/David_Beckham_,7.0909114,-2.39505,-30.747948
retinaface/intra-sim/David_Beckham_/9.png,intra-sim/David_Beckham_,-3.3977547,-1.9282074,4.49144
retinaface/intra-sim/David_Beckham_/18.png,intra-sim/David_Beckham_,-1.4524348,1.7416077,9.775604
retinaface/intra-sim/David_Beckham_/17.png,intra-sim/David_Beckham_,0.7324997,10.728783,-28.79316
retinaface/intra-sim/David_Beckham_/10.png,intra-sim/David_Beckham_,-1.3622411,-53.54784,-4.3708878
retinaface/intra-sim/David_Beckham_/20.png,intra-sim/David_Beckham_,-1.9799045,-5.32209,-51.589985
retinaface/intra-sim/David_Beckham_/14.png,intra-sim/David_Beckham_,-0.5882093,1.1517715,-35.484188
retinaface/intra-sim/David_Beckham_/11.png,intra-sim/David_Beckham_,-1.6975046,11.613098,-28.89431
retinaface/intra-sim/David_Beckham_/12.png,intra-sim/David_Beckham_,3.3866541,-12.211159,-34.14019
retinaface/intra-sim/David_Beckham_/2.png,intra-sim/David_Beckham_,-0.79873466,-12.712318,-5.674774
retinaface/intra-sim/David_Beckham_/19.png,intra-sim/David_Beckham_,0.3314183,-37.189854,-26.579147
retinaface/intra-sim/David_Beckham_/8.png,intra-sim/David_Beckham_,-0.24907677,-26.513733,0.3074417
retinaface/intra-sim/David_Beckham_/4.png,intra-sim/David_Beckham_,6.242319,53.073395,-31.073673
retinaface/intra-sim/David_Beckham_/5.png,intra-sim/David_Beckham_,-0.4060542,12.868698,-7.704132
retinaface/intra-sim/David_Beckham_/6.png,intra-sim/David_Beckham_,3.3364105,-8.996666,-31.891071
retinaface/intra-sim/George_Robertson_/3.png,intra-sim/George_Robertson_,6.824531,-5.884987,-9.695152
retinaface/intra-sim/George_Robertson_/15.png,intra-sim/George_Robertson_,2.2818308,-74.048904,19.755943
retinaface/intra-sim/George_Robertson_/16.png,intra-sim/George_Robertson_,-4.7172627,-12.994247,-6.5731735
retinaface/intra-sim/George_Robertson_/13.png,intra-sim/George_Robertson_,-0.28378332,-60.848843,28.253998
retinaface/intra-sim/George_Robertson_/1.png,intra-sim/George_Robertson_,-3.881758,47.3528,-24.48558
retinaface/intra-sim/George_Robertson_/7.png,intra-sim/George_Robertson_,-6.624318,-6.6402435,24.357574
retinaface/intra-sim/George_Robertson_/9.png,intra-sim/George_Robertson_,1.060315,-7.8851776,-17.161575
retinaface/intra-sim/George_Robertson_/18.png,intra-sim/George_Robertson_,-9.402737,60.225906,0.018501282
retinaface/intra-sim/George_Robertson_/17.png,intra-sim/George_Robertson_,2.2295387,-14.184235,-18.786606
retinaface/intra-sim/George_Robertson_/10.png,intra-sim/George_Robertson_,-3.8666286,-44.433735,-21.15374
retinaface/intra-sim/George_Robertson_/20.png,intra-sim/George_Robertson_,9.862308,-107.665634,8.084808
retinaface/intra-sim/George_Robertson_/14.png,intra-sim/George_Robertson_,-0.75389874,37.350937,-9.023888
retinaface/intra-sim/George_Robertson_/11.png,intra-sim/George_Robertson_,4.0948095,31.055473,30.688873
retinaface/intra-sim/George_Robertson_/12.png,intra-sim/George_Robertson_,10.492296,-55.09098,7.2483215
retinaface/intra-sim/George_Robertson_/2.png,intra-sim/George_Robertson_,-1.6469846,-13.734169,3.7098846
retinaface/intra-sim/George_Robertson_/19.png,intra-sim/George_Robertson_,-11.890871,-16.686386,-5.6487274
retinaface/intra-sim/George_Robertson_/8.png,intra-sim/George_Robertson_,-8.580086,29.273888,-20.913635
retinaface/intra-sim/George_Robertson_/4.png,intra-sim/George_Robertson_,-9.182251,37.152504,-6.1447144
retinaface/intra-sim/George_Robertson_/5.png,intra-sim/George_Robertson_,6.991049,6.7859497,-3.7723694
retinaface/intra-sim/George_Robertson_/6.png,intra-sim/George_Robertson_,-3.6020508,8.256989,2.4362717
retinaface/intra-sim/Hamid_Karzai_/3.png,intra-sim/Hamid_Karzai_,3.7388318,39.512817,-16.229546
retinaface/intra-sim/Hamid_Karzai_/15.png,intra-sim/Hamid_Karzai_,2.9597852,3.5925064,30.877495
retinaface/intra-sim/Hamid_Karzai_/16.png,intra-sim/Hamid_Karzai_,-7.5531006,-47.61281,-2.795967
retinaface/intra-sim/Hamid_Karzai_/13.png,intra-sim/Hamid_Karzai_,1.5647814,-1.5280991,-43.936028
retinaface/intra-sim/Hamid_Karzai_/1.png,intra-sim/Hamid_Karzai_,-3.8030012,11.084503,-25.018929
retinaface/intra-sim/Hamid_Karzai_/7.png,intra-sim/Hamid_Karzai_,-9.40447,19.04908,-23.210655
retinaface/intra-sim/Hamid_Karzai_/9.png,intra-sim/Hamid_Karzai_,-8.5783615,-14.288071,-33.37073
retinaface/intra-sim/Hamid_Karzai_/18.png,intra-sim/Hamid_Karzai_,2.4810355,-35.76018,-11.209694
retinaface/intra-sim/Hamid_Karzai_/17.png,intra-sim/Hamid_Karzai_,7.857072,31.471283,8.235893
retinaface/intra-sim/Hamid_Karzai_/10.png,intra-sim/Hamid_Karzai_,1.3724895,-20.607628,-23.865273
retinaface/intra-sim/Hamid_Karzai_/20.png,intra-sim/Hamid_Karzai_,-3.3488557,-1.8086166,0.36652374
retinaface/intra-sim/Hamid_Karzai_/14.png,intra-sim/Hamid_Karzai_,2.1907067,-9.60038,-48.092075
retinaface/intra-sim/Hamid_Karzai_/11.png,intra-sim/Hamid_Karzai_,2.1578465,18.345078,-18.492607
retinaface/intra-sim/Hamid_Karzai_/12.png,intra-sim/Hamid_Karzai_,10.419325,-10.722206,-47.448498
retinaface/intra-sim/Hamid_Karzai_/2.png,intra-sim/Hamid_Karzai_,-0.101547174,-109.33388,-15.273468
retinaface/intra-sim/Hamid_Karzai_/19.png,intra-sim/Hamid_Karzai_,1.3329736,-32.225327,8.613441
retinaface/intra-sim/Hamid_Karzai_/8.png,intra-sim/Hamid_Karzai_,10.1401,11.87323,-59.500343
retinaface/intra-sim/Hamid_Karzai_/4.png,intra-sim/Hamid_Karzai_,-9.714536,-77.438126,-0.12081146
retinaface/intra-sim/Hamid_Karzai_/5.png,intra-sim/Hamid_Karzai_,-0.09842346,-46.947796,-3.343361
retinaface/intra-sim/Hamid_Karzai_/6.png,intra-sim/Hamid_Karzai_,-2.8408852,-23.993607,-44.757362
retinaface/intra-sim/Kofi_Annan_/3.png,intra-sim/Kofi_Annan_,-12.337808,25.276123,24.592392
retinaface/intra-sim/Kofi_Annan_/15.png,intra-sim/Kofi_Annan_,-13.381142,31.062225,8.454742
retinaface/intra-sim/Kofi_Annan_/16.png,intra-sim/Kofi_Annan_,-6.7322245,-21.03595,10.291885
retinaface/intra-sim/Kofi_Annan_/13.png,intra-sim/Kofi_Annan_,-3.7272394,-18.44886,11.016548
retinaface/intra-sim/Kofi_Annan_/1.png,intra-sim/Kofi_Annan_,3.7923398,-8.805832,1.2440414
retinaface/intra-sim/Kofi_Annan_/7.png,intra-sim/Kofi_Annan_,-2.4115167,-50.004623,2.0921936
retinaface/intra-sim/Kofi_Annan_/9.png,intra-sim/Kofi_Annan_,-5.67592,18.986908,24.500847
retinaface/intra-sim/Kofi_Annan_/18.png,intra-sim/Kofi_Annan_,-7.1542206,-79.35107,16.869331
retinaface/intra-sim/Kofi_Annan_/17.png,intra-sim/Kofi_Annan_,-2.5185513,-8.239861,3.2543945
retinaface/intra-sim/Kofi_Annan_/10.png,intra-sim/Kofi_Annan_,-8.954336,12.590996,-9.206627
retinaface/intra-sim/Kofi_Annan_/20.png,intra-sim/Kofi_Annan_,-6.3271065,-9.427963,3.9884186
retinaface/intra-sim/Kofi_Annan_/14.png,intra-sim/Kofi_Annan_,3.3404994,-25.689514,38.04648
retinaface/intra-sim/Kofi_Annan_/11.png,intra-sim/Kofi_Annan_,-7.408798,-7.1879425,-10.06543
retinaface/intra-sim/Kofi_Annan_/12.png,intra-sim/Kofi_Annan_,-17.783993,27.172356,-5.7979736
retinaface/intra-sim/Kofi_Annan_/2.png,intra-sim/Kofi_Annan_,3.4051507,11.043808,17.324783
retinaface/intra-sim/Kofi_Annan_/19.png,intra-sim/Kofi_Annan_,4.4103017,-20.568787,-4.980606
retinaface/intra-sim/Kofi_Annan_/8.png,intra-sim/Kofi_Annan_,-7.5123878,9.259254,17.429817
retinaface/intra-sim/Kofi_Annan_/4.png,intra-sim/Kofi_Annan_,-10.787756,11.051216,-16.860626
retinaface/intra-sim/Kofi_Annan_/5.png,intra-sim/Kofi_Annan_,-4.4705877,8.369751,-9.080215
retinaface/intra-sim/Kofi_Annan_/6.png,intra-sim/Kofi_Annan_,-5.1257753,28.652725,-7.3645554
retinaface/intra-sim/Jennifer_Aniston_/3.png,intra-sim/Jennifer_Aniston_,-4.2373986,14.706619,-28.264477
retinaface/intra-sim/Jennifer_Aniston_/15.png,intra-sim/Jennifer_Aniston_,12.79981,-17.603195,-3.0966415
retinaface/intra-sim/Jennifer_Aniston_/16.png,intra-sim/Jennifer_Aniston_,-11.022852,-33.90806,-2.9155731
retinaface/intra-sim/Jennifer_Aniston_/13.png,intra-sim/Jennifer_Aniston_,9.462983,0.12201691,-27.308403
retinaface/intra-sim/Jennifer_Aniston_/1.png,intra-sim/Jennifer_Aniston_,-9.155194,19.395058,-26.404636
retinaface/intra-sim/Jennifer_Aniston_/7.png,intra-sim/Jennifer_Aniston_,-7.8893557,72.45558,23.982521
retinaface/intra-sim/Jennifer_Aniston_/9.png,intra-sim/Jennifer_Aniston_,4.5897126,15.330719,-28.364162
retinaface/intra-sim/Jennifer_Aniston_/18.png,intra-sim/Jennifer_Aniston_,-3.25291,26.46305,-29.755016
retinaface/intra-sim/Jennifer_Aniston_/17.png,intra-sim/Jennifer_Aniston_,-1.9889225,31.263344,-3.9303436
retinaface/intra-sim/Jennifer_Aniston_/10.png,intra-sim/Jennifer_Aniston_,2.1921961,20.054352,-32.71878
retinaface/intra-sim/Jennifer_Aniston_/20.png,intra-sim/Jennifer_Aniston_,1.6797265,8.778305,17.707428
retinaface/intra-sim/Jennifer_Aniston_/14.png,intra-sim/Jennifer_Aniston_,-1.1778125,21.395973,-6.8417892
retinaface/intra-sim/Jennifer_Aniston_/11.png,intra-sim/Jennifer_Aniston_,0.14218003,12.321526,-1.8253937
retinaface/intra-sim/Jennifer_Aniston_/12.png,intra-sim/Jennifer_Aniston_,-6.5977664,6.864937,-28.148468
retinaface/intra-sim/Jennifer_Aniston_/2.png,intra-sim/Jennifer_Aniston_,4.0912023,1.2996979,-40.90985
retinaface/intra-sim/Jennifer_Aniston_/19.png,intra-sim/Jennifer_Aniston_,0.91206825,1.4989929,-24.723358
retinaface/intra-sim/Jennifer_Aniston_/8.png,intra-sim/Jennifer_Aniston_,-12.600718,33.28176,-4.4207764
retinaface/intra-sim/Jennifer_Aniston_/4.png,intra-sim/Jennifer_Aniston_,2.6127074,-14.048325,-12.901756
retinaface/intra-sim/Jennifer_Aniston_/5.png,intra-sim/Jennifer_Aniston_,-10.155094,22.562073,5.698944
retinaface/intra-sim/Jennifer_Aniston_/6.png,intra-sim/Jennifer_Aniston_,-1.5445609,4.651001,-28.724316
retinaface/intra-sim/Colin_Powell_/3.png,intra-sim/Colin_Powell_,11.420638,13.565926,-4.662155
retinaface/intra-sim/Colin_Powell_/15.png,intra-sim/Colin_Powell_,-4.715619,34.6445,-3.6536865
retinaface/intra-sim/Colin_Powell_/16.png,intra-sim/Colin_Powell_,6.6539774,-16.584465,12.631447
retinaface/intra-sim/Colin_Powell_/13.png,intra-sim/Colin_Powell_,-2.0009048,1.6300812,-28.013977
retinaface/intra-sim/Colin_Powell_/1.png,intra-sim/Colin_Powell_,-2.2016928,-12.257729,-21.537766
retinaface/intra-sim/Colin_Powell_/7.png,intra-sim/Colin_Powell_,2.7103868,0.8640747,-34.751667
retinaface/intra-sim/Colin_Powell_/9.png,intra-sim/Colin_Powell_,0.5309413,-89.00754,-11.1028595
retinaface/intra-sim/Colin_Powell_/18.png,intra-sim/Colin_Powell_,-5.4869533,-22.905136,-22.500328
retinaface/intra-sim/Colin_Powell_/17.png,intra-sim/Colin_Powell_,-8.817732,-43.937786,-22.973778
retinaface/intra-sim/Colin_Powell_/10.png,intra-sim/Colin_Powell_,-4.478344,26.228584,-11.784401
retinaface/intra-sim/Colin_Powell_/20.png,intra-sim/Colin_Powell_,0.748105,-6.962494,-29.279148
retinaface/intra-sim/Colin_Powell_/14.png,intra-sim/Colin_Powell_,4.646675,-29.163868,10.408485
retinaface/intra-sim/Colin_Powell_/11.png,intra-sim/Colin_Powell_,2.0488672,2.2783127,-12.578293
retinaface/intra-sim/Colin_Powell_/12.png,intra-sim/Colin_Powell_,-5.000936,29.115852,-4.954323
retinaface/intra-sim/Colin_Powell_/2.png,intra-sim/Colin_Powell_,1.0399076,-25.082909,-24.042007
retinaface/intra-sim/Colin_Powell_/19.png,intra-sim/Colin_Powell_,11.082553,-25.886177,-2.359497
retinaface/intra-sim/Colin_Powell_/8.png,intra-sim/Colin_Powell_,-16.538002,3.9275284,18.47805
retinaface/intra-sim/Colin_Powell_/4.png,intra-sim/Colin_Powell_,-0.1361627,49.103363,6.137169
retinaface/intra-sim/Colin_Powell_/5.png,intra-sim/Colin_Powell_,6.984978,-25.379425,6.159317
retinaface/intra-sim/Colin_Powell_/6.png,intra-sim/Colin_Powell_,-2.360332,-6.0582886,-23.249863
retinaface/intra-sim/Lindsay_Davenport_/3.png,intra-sim/Lindsay_Davenport_,-7.1073356,1.305748,10.233139
retinaface/intra-sim/Lindsay_Davenport_/15.png,intra-sim/Lindsay_Davenport_,6.8740788,4.533737,-26.821426
retinaface/intra-sim/Lindsay_Davenport_/16.png,intra-sim/Lindsay_Davenport_,6.7368364,-38.465836,-18.256912
retinaface/intra-sim/Lindsay_Davenport_/13.png,intra-sim/Lindsay_Davenport_,4.510283,37.585342,-28.174995
retinaface/intra-sim/Lindsay_Davenport_/1.png,intra-sim/Lindsay_Davenport_,-16.18223,-12.787338,-13.74427
retinaface/intra-sim/Lindsay_Davenport_/7.png,intra-sim/Lindsay_Davenport_,10.335417,15.3305435,-14.30159
retinaface/intra-sim/Lindsay_Davenport_/9.png,intra-sim/Lindsay_Davenport_,5.1853633,12.352783,-45.471897
retinaface/intra-sim/Lindsay_Davenport_/18.png,intra-sim/Lindsay_Davenport_,-4.615436,-4.146599,10.327194
retinaface/intra-sim/Lindsay_Davenport_/17.png,intra-sim/Lindsay_Davenport_,-13.014143,-60.934265,1.7779007
retinaface/intra-sim/Lindsay_Davenport_/10.png,intra-sim/Lindsay_Davenport_,4.6193395,6.2490463,-39.293148
retinaface/intra-sim/Lindsay_Davenport_/20.png,intra-sim/Lindsay_Davenport_,6.71415,13.560425,-2.7812119
retinaface/intra-sim/Lindsay_Davenport_/14.png,intra-sim/Lindsay_Davenport_,5.6361084,27.478142,-7.767555
retinaface/intra-sim/Lindsay_Davenport_/11.png,intra-sim/Lindsay_Davenport_,-1.8794023,-33.311745,39.551025
retinaface/intra-sim/Lindsay_Davenport_/12.png,intra-sim/Lindsay_Davenport_,-5.443847,-6.6934357,-3.3453064
retinaface/intra-sim/Lindsay_Davenport_/2.png,intra-sim/Lindsay_Davenport_,6.5078173,3.2580261,-31.111908
retinaface/intra-sim/Lindsay_Davenport_/19.png,intra-sim/Lindsay_Davenport_,13.552465,-15.387657,-22.63337
retinaface/intra-sim/Lindsay_Davenport_/8.png,intra-sim/Lindsay_Davenport_,3.5703795,-12.725807,0.4938736
retinaface/intra-sim/Lindsay_Davenport_/4.png,intra-sim/Lindsay_Davenport_,-2.3943715,-20.853302,4.702507
retinaface/intra-sim/Lindsay_Davenport_/5.png,intra-sim/Lindsay_Davenport_,4.5206695,-30.150795,38.790756
retinaface/intra-sim/Lindsay_Davenport_/6.png,intra-sim/Lindsay_Davenport_,-8.20585,-52.815235,2.308876
retinaface/intra-sim/Amelie_Mauresmo_/3.png,intra-sim/Amelie_Mauresmo_,1.1873252,11.331528,45.37596
retinaface/intra-sim/Amelie_Mauresmo_/15.png,intra-sim/Amelie_Mauresmo_,3.8848443,-75.09787,-1.0561676
retinaface/intra-sim/Amelie_Mauresmo_/16.png,intra-sim/Amelie_Mauresmo_,2.9327726,-6.3552094,-8.096046
retinaface/intra-sim/Amelie_Mauresmo_/13.png,intra-sim/Amelie_Mauresmo_,-11.73876,25.032753,13.139687
retinaface/intra-sim/Amelie_Mauresmo_/1.png,intra-sim/Amelie_Mauresmo_,-13.480974,22.219803,-4.085945
retinaface/intra-sim/Amelie_Mauresmo_/7.png,intra-sim/Amelie_Mauresmo_,4.7408633,-26.596485,-13.055893
retinaface/intra-sim/Amelie_Mauresmo_/9.png,intra-sim/Amelie_Mauresmo_,-17.820312,-17.527603,-1.1559601
retinaface/intra-sim/Amelie_Mauresmo_/18.png,intra-sim/Amelie_Mauresmo_,-5.890753,38.263443,12.035149
retinaface/intra-sim/Amelie_Mauresmo_/17.png,intra-sim/Amelie_Mauresmo_,-7.933615,15.618782,1.0944138
retinaface/intra-sim/Amelie_Mauresmo_/10.png,intra-sim/Amelie_Mauresmo_,-2.2002285,2.356842,-45.191204
retinaface/intra-sim/Amelie_Mauresmo_/20.png,intra-sim/Amelie_Mauresmo_,-4.322214,-41.388767,2.1698914
retinaface/intra-sim/Amelie_Mauresmo_/14.png,intra-sim/Amelie_Mauresmo_,0.44030643,23.682297,6.4553223
retinaface/intra-sim/Amelie_Mauresmo_/11.png,intra-sim/Amelie_Mauresmo_,2.9951065,22.287392,-15.592903
retinaface/intra-sim/Amelie_Mauresmo_/12.png,intra-sim/Amelie_Mauresmo_,2.516785,29.050293,0.4015274
retinaface/intra-sim/Amelie_Mauresmo_/2.png,intra-sim/Amelie_Mauresmo_,-0.51748925,12.777115,20.583656
retinaface/intra-sim/Amelie_Mauresmo_/19.png,intra-sim/Amelie_Mauresmo_,-2.5000708,-21.582626,-15.510056
retinaface/intra-sim/Amelie_Mauresmo_/8.png,intra-sim/Amelie_Mauresmo_,2.4347548,16.463196,-20.002464
retinaface/intra-sim/Amelie_Mauresmo_/4.png,intra-sim/Amelie_Mauresmo_,-1.5453502,-26.610622,35.482346
retinaface/intra-sim/Amelie_Mauresmo_/5.png,intra-sim/Amelie_Mauresmo_,9.330815,-4.134964,-15.829544
retinaface/intra-sim/Amelie_Mauresmo_/6.png,intra-sim/Amelie_Mauresmo_,-18.276224,5.860855,5.6935043
retinaface/intra-sim/Arnold_Schwarzenegger_/3.png,intra-sim/Arnold_Schwarzenegger_,8.316642,-43.469524,22.702003
retinaface/intra-sim/Arnold_Schwarzenegger_/15.png,intra-sim/Arnold_Schwarzenegger_,2.133544,-14.542572,-0.86396027
retinaface/intra-sim/Arnold_Schwarzenegger_/16.png,intra-sim/Arnold_Schwarzenegger_,13.931609,35.28071,-28.880192
retinaface/intra-sim/Arnold_Schwarzenegger_/13.png,intra-sim/Arnold_Schwarzenegger_,-3.2343583,3.6560364,8.821854
retinaface/intra-sim/Arnold_Schwarzenegger_/1.png,intra-sim/Arnold_Schwarzenegger_,2.7881916,-84.34244,1.5218658
retinaface/intra-sim/Arnold_Schwarzenegger_/7.png,intra-sim/Arnold_Schwarzenegger_,4.858828,-37.513397,-7.590538
retinaface/intra-sim/Arnold_Schwarzenegger_/9.png,intra-sim/Arnold_Schwarzenegger_,-6.585749,34.966248,-13.827492
retinaface/intra-sim/Arnold_Schwarzenegger_/18.png,intra-sim/Arnold_Schwarzenegger_,-3.0141983,6.5340195,-5.2497253
retinaface/intra-sim/Arnold_Schwarzenegger_/17.png,intra-sim/Arnold_Schwarzenegger_,13.562956,-5.848152,-37.63621
retinaface/intra-sim/Arnold_Schwarzenegger_/10.png,intra-sim/Arnold_Schwarzenegger_,3.2517645,1.3466797,17.863495
retinaface/intra-sim/Arnold_Schwarzenegger_/20.png,intra-sim/Arnold_Schwarzenegger_,-1.7946721,9.124992,-14.6738205
retinaface/intra-sim/Arnold_Schwarzenegger_/14.png,intra-sim/Arnold_Schwarzenegger_,-5.721959,67.035385,8.446007
retinaface/intra-sim/Arnold_Schwarzenegger_/11.png,intra-sim/Arnold_Schwarzenegger_,3.2362013,-52.017017,-3.6807175
retinaface/intra-sim/Arnold_Schwarzenegger_/12.png,intra-sim/Arnold_Schwarzenegger_,-5.9698167,-4.8750534,9.068466
retinaface/intra-sim/Arnold_Schwarzenegger_/2.png,intra-sim/Arnold_Schwarzenegger_,3.0760343,0.27648926,-19.425842
retinaface/intra-sim/Arnold_Schwarzenegger_/19.png,intra-sim/Arnold_Schwarzenegger_,-3.467918,60.005066,-2.5510025
retinaface/intra-sim/Arnold_Schwarzenegger_/8.png,intra-sim/Arnold_Schwarzenegger_,-3.2122319,-11.5203705,12.835922
retinaface/intra-sim/Arnold_Schwarzenegger_/4.png,intra-sim/Arnold_Schwarzenegger_,-1.4308968,-36.227577,-56.109222
retinaface/intra-sim/Arnold_Schwarzenegger_/5.png,intra-sim/Arnold_Schwarzenegger_,3.97254,8.6671295,-13.908699
retinaface/intra-sim/Arnold_Schwarzenegger_/6.png,intra-sim/Arnold_Schwarzenegger_,0.5348252,-47.479774,2.1766968
retinaface/intra-sim/Jiang_Zemin_/3.png,intra-sim/Jiang_Zemin_,-2.9155812,-0.13243866,-6.8216095
retinaface/intra-sim/Jiang_Zemin_/15.png,intra-sim/Jiang_Zemin_,8.451015,21.833832,-39.684025
retinaface/intra-sim/Jiang_Zemin_/16.png,intra-sim/Jiang_Zemin_,6.235735,36.704445,-22.421738
retinaface/intra-sim/Jiang_Zemin_/13.png,intra-sim/Jiang_Zemin_,-1.3123764,27.29741,-9.465309
retinaface/intra-sim/Jiang_Zemin_/1.png,intra-sim/Jiang_Zemin_,-6.189544,1.84478,-0.40312958
retinaface/intra-sim/Jiang_Zemin_/7.png,intra-sim/Jiang_Zemin_,3.390087,-24.505714,-28.831078
retinaface/intra-sim/Jiang_Zemin_/9.png,intra-sim/Jiang_Zemin_,-3.4825463,-14.180954,-37.281384
retinaface/intra-sim/Jiang_Zemin_/18.png,intra-sim/Jiang_Zemin_,-3.1898124,8.86441,-0.8720398
retinaface/intra-sim/Jiang_Zemin_/17.png,intra-sim/Jiang_Zemin_,-5.440134,31.334259,0.49414825
retinaface/intra-sim/Jiang_Zemin_/10.png,intra-sim/Jiang_Zemin_,-5.580115,175.33752,5.715065
retinaface/intra-sim/Jiang_Zemin_/20.png,intra-sim/Jiang_Zemin_,1.820032,25.101006,-1.0984192
retinaface/intra-sim/Jiang_Zemin_/14.png,intra-sim/Jiang_Zemin_,0.5337868,-34.42615,-5.2702713
retinaface/intra-sim/Jiang_Zemin_/11.png,intra-sim/Jiang_Zemin_,6.1177692,5.658577,-23.006233
retinaface/intra-sim/Jiang_Zemin_/12.png,intra-sim/Jiang_Zemin_,0.07657222,15.956856,-15.762154
retinaface/intra-sim/Jiang_Zemin_/2.png,intra-sim/Jiang_Zemin_,2.2534513,26.130142,0.051460266
retinaface/intra-sim/Jiang_Zemin_/19.png,intra-sim/Jiang_Zemin_,11.148643,9.754059,-12.044312
retinaface/intra-sim/Jiang_Zemin_/8.png,intra-sim/Jiang_Zemin_,0.2721984,-34.728294,5.815529
retinaface/intra-sim/Jiang_Zemin_/4.png,intra-sim/Jiang_Zemin_,1.3490671,-8.689743,-3.0686188
retinaface/intra-sim/Jiang_Zemin_/5.png,intra-sim/Jiang_Zemin_,-4.252795,9.023827,-21.301804
retinaface/intra-sim/Jiang_Zemin_/6.png,intra-sim/Jiang_Zemin_,-1.2170628,19.511566,-6.8849106
retinaface/intra-sim/Andre_Agassi_/3.png,intra-sim/Andre_Agassi_,-5.158524,19.607346,3.265335
retinaface/intra-sim/Andre_Agassi_/15.png,intra-sim/Andre_Agassi_,5.4157796,-15.220032,20.402283
retinaface/intra-sim/Andre_Agassi_/16.png,intra-sim/Andre_Agassi_,-1.3279424,-10.640755,10.953049
retinaface/intra-sim/Andre_Agassi_/13.png,intra-sim/Andre_Agassi_,1.6975158,-49.733936,-2.036232
retinaface/intra-sim/Andre_Agassi_/1.png,intra-sim/Andre_Agassi_,-7.0588527,-14.234161,18.785576
retinaface/intra-sim/Andre_Agassi_/7.png,intra-sim/Andre_Agassi_,-5.4330764,23.896667,-10.931732
retinaface/intra-sim/Andre_Agassi_/9.png,intra-sim/Andre_Agassi_,-2.0815635,-25.3526,-1.4459076
retinaface/intra-sim/Andre_Agassi_/18.png,intra-sim/Andre_Agassi_,-0.7293162,-10.60817,-19.194763
retinaface/intra-sim/Andre_Agassi_/17.png,intra-sim/Andre_Agassi_,3.330064,8.452377,-11.619881
retinaface/intra-sim/Andre_Agassi_/10.png,intra-sim/Andre_Agassi_,-9.721907,-17.763435,-6.05381
retinaface/intra-sim/Andre_Agassi_/20.png,intra-sim/Andre_Agassi_,12.711566,0.27648163,-33.10396
retinaface/intra-sim/Andre_Agassi_/14.png,intra-sim/Andre_Agassi_,-6.6532,-7.9166183,-25.473557
retinaface/intra-sim/Andre_Agassi_/11.png,intra-sim/Andre_Agassi_,3.6516933,15.003632,13.854752
retinaface/intra-sim/Andre_Agassi_/12.png,intra-sim/Andre_Agassi_,5.0741997,1.822876,-27.703762
retinaface/intra-sim/Andre_Agassi_/2.png,intra-sim/Andre_Agassi_,3.9421709,22.976562,-17.480423
retinaface/intra-sim/Andre_Agassi_/19.png,intra-sim/Andre_Agassi_,0.7860722,-20.451973,-17.006989
retinaface/intra-sim/Andre_Agassi_/8.png,intra-sim/Andre_Agassi_,-2.0859818,21.232864,1.3101425
retinaface/intra-sim/Andre_Agassi_/4.png,intra-sim/Andre_Agassi_,-2.1781766,-9.819107,-33.606464
retinaface/intra-sim/Andre_Agassi_/5.png,intra-sim/Andre_Agassi_,-18.114918,16.313461,-37.039326
retinaface/intra-sim/Andre_Agassi_/6.png,intra-sim/Andre_Agassi_,1.4664443,-94.86697,5.0586166
retinaface/intra-sim/Recep_Tayyip_Erdogan_/3.png,intra-sim/Recep_Tayyip_Erdogan_,2.3464777,-21.047195,3.2785187
retinaface/intra-sim/Recep_Tayyip_Erdogan_/15.png,intra-sim/Recep_Tayyip_Erdogan_,7.6010065,144.67688,-20.59333
retinaface/intra-sim/Recep_Tayyip_Erdogan_/16.png,intra-sim/Recep_Tayyip_Erdogan_,4.5591807,86.23265,8.640488
retinaface/intra-sim/Recep_Tayyip_Erdogan_/13.png,intra-sim/Recep_Tayyip_Erdogan_,-5.3058887,-60.310333,-16.34462
retinaface/intra-sim/Recep_Tayyip_Erdogan_/1.png,intra-sim/Recep_Tayyip_Erdogan_,-59.494884,-180.0,-36.305965
retinaface/intra-sim/Recep_Tayyip_Erdogan_/7.png,intra-sim/Recep_Tayyip_Erdogan_,-4.182112,-77.344696,5.9964676
retinaface/intra-sim/Recep_Tayyip_Erdogan_/9.png,intra-sim/Recep_Tayyip_Erdogan_,-1.4917846,-4.7306137,31.892113
retinaface/intra-sim/Recep_Tayyip_Erdogan_/18.png,intra-sim/Recep_Tayyip_Erdogan_,1.9611549,-68.72274,14.637146
retinaface/intra-sim/Recep_Tayyip_Erdogan_/17.png,intra-sim/Recep_Tayyip_Erdogan_,-8.644193,-22.049911,-12.054649
retinaface/intra-sim/Recep_Tayyip_Erdogan_/10.png,intra-sim/Recep_Tayyip_Erdogan_,0.82131505,-12.056351,-7.5010376
retinaface/intra-sim/Recep_Tayyip_Erdogan_/20.png,intra-sim/Recep_Tayyip_Erdogan_,-22.621248,26.92302,-35.400345
retinaface/intra-sim/Recep_Tayyip_Erdogan_/14.png,intra-sim/Recep_Tayyip_Erdogan_,5.0443897,22.89727,5.248291
retinaface/intra-sim/Recep_Tayyip_Erdogan_/11.png,intra-sim/Recep_Tayyip_Erdogan_,-0.19075935,27.538155,-1.7510605
retinaface/intra-sim/Recep_Tayyip_Erdogan_/12.png,intra-sim/Recep_Tayyip_Erdogan_,2.9408906,28.167015,17.827248
retinaface/intra-sim/Recep_Tayyip_Erdogan_/2.png,intra-sim/Recep_Tayyip_Erdogan_,-7.3328805,-6.1949234,-29.357113
retinaface/intra-sim/Recep_Tayyip_Erdogan_/19.png,intra-sim/Recep_Tayyip_Erdogan_,-4.784371,8.999268,-3.228424
retinaface/intra-sim/Recep_Tayyip_Erdogan_/8.png,intra-sim/Recep_Tayyip_Erdogan_,-3.0836992,17.284157,-19.593498
retinaface/intra-sim/Recep_Tayyip_Erdogan_/4.png,intra-sim/Recep_Tayyip_Erdogan_,0.9887888,-3.8101654,-5.238533
retinaface/intra-sim/Recep_Tayyip_Erdogan_/5.png,intra-sim/Recep_Tayyip_Erdogan_,1.697387,-17.93647,28.551369
retinaface/intra-sim/Recep_Tayyip_Erdogan_/6.png,intra-sim/Recep_Tayyip_Erdogan_,-9.7386265,14.578926,-9.20488
retinaface/intra-sim/Tony_Blair_/3.png,intra-sim/Tony_Blair_,1.5927614,-46.407726,0.5078049
retinaface/intra-sim/Tony_Blair_/15.png,intra-sim/Tony_Blair_,-7.624563,-7.5582047,25.684158
retinaface/intra-sim/Tony_Blair_/16.png,intra-sim/Tony_Blair_,-0.34441853,-14.519112,-15.73307
retinaface/intra-sim/Tony_Blair_/13.png,intra-sim/Tony_Blair_,1.5721363,16.560951,-15.279808
retinaface/intra-sim/Tony_Blair_/1.png,intra-sim/Tony_Blair_,-5.002359,6.0415573,4.403595
retinaface/intra-sim/Tony_Blair_/7.png,intra-sim/Tony_Blair_,-1.4424736,-8.231384,5.671562
retinaface/intra-sim/Tony_Blair_/9.png,intra-sim/Tony_Blair_,-5.8578086,-16.503784,-10.6256485
retinaface/intra-sim/Tony_Blair_/18.png,intra-sim/Tony_Blair_,-3.7146654,-28.878365,-3.264145
retinaface/intra-sim/Tony_Blair_/17.png,intra-sim/Tony_Blair_,-4.516939,-16.915672,-8.857582
retinaface/intra-sim/Tony_Blair_/10.png,intra-sim/Tony_Blair_,-7.004023,56.582,2.635826
retinaface/intra-sim/Tony_Blair_/20.png,intra-sim/Tony_Blair_,2.4289804,13.137199,-11.588699
retinaface/intra-sim/Tony_Blair_/14.png,intra-sim/Tony_Blair_,-3.0554438,-9.45182,-10.777168
retinaface/intra-sim/Tony_Blair_/11.png,intra-sim/Tony_Blair_,-22.83862,29.700562,36.355324
retinaface/intra-sim/Tony_Blair_/12.png,intra-sim/Tony_Blair_,-2.800654,36.00551,-30.141376
retinaface/intra-sim/Tony_Blair_/2.png,intra-sim/Tony_Blair_,0.49742284,38.580765,-7.2583237
retinaface/intra-sim/Tony_Blair_/19.png,intra-sim/Tony_Blair_,5.6425796,-30.55088,-11.676712
retinaface/intra-sim/Tony_Blair_/8.png,intra-sim/Tony_Blair_,5.0488877,-20.94992,4.5445175
retinaface/intra-sim/Tony_Blair_/4.png,intra-sim/Tony_Blair_,-5.385984,2.9098206,1.397232
retinaface/intra-sim/Tony_Blair_/5.png,intra-sim/Tony_Blair_,-4.753848,58.208878,-7.967224
retinaface/intra-sim/Tony_Blair_/6.png,intra-sim/Tony_Blair_,-3.5857575,72.63435,-7.9687195
retinaface/intra-sim/Lleyton_Hewitt_/3.png,intra-sim/Lleyton_Hewitt_,-4.180887,-36.58501,18.031647
retinaface/intra-sim/Lleyton_Hewitt_/15.png,intra-sim/Lleyton_Hewitt_,7.514545,-58.583374,4.7603455
retinaface/intra-sim/Lleyton_Hewitt_/16.png,intra-sim/Lleyton_Hewitt_,2.1745903,8.544426,-10.921341
retinaface/intra-sim/Lleyton_Hewitt_/13.png,intra-sim/Lleyton_Hewitt_,-2.5580704,-9.423805,7.146721
retinaface/intra-sim/Lleyton_Hewitt_/1.png,intra-sim/Lleyton_Hewitt_,4.59903,-34.69087,-2.6644135
retinaface/intra-sim/Lleyton_Hewitt_/7.png,intra-sim/Lleyton_Hewitt_,-5.0542803,-26.822128,12.698395
retinaface/intra-sim/Lleyton_Hewitt_/9.png,intra-sim/Lleyton_Hewitt_,2.7972283,-9.200897,5.246689
retinaface/intra-sim/Lleyton_Hewitt_/18.png,intra-sim/Lleyton_Hewitt_,2.0144935,-60.485035,10.906845
retinaface/intra-sim/Lleyton_Hewitt_/17.png,intra-sim/Lleyton_Hewitt_,0.0044037467,27.287453,-18.184647
retinaface/intra-sim/Lleyton_Hewitt_/10.png,intra-sim/Lleyton_Hewitt_,0.34174022,-27.111057,6.9609604
retinaface/intra-sim/Lleyton_Hewitt_/20.png,intra-sim/Lleyton_Hewitt_,-3.0816631,-33.657326,-2.1857986
retinaface/intra-sim/Lleyton_Hewitt_/14.png,intra-sim/Lleyton_Hewitt_,4.362401,35.24482,-16.974892
retinaface/intra-sim/Lleyton_Hewitt_/11.png,intra-sim/Lleyton_Hewitt_,2.0946887,-8.538536,-25.700104
retinaface/intra-sim/Lleyton_Hewitt_/12.png,intra-sim/Lleyton_Hewitt_,6.649582,8.942703,60.978394
retinaface/intra-sim/Lleyton_Hewitt_/2.png,intra-sim/Lleyton_Hewitt_,-10.202292,17.975258,18.36657
retinaface/intra-sim/Lleyton_Hewitt_/19.png,intra-sim/Lleyton_Hewitt_,-3.3525598,-16.119453,13.728653
retinaface/intra-sim/Lleyton_Hewitt_/8.png,intra-sim/Lleyton_Hewitt_,1.7520586,2.850212,-5.247467
retinaface/intra-sim/Lleyton_Hewitt_/4.png,intra-sim/Lleyton_Hewitt_,-1.3414421,-2.4002838,20.425331
retinaface/intra-sim/Lleyton_Hewitt_/5.png,intra-sim/Lleyton_Hewitt_,-1.2863581,41.122955,9.980698
retinaface/intra-sim/Lleyton_Hewitt_/6.png,intra-sim/Lleyton_Hewitt_,-0.88010484,-6.2297897,2.807457
retinaface/intra-sim/Rudolph_Giuliani_/3.png,intra-sim/Rudolph_Giuliani_,-2.6114712,-20.438477,-9.562416
retinaface/intra-sim/Rudolph_Giuliani_/15.png,intra-sim/Rudolph_Giuliani_,-5.3129883,35.64743,-4.9970474
retinaface/intra-sim/Rudolph_Giuliani_/16.png,intra-sim/Rudolph_Giuliani_,-9.606356,0.8460007,-16.92398
retinaface/intra-sim/Rudolph_Giuliani_/13.png,intra-sim/Rudolph_Giuliani_,-1.6106932,-22.793777,2.2644806
retinaface/intra-sim/Rudolph_Giuliani_/1.png,intra-sim/Rudolph_Giuliani_,1.0608472,-37.4917,-45.962017
retinaface/intra-sim/Rudolph_Giuliani_/7.png,intra-sim/Rudolph_Giuliani_,1.2802166,-28.343952,-7.00428
retinaface/intra-sim/Rudolph_Giuliani_/9.png,intra-sim/Rudolph_Giuliani_,5.153695,8.816055,-23.42131
retinaface/intra-sim/Rudolph_Giuliani_/18.png,intra-sim/Rudolph_Giuliani_,-7.68851,6.1721344,-11.602623
retinaface/intra-sim/Rudolph_Giuliani_/17.png,intra-sim/Rudolph_Giuliani_,-6.32435,24.75457,17.774986
retinaface/intra-sim/Rudolph_Giuliani_/10.png,intra-sim/Rudolph_Giuliani_,-6.332191,80.631775,-7.5154114
retinaface/intra-sim/Rudolph_Giuliani_/20.png,intra-sim/Rudolph_Giuliani_,-3.495172,16.658096,-1.0732574
retinaface/intra-sim/Rudolph_Giuliani_/14.png,intra-sim/Rudolph_Giuliani_,-8.642232,14.0159,4.9416504
retinaface/intra-sim/Rudolph_Giuliani_/11.png,intra-sim/Rudolph_Giuliani_,-11.66888,-2.164795,-48.45355
retinaface/intra-sim/Rudolph_Giuliani_/12.png,intra-sim/Rudolph_Giuliani_,-7.1743393,31.410347,-8.536926
retinaface/intra-sim/Rudolph_Giuliani_/2.png,intra-sim/Rudolph_Giuliani_,-5.012122,2.595169,-16.593208
retinaface/intra-sim/Rudolph_Giuliani_/19.png,intra-sim/Rudolph_Giuliani_,-5.338738,-38.254833,7.4045486
retinaface/intra-sim/Rudolph_Giuliani_/8.png,intra-sim/Rudolph_Giuliani_,-13.483534,58.913574,-24.740738
retinaface/intra-sim/Rudolph_Giuliani_/4.png,intra-sim/Rudolph_Giuliani_,1.9031328,-23.691391,-27.40025
retinaface/intra-sim/Rudolph_Giuliani_/5.png,intra-sim/Rudolph_Giuliani_,12.983651,4.3232574,-18.444206
retinaface/intra-sim/Rudolph_Giuliani_/6.png,intra-sim/Rudolph_Giuliani_,-5.669894,23.102043,-6.9154816
retinaface/intra-sim/Ariel_Sharon_/3.png,intra-sim/Ariel_Sharon_,14.990265,21.394325,-15.50872
retinaface/intra-sim/Ariel_Sharon_/15.png,intra-sim/Ariel_Sharon_,-5.2987733,19.886238,-41.19774
retinaface/intra-sim/Ariel_Sharon_/16.png,intra-sim/Ariel_Sharon_,-1.419802,24.295517,-21.49157
retinaface/intra-sim/Ariel_Sharon_/13.png,intra-sim/Ariel_Sharon_,15.260883,4.8870773,-26.134254
retinaface/intra-sim/Ariel_Sharon_/1.png,intra-sim/Ariel_Sharon_,17.4713,-15.225891,-26.508308
retinaface/intra-sim/Ariel_Sharon_/7.png,intra-sim/Ariel_Sharon_,-4.382842,-20.3751,-11.328247
retinaface/intra-sim/Ariel_Sharon_/9.png,intra-sim/Ariel_Sharon_,-0.9918557,-16.148071,-12.1640625
retinaface/intra-sim/Ariel_Sharon_/18.png,intra-sim/Ariel_Sharon_,9.780291,-39.146748,-17.615685
retinaface/intra-sim/Ariel_Sharon_/17.png,intra-sim/Ariel_Sharon_,-3.1325414,54.019745,-18.622078
retinaface/intra-sim/Ariel_Sharon_/10.png,intra-sim/Ariel_Sharon_,-13.443961,56.651337,9.294434
retinaface/intra-sim/Ariel_Sharon_/20.png,intra-sim/Ariel_Sharon_,-1.8622148,14.846809,-13.623291
retinaface/intra-sim/Ariel_Sharon_/14.png,intra-sim/Ariel_Sharon_,20.03487,-2.4187546,-38.05989
retinaface/intra-sim/Ariel_Sharon_/11.png,intra-sim/Ariel_Sharon_,8.110912,50.312897,-11.148735
retinaface/intra-sim/Ariel_Sharon_/12.png,intra-sim/Ariel_Sharon_,-3.1082923,65.3156,-19.389885
retinaface/intra-sim/Ariel_Sharon_/2.png,intra-sim/Ariel_Sharon_,-2.2517052,0.17198944,-12.66526
retinaface/intra-sim/Ariel_Sharon_/19.png,intra-sim/Ariel_Sharon_,-1.830221,54.255188,-9.232109
retinaface/intra-sim/Ariel_Sharon_/8.png,intra-sim/Ariel_Sharon_,18.746971,-65.198746,-28.545654
retinaface/intra-sim/Ariel_Sharon_/4.png,intra-sim/Ariel_Sharon_,10.737142,27.676178,-23.0289
retinaface/intra-sim/Ariel_Sharon_/5.png,intra-sim/Ariel_Sharon_,-2.6878,41.381836,-20.260689
retinaface/intra-sim/Ariel_Sharon_/6.png,intra-sim/Ariel_Sharon_,15.829994,17.69593,-38.260952
retinaface/intra-sim/Carlos_Menem_/3.png,intra-sim/Carlos_Menem_,-4.942911,46.173325,30.29795
retinaface/intra-sim/Carlos_Menem_/15.png,intra-sim/Carlos_Menem_,2.7388053,12.7825165,-34.699196
retinaface/intra-sim/Carlos_Menem_/16.png,intra-sim/Carlos_Menem_,-3.7298026,10.431892,1.1203537
retinaface/intra-sim/Carlos_Menem_/13.png,intra-sim/Carlos_Menem_,7.8507824,6.9986496,-19.329597
retinaface/intra-sim/Carlos_Menem_/1.png,intra-sim/Carlos_Menem_,2.445541,-16.124725,0.089157104
retinaface/intra-sim/Carlos_Menem_/7.png,intra-sim/Carlos_Menem_,-5.126301,-7.7828827,-15.551132
retinaface/intra-sim/Carlos_Menem_/9.png,intra-sim/Carlos_Menem_,-7.8461432,26.664536,2.3379974
retinaface/intra-sim/Carlos_Menem_/18.png,intra-sim/Carlos_Menem_,-2.750181,0.13253784,16.97226
retinaface/intra-sim/Carlos_Menem_/17.png,intra-sim/Carlos_Menem_,-3.0573077,-44.24441,1.0985184
retinaface/intra-sim/Carlos_Menem_/10.png,intra-sim/Carlos_Menem_,1.4836057,-3.4294815,-3.1797256
retinaface/intra-sim/Carlos_Menem_/20.png,intra-sim/Carlos_Menem_,-2.6064503,180.0,-21.827942
retinaface/intra-sim/Carlos_Menem_/14.png,intra-sim/Carlos_Menem_,-1.1034294,-13.227272,-24.05355
retinaface/intra-sim/Carlos_Menem_/11.png,intra-sim/Carlos_Menem_,-8.697492,17.226135,0.96004486
retinaface/intra-sim/Carlos_Menem_/12.png,intra-sim/Carlos_Menem_,1.3464487,-41.306057,-8.77169
retinaface/intra-sim/Carlos_Menem_/2.png,intra-sim/Carlos_Menem_,1.3599465,12.445305,-18.261269
retinaface/intra-sim/Carlos_Menem_/19.png,intra-sim/Carlos_Menem_,8.19481,11.218979,2.0454636
retinaface/intra-sim/Carlos_Menem_/8.png,intra-sim/Carlos_Menem_,0.8212284,-0.4290924,-5.2902145
retinaface/intra-sim/Carlos_Menem_/4.png,intra-sim/Carlos_Menem_,-0.20180443,38.615173,11.273773
retinaface/intra-sim/Carlos_Menem_/5.png,intra-sim/Carlos_Menem_,-6.094674,-3.7556229,0.04550934
retinaface/intra-sim/Carlos_Menem_/6.png,intra-sim/Carlos_Menem_,-1.2195176,16.744347,-18.817863
retinaface/intra-sim/Serena_Williams_/3.png,intra-sim/Serena_Williams_,10.369293,-3.7660675,-23.425507
retinaface/intra-sim/Serena_Williams_/15.png,intra-sim/Serena_Williams_,-14.213317,-0.07821655,-7.6368713
retinaface/intra-sim/Serena_Williams_/16.png,intra-sim/Serena_Williams_,0.110256374,-12.286659,36.175858
retinaface/intra-sim/Serena_Williams_/13.png,intra-sim/Serena_Williams_,-9.869283,30.116722,20.85942
retinaface/intra-sim/Serena_Williams_/1.png,intra-sim/Serena_Williams_,-14.120713,-20.772667,-27.39367
retinaface/intra-sim/Serena_Williams_/7.png,intra-sim/Serena_Williams_,-6.96805,11.895828,13.387222
retinaface/intra-sim/Serena_Williams_/9.png,intra-sim/Serena_Williams_,1.4700232,8.004921,7.1161957
retinaface/intra-sim/Serena_Williams_/18.png,intra-sim/Serena_Williams_,-0.059802175,3.590393,-31.777084
retinaface/intra-sim/Serena_Williams_/17.png,intra-sim/Serena_Williams_,-0.021197982,7.4763565,-24.582138
retinaface/intra-sim/Serena_Williams_/10.png,intra-sim/Serena_Williams_,-2.2462265,-20.75206,-14.664001
retinaface/intra-sim/Serena_Williams_/20.png,intra-sim/Serena_Williams_,-1.6494709,-6.378891,-17.877098
retinaface/intra-sim/Serena_Williams_/14.png,intra-sim/Serena_Williams_,1.86217,-9.74807,12.430923
retinaface/intra-sim/Serena_Williams_/11.png,intra-sim/Serena_Williams_,-15.833037,-27.417446,26.286156
retinaface/intra-sim/Serena_Williams_/12.png,intra-sim/Serena_Williams_,-2.264391,-0.39274597,-15.735352
retinaface/intra-sim/Serena_Williams_/2.png,intra-sim/Serena_Williams_,1.392412,-18.07901,29.99665
retinaface/intra-sim/Serena_Williams_/19.png,intra-sim/Serena_Williams_,-2.1734104,-2.9132462,-32.60734
retinaface/intra-sim/Serena_Williams_/8.png,intra-sim/Serena_Williams_,8.449675,3.644638,7.8935013
retinaface/intra-sim/Serena_Williams_/4.png,intra-sim/Serena_Williams_,9.771886,-21.518654,-1.7148972
retinaface/intra-sim/Serena_Williams_/5.png,intra-sim/Serena_Williams_,1.8528899,26.495613,-6.5512543
retinaface/intra-sim/Serena_Williams_/6.png,intra-sim/Serena_Williams_,-1.6086406,16.491615,-27.676907
retinaface/intra-sim/Alvaro_Uribe_/3.png,intra-sim/Alvaro_Uribe_,1.0737827,-21.78547,2.6973953
retinaface/intra-sim/Alvaro_Uribe_/15.png,intra-sim/Alvaro_Uribe_,-1.2387339,-15.352356,3.0255737
retinaface/intra-sim/Alvaro_Uribe_/16.png,intra-sim/Alvaro_Uribe_,-4.511893,24.159935,-1.6380386
retinaface/intra-sim/Alvaro_Uribe_/13.png,intra-sim/Alvaro_Uribe_,4.089111,55.071075,-0.710968
retinaface/intra-sim/Alvaro_Uribe_/1.png,intra-sim/Alvaro_Uribe_,3.9031503,-34.030773,-24.25106
retinaface/intra-sim/Alvaro_Uribe_/7.png,intra-sim/Alvaro_Uribe_,-3.3891819,-10.846321,-10.499832
retinaface/intra-sim/Alvaro_Uribe_/9.png,intra-sim/Alvaro_Uribe_,-10.923768,20.890633,-13.927277
retinaface/intra-sim/Alvaro_Uribe_/18.png,intra-sim/Alvaro_Uribe_,-8.628008,8.218643,2.0119247
retinaface/intra-sim/Alvaro_Uribe_/17.png,intra-sim/Alvaro_Uribe_,-3.1742826,32.606262,-14.176788
retinaface/intra-sim/Alvaro_Uribe_/10.png,intra-sim/Alvaro_Uribe_,-8.174345,17.225906,-0.3704071
retinaface/intra-sim/Alvaro_Uribe_/20.png,intra-sim/Alvaro_Uribe_,13.565694,18.225304,-17.35884
retinaface/intra-sim/Alvaro_Uribe_/14.png,intra-sim/Alvaro_Uribe_,-1.2189837,-14.666481,-20.143837
retinaface/intra-sim/Alvaro_Uribe_/11.png,intra-sim/Alvaro_Uribe_,3.900325,33.283073,-30.30959
retinaface/intra-sim/Alvaro_Uribe_/12.png,intra-sim/Alvaro_Uribe_,-3.1597764,-4.651924,-11.749023
retinaface/intra-sim/Alvaro_Uribe_/2.png,intra-sim/Alvaro_Uribe_,-0.01217601,2.9326935,9.081154
retinaface/intra-sim/Alvaro_Uribe_/19.png,intra-sim/Alvaro_Uribe_,-1.9875394,-1.7084274,-16.254143
retinaface/intra-sim/Alvaro_Uribe_/8.png,intra-sim/Alvaro_Uribe_,-4.593469,-21.89199,8.4557495
retinaface/intra-sim/Alvaro_Uribe_/4.png,intra-sim/Alvaro_Uribe_,-6.208327,9.8675,-16.256348
retinaface/intra-sim/Alvaro_Uribe_/5.png,intra-sim/Alvaro_Uribe_,-3.2917042,1.457756,-47.907066
retinaface/intra-sim/Alvaro_Uribe_/6.png,intra-sim/Alvaro_Uribe_,8.057618,64.5567,2.7898712
retinaface/intra-sim/Tom_Ridge_/3.png,intra-sim/Tom_Ridge_,-2.7197807,6.181755,0.48976135
retinaface/intra-sim/Tom_Ridge_/15.png,intra-sim/Tom_Ridge_,-3.7904797,56.999176,5.311287
retinaface/intra-sim/Tom_Ridge_/16.png,intra-sim/Tom_Ridge_,10.701456,13.184181,-12.361702
retinaface/intra-sim/Tom_Ridge_/13.png,intra-sim/Tom_Ridge_,-4.1376643,-24.96148,26.55085
retinaface/intra-sim/Tom_Ridge_/1.png,intra-sim/Tom_Ridge_,9.721695,-14.345337,-7.9879456
retinaface/intra-sim/Tom_Ridge_/7.png,intra-sim/Tom_Ridge_,13.720653,-24.468948,-6.835701
retinaface/intra-sim/Tom_Ridge_/9.png,intra-sim/Tom_Ridge_,-2.22288,-18.453667,-5.343315
retinaface/intra-sim/Tom_Ridge_/18.png,intra-sim/Tom_Ridge_,4.503954,-6.7443314,-7.5110245
retinaface/intra-sim/Tom_Ridge_/17.png,intra-sim/Tom_Ridge_,3.18596,58.618484,-8.772224
retinaface/intra-sim/Tom_Ridge_/10.png,intra-sim/Tom_Ridge_,-6.3054543,-19.945274,-26.39389
retinaface/intra-sim/Tom_Ridge_/20.png,intra-sim/Tom_Ridge_,13.780361,9.57711,-4.486801
retinaface/intra-sim/Tom_Ridge_/14.png,intra-sim/Tom_Ridge_,-1.8186927,6.381325,18.174583
retinaface/intra-sim/Tom_Ridge_/11.png,intra-sim/Tom_Ridge_,-7.9895897,-20.33715,-10.899178
retinaface/intra-sim/Tom_Ridge_/12.png,intra-sim/Tom_Ridge_,2.1812775,-15.222908,4.9732056
retinaface/intra-sim/Tom_Ridge_/2.png,intra-sim/Tom_Ridge_,-3.8078325,47.4812,2.3081284
retinaface/intra-sim/Tom_Ridge_/19.png,intra-sim/Tom_Ridge_,-3.8488348,27.60888,23.153008
retinaface/intra-sim/Tom_Ridge_/8.png,intra-sim/Tom_Ridge_,2.132777,24.128914,2.3726273
retinaface/intra-sim/Tom_Ridge_/4.png,intra-sim/Tom_Ridge_,6.014615,42.068695,-20.66941
retinaface/intra-sim/Tom_Ridge_/5.png,intra-sim/Tom_Ridge_,-1.7947794,27.91114,-0.17040253
retinaface/intra-sim/Tom_Ridge_/6.png,intra-sim/Tom_Ridge_,0.6053297,37.49459,-3.9132462
retinaface/intra-sim/Jose_Maria_Aznar_/3.png,intra-sim/Jose_Maria_Aznar_,9.27383,-4.994873,0.5686264
retinaface/intra-sim/Jose_Maria_Aznar_/15.png,intra-sim/Jose_Maria_Aznar_,-4.1302085,5.5268097,-37.972195
retinaface/intra-sim/Jose_Maria_Aznar_/16.png,intra-sim/Jose_Maria_Aznar_,-6.355039,31.644768,-11.155029
retinaface/intra-sim/Jose_Maria_Aznar_/13.png,intra-sim/Jose_Maria_Aznar_,-9.087299,53.20311,-3.864769
retinaface/intra-sim/Jose_Maria_Aznar_/1.png,intra-sim/Jose_Maria_Aznar_,-6.498651,-67.6963,-4.0028
retinaface/intra-sim/Jose_Maria_Aznar_/7.png,intra-sim/Jose_Maria_Aznar_,2.5552258,-22.735794,-15.646912
retinaface/intra-sim/Jose_Maria_Aznar_/9.png,intra-sim/Jose_Maria_Aznar_,2.3239052,-60.260876,15.241135
retinaface/intra-sim/Jose_Maria_Aznar_/18.png,intra-sim/Jose_Maria_Aznar_,-5.1806006,27.468681,-28.562664
retinaface/intra-sim/Jose_Maria_Aznar_/17.png,intra-sim/Jose_Maria_Aznar_,-8.142697,-3.417328,-12.85881
retinaface/intra-sim/Jose_Maria_Aznar_/10.png,intra-sim/Jose_Maria_Aznar_,10.270755,-44.13196,-22.679466
retinaface/intra-sim/Jose_Maria_Aznar_/20.png,intra-sim/Jose_Maria_Aznar_,8.304324,25.481468,-18.683388
retinaface/intra-sim/Jose_Maria_Aznar_/14.png,intra-sim/Jose_Maria_Aznar_,-11.596536,-42.060513,18.348282
retinaface/intra-sim/Jose_Maria_Aznar_/11.png,intra-sim/Jose_Maria_Aznar_,-5.746703,-12.569977,-14.527206
retinaface/intra-sim/Jose_Maria_Aznar_/12.png,intra-sim/Jose_Maria_Aznar_,12.117538,-31.73608,10.665642
retinaface/intra-sim/Jose_Maria_Aznar_/2.png,intra-sim/Jose_Maria_Aznar_,8.802073,-32.34216,-16.91954
retinaface/intra-sim/Jose_Maria_Aznar_/19.png,intra-sim/Jose_Maria_Aznar_,2.3185546,-0.16344452,0.29493713
retinaface/intra-sim/Jose_Maria_Aznar_/8.png,intra-sim/Jose_Maria_Aznar_,-10.833488,28.976334,2.780754
retinaface/intra-sim/Jose_Maria_Aznar_/4.png,intra-sim/Jose_Maria_Aznar_,-7.1950827,45.440018,-3.2090912
retinaface/intra-sim/Jose_Maria_Aznar_/5.png,intra-sim/Jose_Maria_Aznar_,-19.119162,-18.92247,-16.131767
retinaface/intra-sim/Jose_Maria_Aznar_/6.png,intra-sim/Jose_Maria_Aznar_,-0.40990987,-7.142044,-29.912487
retinaface/intra-sim/Jennifer_Lopez_/3.png,intra-sim/Jennifer_Lopez_,-5.971448,25.821732,-23.097069
retinaface/intra-sim/Jennifer_Lopez_/15.png,intra-sim/Jennifer_Lopez_,2.2756686,2.5628052,-43.97341
retinaface/intra-sim/Jennifer_Lopez_/16.png,intra-sim/Jennifer_Lopez_,-11.216399,28.615662,-22.691628
retinaface/intra-sim/Jennifer_Lopez_/13.png,intra-sim/Jennifer_Lopez_,5.1974983,-35.952236,-64.10286
retinaface/intra-sim/Jennifer_Lopez_/1.png,intra-sim/Jennifer_Lopez_,4.5852757,-26.883656,8.802986
retinaface/intra-sim/Jennifer_Lopez_/7.png,intra-sim/Jennifer_Lopez_,0.07653276,-2.3990555,-28.365826
retinaface/intra-sim/Jennifer_Lopez_/9.png,intra-sim/Jennifer_Lopez_,1.5259912,-10.260071,-44.75621
retinaface/intra-sim/Jennifer_Lopez_/18.png,intra-sim/Jennifer_Lopez_,8.400065,0.42996216,-32.374374
retinaface/intra-sim/Jennifer_Lopez_/17.png,intra-sim/Jennifer_Lopez_,-0.72539675,-20.970001,20.755676
retinaface/intra-sim/Jennifer_Lopez_/10.png,intra-sim/Jennifer_Lopez_,-1.5155334,-13.732544,-29.369774
retinaface/intra-sim/Jennifer_Lopez_/20.png,intra-sim/Jennifer_Lopez_,16.326118,-180.0,14.535004
retinaface/intra-sim/Jennifer_Lopez_/14.png,intra-sim/Jennifer_Lopez_,4.8859644,-15.788376,-32.763588
retinaface/intra-sim/Jennifer_Lopez_/11.png,intra-sim/Jennifer_Lopez_,-2.417485,5.270363,-54.774223
retinaface/intra-sim/Jennifer_Lopez_/12.png,intra-sim/Jennifer_Lopez_,-6.699839,12.513153,-22.795113
retinaface/intra-sim/Jennifer_Lopez_/2.png,intra-sim/Jennifer_Lopez_,-0.11195576,-11.376068,-33.61917
retinaface/intra-sim/Jennifer_Lopez_/19.png,intra-sim/Jennifer_Lopez_,5.893247,51.492554,0.48705292
retinaface/intra-sim/Jennifer_Lopez_/8.png,intra-sim/Jennifer_Lopez_,6.0650477,-34.67528,-28.190586
retinaface/intra-sim/Jennifer_Lopez_/4.png,intra-sim/Jennifer_Lopez_,1.5634564,-4.0314636,-30.381737
retinaface/intra-sim/Jennifer_Lopez_/5.png,intra-sim/Jennifer_Lopez_,-1.3276681,21.50653,-16.545784
retinaface/intra-sim/Jennifer_Lopez_/6.png,intra-sim/Jennifer_Lopez_,-1.7509686,-8.877472,-53.7465
retinaface/intra-sim/Jean_Chretien_/3.png,intra-sim/Jean_Chretien_,-13.032548,-4.7598724,-23.622742
retinaface/intra-sim/Jean_Chretien_/15.png,intra-sim/Jean_Chretien_,-8.967712,-71.50372,-14.029869
retinaface/intra-sim/Jean_Chretien_/16.png,intra-sim/Jean_Chretien_,7.8770204,30.559425,-34.764378
retinaface/intra-sim/Jean_Chretien_/13.png,intra-sim/Jean_Chretien_,8.223803,44.22374,-5.2478256
retinaface/intra-sim/Jean_Chretien_/1.png,intra-sim/Jean_Chretien_,-7.4535136,8.158554,-3.687729
retinaface/intra-sim/Jean_Chretien_/7.png,intra-sim/Jean_Chretien_,16.922388,3.213646,-32.592857
retinaface/intra-sim/Jean_Chretien_/9.png,intra-sim/Jean_Chretien_,-11.847565,-24.531967,4.6680756
retinaface/intra-sim/Jean_Chretien_/18.png,intra-sim/Jean_Chretien_,-3.6577353,-53.842026,-5.593292
retinaface/intra-sim/Jean_Chretien_/17.png,intra-sim/Jean_Chretien_,1.6272869,-2.8356628,-14.351326
retinaface/intra-sim/Jean_Chretien_/10.png,intra-sim/Jean_Chretien_,-8.681733,50.26912,0.5112076
retinaface/intra-sim/Jean_Chretien_/20.png,intra-sim/Jean_Chretien_,3.4638083,-8.625061,-20.026634
retinaface/intra-sim/Jean_Chretien_/14.png,intra-sim/Jean_Chretien_,-0.3581007,11.524223,-14.066559
retinaface/intra-sim/Jean_Chretien_/11.png,intra-sim/Jean_Chretien_,3.9434612,23.783096,11.861603
retinaface/intra-sim/Jean_Chretien_/12.png,intra-sim/Jean_Chretien_,-7.2378798,3.7348785,-18.960487
retinaface/intra-sim/Jean_Chretien_/2.png,intra-sim/Jean_Chretien_,-3.6477647,6.263237,-7.855118
retinaface/intra-sim/Jean_Chretien_/19.png,intra-sim/Jean_Chretien_,-2.9041047,-37.127342,-1.8879547
retinaface/intra-sim/Jean_Chretien_/8.png,intra-sim/Jean_Chretien_,-10.315968,-0.3562088,-29.148647
retinaface/intra-sim/Jean_Chretien_/4.png,intra-sim/Jean_Chretien_,7.8340635,-23.235237,-42.19631
retinaface/intra-sim/Jean_Chretien_/5.png,intra-sim/Jean_Chretien_,-3.7734241,28.72403,4.5863876
retinaface/intra-sim/Jean_Chretien_/6.png,intra-sim/Jean_Chretien_,2.4101498,-29.8974,-9.808769
retinaface/intra-sim/Igor_Ivanov_/3.png,intra-sim/Igor_Ivanov_,-2.6480312,-1.3966904,12.03196
retinaface/intra-sim/Igor_Ivanov_/15.png,intra-sim/Igor_Ivanov_,-0.26872793,17.896683,-26.708378
retinaface/intra-sim/Igor_Ivanov_/16.png,intra-sim/Igor_Ivanov_,-6.2276244,-85.95291,-6.509018
retinaface/intra-sim/Igor_Ivanov_/13.png,intra-sim/Igor_Ivanov_,2.0125089,-17.831802,-5.5751343
retinaface/intra-sim/Igor_Ivanov_/1.png,intra-sim/Igor_Ivanov_,-0.8504324,0.94931793,-17.687706
retinaface/intra-sim/Igor_Ivanov_/7.png,intra-sim/Igor_Ivanov_,-8.432415,-8.099243,1.3557281
retinaface/intra-sim/Igor_Ivanov_/9.png,intra-sim/Igor_Ivanov_,-2.5037522,-57.931725,-9.562576
retinaface/intra-sim/Igor_Ivanov_/18.png,intra-sim/Igor_Ivanov_,-3.0013535,11.878723,-9.599281
retinaface/intra-sim/Igor_Ivanov_/17.png,intra-sim/Igor_Ivanov_,-8.406367,20.638031,-9.12722
retinaface/intra-sim/Igor_Ivanov_/10.png,intra-sim/Igor_Ivanov_,-2.453156,14.069687,22.230873
retinaface/intra-sim/Igor_Ivanov_/20.png,intra-sim/Igor_Ivanov_,-4.7577624,-30.125961,-35.412647
retinaface/intra-sim/Igor_Ivanov_/14.png,intra-sim/Igor_Ivanov_,-13.500269,-35.322132,-15.214554
retinaface/intra-sim/Igor_Ivanov_/11.png,intra-sim/Igor_Ivanov_,5.750368,-7.4682846,-11.543526
retinaface/intra-sim/Igor_Ivanov_/12.png,intra-sim/Igor_Ivanov_,-2.841339,17.166801,-7.035408
retinaface/intra-sim/Igor_Ivanov_/2.png,intra-sim/Igor_Ivanov_,-1.9639826,-26.950333,-19.574257
retinaface/intra-sim/Igor_Ivanov_/19.png,intra-sim/Igor_Ivanov_,6.199034,-52.411118,-4.6623917
retinaface/intra-sim/Igor_Ivanov_/8.png,intra-sim/Igor_Ivanov_,2.0831435,-76.650665,6.6644897
retinaface/intra-sim/Igor_Ivanov_/4.png,intra-sim/Igor_Ivanov_,13.124643,-101.23644,-14.552216
retinaface/intra-sim/Igor_Ivanov_/5.png,intra-sim/Igor_Ivanov_,-1.422536,12.556656,-27.204414
retinaface/intra-sim/Igor_Ivanov_/6.png,intra-sim/Igor_Ivanov_,8.573768,9.552391,-76.89306
retinaface/intra-sim/Pete_Sampras_/3.png,intra-sim/Pete_Sampras_,-10.585758,-12.971207,-4.379944
retinaface/intra-sim/Pete_Sampras_/15.png,intra-sim/Pete_Sampras_,-0.23096569,-5.6175537,13.828079
retinaface/intra-sim/Pete_Sampras_/16.png,intra-sim/Pete_Sampras_,-0.20181426,-30.076496,10.505699
retinaface/intra-sim/Pete_Sampras_/13.png,intra-sim/Pete_Sampras_,5.5080605,34.313637,-12.532616
retinaface/intra-sim/Pete_Sampras_/1.png,intra-sim/Pete_Sampras_,3.1269047,56.65219,2.9812393
retinaface/intra-sim/Pete_Sampras_/7.png,intra-sim/Pete_Sampras_,-9.606549,32.426445,-7.293442
retinaface/intra-sim/Pete_Sampras_/9.png,intra-sim/Pete_Sampras_,17.272703,-22.90889,-11.348373
retinaface/intra-sim/Pete_Sampras_/18.png,intra-sim/Pete_Sampras_,7.979371,30.540222,-15.714577
retinaface/intra-sim/Pete_Sampras_/17.png,intra-sim/Pete_Sampras_,-2.327014,9.285591,-33.48546
retinaface/intra-sim/Pete_Sampras_/10.png,intra-sim/Pete_Sampras_,-0.11334282,13.106659,-0.5873108
retinaface/intra-sim/Pete_Sampras_/20.png,intra-sim/Pete_Sampras_,-5.088602,24.537498,-12.223961
retinaface/intra-sim/Pete_Sampras_/14.png,intra-sim/Pete_Sampras_,-0.046182882,43.027847,-8.251572
retinaface/intra-sim/Pete_Sampras_/11.png,intra-sim/Pete_Sampras_,8.174331,-1.3407059,-1.7272949
retinaface/intra-sim/Pete_Sampras_/12.png,intra-sim/Pete_Sampras_,10.904117,-2.1613235,-0.26293182
retinaface/intra-sim/Pete_Sampras_/2.png,intra-sim/Pete_Sampras_,-0.23198158,1.5141373,-8.463699
retinaface/intra-sim/Pete_Sampras_/19.png,intra-sim/Pete_Sampras_,-7.914966,22.212906,-0.15317535
retinaface/intra-sim/Pete_Sampras_/8.png,intra-sim/Pete_Sampras_,7.389627,42.41104,-10.411781
retinaface/intra-sim/Pete_Sampras_/4.png,intra-sim/Pete_Sampras_,-1.5849547,-10.026375,-2.763916
retinaface/intra-sim/Pete_Sampras_/5.png,intra-sim/Pete_Sampras_,0.8876073,-5.5827026,-24.68528
retinaface/intra-sim/Pete_Sampras_/6.png,intra-sim/Pete_Sampras_,-5.039713,24.51223,-13.758476
retinaface/intra-sim/Silvio_Berlusconi_/3.png,intra-sim/Silvio_Berlusconi_,-7.6700726,-55.79234,3.7229767
retinaface/intra-sim/Silvio_Berlusconi_/15.png,intra-sim/Silvio_Berlusconi_,6.412626,-35.060463,11.258263
retinaface/intra-sim/Silvio_Berlusconi_/16.png,intra-sim/Silvio_Berlusconi_,6.777004,30.976982,-18.181808
retinaface/intra-sim/Silvio_Berlusconi_/13.png,intra-sim/Silvio_Berlusconi_,0.0445942,43.47505,-7.332222
retinaface/intra-sim/Silvio_Berlusconi_/1.png,intra-sim/Silvio_Berlusconi_,4.3226876,-14.157341,-34.060352
retinaface/intra-sim/Silvio_Berlusconi_/7.png,intra-sim/Silvio_Berlusconi_,3.213528,15.023323,-16.107292
retinaface/intra-sim/Silvio_Berlusconi_/9.png,intra-sim/Silvio_Berlusconi_,-5.4734535,-8.971291,-34.95541
retinaface/intra-sim/Silvio_Berlusconi_/18.png,intra-sim/Silvio_Berlusconi_,-1.8396238,19.432503,-14.031494
retinaface/intra-sim/Silvio_Berlusconi_/17.png,intra-sim/Silvio_Berlusconi_,2.19702,18.88884,12.59005
retinaface/intra-sim/Silvio_Berlusconi_/10.png,intra-sim/Silvio_Berlusconi_,-5.3492055,12.840019,8.011459
retinaface/intra-sim/Silvio_Berlusconi_/20.png,intra-sim/Silvio_Berlusconi_,-11.059781,11.915878,-14.854599
retinaface/intra-sim/Silvio_Berlusconi_/14.png,intra-sim/Silvio_Berlusconi_,6.471498,24.409271,1.7884903
retinaface/intra-sim/Silvio_Berlusconi_/11.png,intra-sim/Silvio_Berlusconi_,-9.973873,28.326874,-1.9618835
retinaface/intra-sim/Silvio_Berlusconi_/12.png,intra-sim/Silvio_Berlusconi_,8.784745,0.30296326,-4.1988983
retinaface/intra-sim/Silvio_Berlusconi_/2.png,intra-sim/Silvio_Berlusconi_,1.1823714,-26.509567,-2.1458664
retinaface/intra-sim/Silvio_Berlusconi_/19.png,intra-sim/Silvio_Berlusconi_,-8.038838,13.54689,-13.694763
retinaface/intra-sim/Silvio_Berlusconi_/8.png,intra-sim/Silvio_Berlusconi_,-7.359834,-3.1862946,-41.14722
retinaface/intra-sim/Silvio_Berlusconi_/4.png,intra-sim/Silvio_Berlusconi_,6.0671043,-4.737694,20.192474
retinaface/intra-sim/Silvio_Berlusconi_/5.png,intra-sim/Silvio_Berlusconi_,-10.3891535,9.715607,-12.8960495
retinaface/intra-sim/Silvio_Berlusconi_/6.png,intra-sim/Silvio_Berlusconi_,-9.511397,-20.832054,-31.068272
retinaface/intra-sim/Naomi_Watts_/3.png,intra-sim/Naomi_Watts_,4.9975758,-23.180122,-26.313625
retinaface/intra-sim/Naomi_Watts_/15.png,intra-sim/Naomi_Watts_,-4.5395455,6.045479,14.801392
retinaface/intra-sim/Naomi_Watts_/16.png,intra-sim/Naomi_Watts_,-0.21541975,-28.096355,-30.061539
retinaface/intra-sim/Naomi_Watts_/13.png,intra-sim/Naomi_Watts_,6.17159,-1.5017548,-42.918953
retinaface/intra-sim/Naomi_Watts_/1.png,intra-sim/Naomi_Watts_,-5.467519,47.467224,25.772614
retinaface/intra-sim/Naomi_Watts_/7.png,intra-sim/Naomi_Watts_,0.52648664,-25.545296,-26.552048
retinaface/intra-sim/Naomi_Watts_/9.png,intra-sim/Naomi_Watts_,2.8939545,14.982414,-45.6221
retinaface/intra-sim/Naomi_Watts_/18.png,intra-sim/Naomi_Watts_,-1.7967044,-6.7532883,-11.639893
retinaface/intra-sim/Naomi_Watts_/17.png,intra-sim/Naomi_Watts_,2.6465864,-9.285278,-21.300545
retinaface/intra-sim/Naomi_Watts_/10.png,intra-sim/Naomi_Watts_,0.18036264,24.295074,-6.9027405
retinaface/intra-sim/Naomi_Watts_/20.png,intra-sim/Naomi_Watts_,-4.627267,100.90439,-10.374466
retinaface/intra-sim/Naomi_Watts_/14.png,intra-sim/Naomi_Watts_,5.897412,-30.180561,-56.157715
retinaface/intra-sim/Naomi_Watts_/11.png,intra-sim/Naomi_Watts_,-2.2392917,-26.082626,-6.2188187
retinaface/intra-sim/Naomi_Watts_/12.png,intra-sim/Naomi_Watts_,4.0665417,-65.055984,-7.9016647
retinaface/intra-sim/Naomi_Watts_/2.png,intra-sim/Naomi_Watts_,-1.4360003,4.871361,-47.999832
retinaface/intra-sim/Naomi_Watts_/19.png,intra-sim/Naomi_Watts_,-7.9475455,32.979134,-43.560234
retinaface/intra-sim/Naomi_Watts_/8.png,intra-sim/Naomi_Watts_,-2.5068517,10.485329,13.963554
retinaface/intra-sim/Naomi_Watts_/4.png,intra-sim/Naomi_Watts_,-3.9844475,30.15564,1.5925293
retinaface/intra-sim/Naomi_Watts_/5.png,intra-sim/Naomi_Watts_,-4.5198417,-8.969612,-7.808365
retinaface/intra-sim/Naomi_Watts_/6.png,intra-sim/Naomi_Watts_,-5.4452095,-24.621223,-1.5324783
retinaface/intra-sim/Bill_Clinton_/3.png,intra-sim/Bill_Clinton_,-11.963142,3.358902,-1.6561356
retinaface/intra-sim/Bill_Clinton_/15.png,intra-sim/Bill_Clinton_,-4.534837,-6.286461,13.148041
retinaface/intra-sim/Bill_Clinton_/16.png,intra-sim/Bill_Clinton_,0.8549492,45.846664,-18.71408
retinaface/intra-sim/Bill_Clinton_/13.png,intra-sim/Bill_Clinton_,-1.8072975,-1.8011551,-12.215477
retinaface/intra-sim/Bill_Clinton_/1.png,intra-sim/Bill_Clinton_,-1.449681,20.58213,-12.3322525
retinaface/intra-sim/Bill_Clinton_/7.png,intra-sim/Bill_Clinton_,4.7355547,-0.7158203,-6.0221024
retinaface/intra-sim/Bill_Clinton_/9.png,intra-sim/Bill_Clinton_,-1.0785043,27.454979,22.429092
retinaface/intra-sim/Bill_Clinton_/18.png,intra-sim/Bill_Clinton_,-7.091119,-80.688736,-12.715263
retinaface/intra-sim/Bill_Clinton_/17.png,intra-sim/Bill_Clinton_,0.32460442,4.325493,-5.0770874
retinaface/intra-sim/Bill_Clinton_/10.png,intra-sim/Bill_Clinton_,4.3114033,-3.8261032,-9.212654
retinaface/intra-sim/Bill_Clinton_/20.png,intra-sim/Bill_Clinton_,-8.321164,31.217674,-11.347961
retinaface/intra-sim/Bill_Clinton_/14.png,intra-sim/Bill_Clinton_,-1.6299167,-49.422916,-0.32276917
retinaface/intra-sim/Bill_Clinton_/11.png,intra-sim/Bill_Clinton_,10.18997,-55.748917,-2.1128006
retinaface/intra-sim/Bill_Clinton_/12.png,intra-sim/Bill_Clinton_,0.7497629,2.7547226,-11.272194
retinaface/intra-sim/Bill_Clinton_/2.png,intra-sim/Bill_Clinton_,-2.4459138,-29.86277,0.25756836
retinaface/intra-sim/Bill_Clinton_/19.png,intra-sim/Bill_Clinton_,-7.968851,18.072548,-0.3390503
retinaface/intra-sim/Bill_Clinton_/8.png,intra-sim/Bill_Clinton_,-11.849879,100.905716,6.0702744
retinaface/intra-sim/Bill_Clinton_/4.png,intra-sim/Bill_Clinton_,7.893591,46.78122,12.508484
retinaface/intra-sim/Bill_Clinton_/5.png,intra-sim/Bill_Clinton_,3.397357,49.345047,-17.316284
retinaface/intra-sim/Bill_Clinton_/6.png,intra-sim/Bill_Clinton_,1.8257961,50.826706,-17.737587
retinaface/intra-sim/Vladimir_Putin_/3.png,intra-sim/Vladimir_Putin_,11.675951,26.056137,-26.62875
retinaface/intra-sim/Vladimir_Putin_/15.png,intra-sim/Vladimir_Putin_,1.061213,27.831993,-18.69674
retinaface/intra-sim/Vladimir_Putin_/16.png,intra-sim/Vladimir_Putin_,-1.8961676,14.31488,-11.683128
retinaface/intra-sim/Vladimir_Putin_/13.png,intra-sim/Vladimir_Putin_,2.7148414,46.54843,-8.815483
retinaface/intra-sim/Vladimir_Putin_/1.png,intra-sim/Vladimir_Putin_,17.957407,16.95034,-35.01782
retinaface/intra-sim/Vladimir_Putin_/7.png,intra-sim/Vladimir_Putin_,5.7086177,21.047516,-45.465866
retinaface/intra-sim/Vladimir_Putin_/9.png,intra-sim/Vladimir_Putin_,3.8767335,12.734695,-20.14782
retinaface/intra-sim/Vladimir_Putin_/18.png,intra-sim/Vladimir_Putin_,2.3135815,4.241699,-17.184654
retinaface/intra-sim/Vladimir_Putin_/17.png,intra-sim/Vladimir_Putin_,5.8909073,43.23796,-9.665466
retinaface/intra-sim/Vladimir_Putin_/10.png,intra-sim/Vladimir_Putin_,-1.6085634,11.096268,-12.13694
retinaface/intra-sim/Vladimir_Putin_/20.png,intra-sim/Vladimir_Putin_,-5.3399158,3.7599564,-50.875614
retinaface/intra-sim/Vladimir_Putin_/14.png,intra-sim/Vladimir_Putin_,-6.573378,22.53344,-43.63428
retinaface/intra-sim/Vladimir_Putin_/11.png,intra-sim/Vladimir_Putin_,12.130002,4.66214,-39.76183
retinaface/intra-sim/Vladimir_Putin_/12.png,intra-sim/Vladimir_Putin_,2.3743844,15.968224,-21.80233
retinaface/intra-sim/Vladimir_Putin_/2.png,intra-sim/Vladimir_Putin_,4.7060738,18.04457,-32.72918
retinaface/intra-sim/Vladimir_Putin_/19.png,intra-sim/Vladimir_Putin_,0.8360869,-23.62323,-34.490696
retinaface/intra-sim/Vladimir_Putin_/8.png,intra-sim/Vladimir_Putin_,1.0044299,-37.867867,5.4657745
retinaface/intra-sim/Vladimir_Putin_/4.png,intra-sim/Vladimir_Putin_,8.033748,40.768158,-32.633266
retinaface/intra-sim/Vladimir_Putin_/5.png,intra-sim/Vladimir_Putin_,12.136877,21.701447,-37.60995
retinaface/intra-sim/Vladimir_Putin_/6.png,intra-sim/Vladimir_Putin_,0.40198803,-13.601471,-17.03936
retinaface/intra-sim/Luiz_Inacio_Lula_da_Silva_/3.png,intra-sim/Luiz_Inacio_Lula_da_Silva_,-3.2956083,34.648743,1.60289
retinaface/intra-sim/Luiz_Inacio_Lula_da_Silva_/15.png,intra-sim/Luiz_Inacio_Lula_da_Silva_,-2.3748896,-40.72737,5.703041
retinaface/intra-sim/Luiz_Inacio_Lula_da_Silva_/16.png,intra-sim/Luiz_Inacio_Lula_da_Silva_,4.3263993,-31.727737,1.9992523
retinaface/intra-sim/Luiz_Inacio_Lula_da_Silva_/13.png,intra-sim/Luiz_Inacio_Lula_da_Silva_,-8.770694,59.05005,8.879997
retinaface/intra-sim/Luiz_Inacio_Lula_da_Silva_/1.png,intra-sim/Luiz_Inacio_Lula_da_Silva_,-3.3430214,-125.02277,-4.039894
retinaface/intra-sim/Luiz_Inacio_Lula_da_Silva_/7.png,intra-sim/Luiz_Inacio_Lula_da_Silva_,-5.400119,-48.13633,5.554489
retinaface/intra-sim/Luiz_Inacio_Lula_da_Silva_/9.png,intra-sim/Luiz_Inacio_Lula_da_Silva_,0.01832474,38.026077,-18.153374
retinaface/intra-sim/Luiz_Inacio_Lula_da_Silva_/18.png,intra-sim/Luiz_Inacio_Lula_da_Silva_,5.364958,9.179146,-15.06823
retinaface/intra-sim/Luiz_Inacio_Lula_da_Silva_/17.png,intra-sim/Luiz_Inacio_Lula_da_Silva_,-1.7172724,22.930687,7.8140717
retinaface/intra-sim/Luiz_Inacio_Lula_da_Silva_/10.png,intra-sim/Luiz_Inacio_Lula_da_Silva_,6.433119,-41.715626,20.32698
retinaface/intra-sim/Luiz_Inacio_Lula_da_Silva_/20.png,intra-sim/Luiz_Inacio_Lula_da_Silva_,0.34698078,-45.575897,-12.8830185
retinaface/intra-sim/Luiz_Inacio_Lula_da_Silva_/14.png,intra-sim/Luiz_Inacio_Lula_da_Silva_,-2.2156975,46.309814,-11.606857
retinaface/intra-sim/Luiz_Inacio_Lula_da_Silva_/11.png,intra-sim/Luiz_Inacio_Lula_da_Silva_,-6.586161,27.64901,3.735756
retinaface/intra-sim/Luiz_Inacio_Lula_da_Silva_/12.png,intra-sim/Luiz_Inacio_Lula_da_Silva_,-2.23713,22.470955,6.6186066
retinaface/intra-sim/Luiz_Inacio_Lula_da_Silva_/2.png,intra-sim/Luiz_Inacio_Lula_da_Silva_,5.954243,-14.790253,-0.4615631
retinaface/intra-sim/Luiz_Inacio_Lula_da_Silva_/19.png,intra-sim/Luiz_Inacio_Lula_da_Silva_,-1.188412,10.013702,7.6793213
retinaface/intra-sim/Luiz_Inacio_Lula_da_Silva_/8.png,intra-sim/Luiz_Inacio_Lula_da_Silva_,-4.098238,42.9868,-0.91493225
retinaface/intra-sim/Luiz_Inacio_Lula_da_Silva_/4.png,intra-sim/Luiz_Inacio_Lula_da_Silva_,18.663137,-8.221062,-13.937462
retinaface/intra-sim/Luiz_Inacio_Lula_da_Silva_/5.png,intra-sim/Luiz_Inacio_Lula_da_Silva_,-4.7233005,0.09101868,13.905113
retinaface/intra-sim/Luiz_Inacio_Lula_da_Silva_/6.png,intra-sim/Luiz_Inacio_Lula_da_Silva_,1.6656284,-47.21441,-9.8094635
retinaface/intra-sim/Ricardo_Lagos_/3.png,intra-sim/Ricardo_Lagos_,3.0523272,7.082855,-10.315079
retinaface/intra-sim/Ricardo_Lagos_/15.png,intra-sim/Ricardo_Lagos_,0.43151107,37.185165,-21.844551
retinaface/intra-sim/Ricardo_Lagos_/16.png,intra-sim/Ricardo_Lagos_,-15.395918,17.412605,-4.4149094
retinaface/intra-sim/Ricardo_Lagos_/13.png,intra-sim/Ricardo_Lagos_,-10.760537,35.873108,-17.561012
retinaface/intra-sim/Ricardo_Lagos_/1.png,intra-sim/Ricardo_Lagos_,-12.654067,117.69882,-1.9299469
retinaface/intra-sim/Ricardo_Lagos_/7.png,intra-sim/Ricardo_Lagos_,-8.931763,-44.873543,-24.869553
retinaface/intra-sim/Ricardo_Lagos_/9.png,intra-sim/Ricardo_Lagos_,-15.761756,2.5027847,-16.663734
retinaface/intra-sim/Ricardo_Lagos_/18.png,intra-sim/Ricardo_Lagos_,-17.539576,25.060654,-31.240406
retinaface/intra-sim/Ricardo_Lagos_/17.png,intra-sim/Ricardo_Lagos_,-9.618343,34.798546,-20.24276
retinaface/intra-sim/Ricardo_Lagos_/10.png,intra-sim/Ricardo_Lagos_,-0.80557686,32.20919,-25.219368
retinaface/intra-sim/Ricardo_Lagos_/20.png,intra-sim/Ricardo_Lagos_,5.550788,7.242119,-33.88052
retinaface/intra-sim/Ricardo_Lagos_/14.png,intra-sim/Ricardo_Lagos_,8.827591,7.847206,-24.618896
retinaface/intra-sim/Ricardo_Lagos_/11.png,intra-sim/Ricardo_Lagos_,1.1908299,9.8016815,-15.018951
retinaface/intra-sim/Ricardo_Lagos_/12.png,intra-sim/Ricardo_Lagos_,4.4944296,4.912369,-13.695541
retinaface/intra-sim/Ricardo_Lagos_/2.png,intra-sim/Ricardo_Lagos_,-7.329177,5.31958,-10.444466
retinaface/intra-sim/Ricardo_Lagos_/19.png,intra-sim/Ricardo_Lagos_,-4.227163,-18.396301,-14.42038
retinaface/intra-sim/Ricardo_Lagos_/8.png,intra-sim/Ricardo_Lagos_,-10.9058485,-18.701157,-40.23073
retinaface/intra-sim/Ricardo_Lagos_/4.png,intra-sim/Ricardo_Lagos_,-3.6925013,-73.5037,-4.1786804
retinaface/intra-sim/Ricardo_Lagos_/5.png,intra-sim/Ricardo_Lagos_,3.9822054,1.5989532,-45.679096
retinaface/intra-sim/Ricardo_Lagos_/6.png,intra-sim/Ricardo_Lagos_,7.375699,34.898727,-30.7943
retinaface/intra-sim/Angelina_Jolie_/3.png,intra-sim/Angelina_Jolie_,5.2463064,47.794144,-18.058167
retinaface/intra-sim/Angelina_Jolie_/15.png,intra-sim/Angelina_Jolie_,-1.9306133,-3.5175552,-31.844467
retinaface/intra-sim/Angelina_Jolie_/16.png,intra-sim/Angelina_Jolie_,0.57179075,-11.2836075,-29.930317
retinaface/intra-sim/Angelina_Jolie_/13.png,intra-sim/Angelina_Jolie_,4.3657813,0.43759918,-24.318
retinaface/intra-sim/Angelina_Jolie_/1.png,intra-sim/Angelina_Jolie_,-2.1342123,46.162125,-12.003761
retinaface/intra-sim/Angelina_Jolie_/7.png,intra-sim/Angelina_Jolie_,-2.233703,15.871162,16.999313
retinaface/intra-sim/Angelina_Jolie_/9.png,intra-sim/Angelina_Jolie_,-14.015196,-38.713524,-23.496887
retinaface/intra-sim/Angelina_Jolie_/18.png,intra-sim/Angelina_Jolie_,1.623295,-1.161171,-27.896824
retinaface/intra-sim/Angelina_Jolie_/17.png,intra-sim/Angelina_Jolie_,5.9924073,27.648796,-21.61383
retinaface/intra-sim/Angelina_Jolie_/10.png,intra-sim/Angelina_Jolie_,1.883518,39.564026,-7.753044
retinaface/intra-sim/Angelina_Jolie_/20.png,intra-sim/Angelina_Jolie_,-13.867597,12.267929,-5.2036743
retinaface/intra-sim/Angelina_Jolie_/14.png,intra-sim/Angelina_Jolie_,-2.481826,-22.549934,-38.207333
retinaface/intra-sim/Angelina_Jolie_/11.png,intra-sim/Angelina_Jolie_,2.608168,4.8285217,-51.800415
retinaface/intra-sim/Angelina_Jolie_/12.png,intra-sim/Angelina_Jolie_,11.712362,-65.97528,-2.6796112
retinaface/intra-sim/Angelina_Jolie_/2.png,intra-sim/Angelina_Jolie_,6.629739,19.151726,22.244675
retinaface/intra-sim/Angelina_Jolie_/19.png,intra-sim/Angelina_Jolie_,-7.163389,-33.420265,-44.28648
retinaface/intra-sim/Angelina_Jolie_/8.png,intra-sim/Angelina_Jolie_,2.0935125,-3.0120468,-22.57302
retinaface/intra-sim/Angelina_Jolie_/4.png,intra-sim/Angelina_Jolie_,4.5992084,6.589447,4.936226
retinaface/intra-sim/Angelina_Jolie_/5.png,intra-sim/Angelina_Jolie_,5.2660303,48.796127,-15.757622
retinaface/intra-sim/Angelina_Jolie_/6.png,intra-sim/Angelina_Jolie_,-6.1384015,63.189026,2.0060272
retinaface/intra-sim/Gloria_Macapagal_Arroyo_/3.png,intra-sim/Gloria_Macapagal_Arroyo_,2.9422994,45.921448,-5.197998
retinaface/intra-sim/Gloria_Macapagal_Arroyo_/15.png,intra-sim/Gloria_Macapagal_Arroyo_,-2.2038202,-10.648987,-30.309464
retinaface/intra-sim/Gloria_Macapagal_Arroyo_/16.png,intra-sim/Gloria_Macapagal_Arroyo_,11.33314,41.805145,-7.973213
retinaface/intra-sim/Gloria_Macapagal_Arroyo_/13.png,intra-sim/Gloria_Macapagal_Arroyo_,-8.185694,-2.1362228,-31.825554
retinaface/intra-sim/Gloria_Macapagal_Arroyo_/1.png,intra-sim/Gloria_Macapagal_Arroyo_,-2.2160175,12.158768,-13.152725
retinaface/intra-sim/Gloria_Macapagal_Arroyo_/7.png,intra-sim/Gloria_Macapagal_Arroyo_,-8.263346,10.320709,8.873703
retinaface/intra-sim/Gloria_Macapagal_Arroyo_/9.png,intra-sim/Gloria_Macapagal_Arroyo_,-6.1947503,-0.873703,-23.957054
retinaface/intra-sim/Gloria_Macapagal_Arroyo_/18.png,intra-sim/Gloria_Macapagal_Arroyo_,-5.7323112,-16.307274,38.203064
retinaface/intra-sim/Gloria_Macapagal_Arroyo_/17.png,intra-sim/Gloria_Macapagal_Arroyo_,-4.6800065,0.78852844,21.02652
retinaface/intra-sim/Gloria_Macapagal_Arroyo_/10.png,intra-sim/Gloria_Macapagal_Arroyo_,-12.059757,26.195412,-26.582615
retinaface/intra-sim/Gloria_Macapagal_Arroyo_/20.png,intra-sim/Gloria_Macapagal_Arroyo_,-12.010529,-33.399757,-4.947197
retinaface/intra-sim/Gloria_Macapagal_Arroyo_/14.png,intra-sim/Gloria_Macapagal_Arroyo_,-6.7620797,2.8975143,-38.08955
retinaface/intra-sim/Gloria_Macapagal_Arroyo_/11.png,intra-sim/Gloria_Macapagal_Arroyo_,2.565728,58.068497,-11.289902
retinaface/intra-sim/Gloria_Macapagal_Arroyo_/12.png,intra-sim/Gloria_Macapagal_Arroyo_,0.6429713,13.7789,6.704277
retinaface/intra-sim/Gloria_Macapagal_Arroyo_/2.png,intra-sim/Gloria_Macapagal_Arroyo_,-8.61554,-6.857727,28.189499
retinaface/intra-sim/Gloria_Macapagal_Arroyo_/19.png,intra-sim/Gloria_Macapagal_Arroyo_,-4.6557593,-41.751106,-6.699951
retinaface/intra-sim/Gloria_Macapagal_Arroyo_/8.png,intra-sim/Gloria_Macapagal_Arroyo_,-14.578525,-16.650085,18.516495
retinaface/intra-sim/Gloria_Macapagal_Arroyo_/4.png,intra-sim/Gloria_Macapagal_Arroyo_,-5.8423343,-19.760178,-34.37448
retinaface/intra-sim/Gloria_Macapagal_Arroyo_/5.png,intra-sim/Gloria_Macapagal_Arroyo_,-7.1960406,21.928986,30.411743
retinaface/intra-sim/Gloria_Macapagal_Arroyo_/6.png,intra-sim/Gloria_Macapagal_Arroyo_,-4.385721,-48.25559,-7.592415
retinaface/intra-sim/Megawati_Sukarnoputri_/3.png,intra-sim/Megawati_Sukarnoputri_,-0.2790415,0.2588272,-16.170357
retinaface/intra-sim/Megawati_Sukarnoputri_/15.png,intra-sim/Megawati_Sukarnoputri_,-7.1722383,23.194656,-17.556389
retinaface/intra-sim/Megawati_Sukarnoputri_/16.png,intra-sim/Megawati_Sukarnoputri_,-4.9218173,-25.004677,-33.97995
retinaface/intra-sim/Megawati_Sukarnoputri_/13.png,intra-sim/Megawati_Sukarnoputri_,-2.46584,-6.958679,-29.911755
retinaface/intra-sim/Megawati_Sukarnoputri_/1.png,intra-sim/Megawati_Sukarnoputri_,-7.6286287,7.616043,-28.92632
retinaface/intra-sim/Megawati_Sukarnoputri_/7.png,intra-sim/Megawati_Sukarnoputri_,-4.45177,17.932571,-5.112335
retinaface/intra-sim/Megawati_Sukarnoputri_/9.png,intra-sim/Megawati_Sukarnoputri_,-1.145146,48.372223,-14.360863
retinaface/intra-sim/Megawati_Sukarnoputri_/18.png,intra-sim/Megawati_Sukarnoputri_,-14.501082,40.55771,-13.112152
retinaface/intra-sim/Megawati_Sukarnoputri_/17.png,intra-sim/Megawati_Sukarnoputri_,-7.27276,-31.429932,-10.00975
retinaface/intra-sim/Megawati_Sukarnoputri_/10.png,intra-sim/Megawati_Sukarnoputri_,-6.6719046,-20.953499,-28.153095
retinaface/intra-sim/Megawati_Sukarnoputri_/20.png,intra-sim/Megawati_Sukarnoputri_,5.976899,6.916382,-23.935776
retinaface/intra-sim/Megawati_Sukarnoputri_/14.png,intra-sim/Megawati_Sukarnoputri_,-4.368813,82.78418,-2.633194
retinaface/intra-sim/Megawati_Sukarnoputri_/11.png,intra-sim/Megawati_Sukarnoputri_,5.9132714,-180.0,-2.1832657
retinaface/intra-sim/Megawati_Sukarnoputri_/12.png,intra-sim/Megawati_Sukarnoputri_,-11.205483,18.051254,-51.794464
retinaface/intra-sim/Megawati_Sukarnoputri_/2.png,intra-sim/Megawati_Sukarnoputri_,1.7287484,-29.90506,35.55986
retinaface/intra-sim/Megawati_Sukarnoputri_/19.png,intra-sim/Megawati_Sukarnoputri_,-2.5653367,29.507149,2.0204544
retinaface/intra-sim/Megawati_Sukarnoputri_/8.png,intra-sim/Megawati_Sukarnoputri_,-6.855029,1.5893326,-27.600517
retinaface/intra-sim/Megawati_Sukarnoputri_/4.png,intra-sim/Megawati_Sukarnoputri_,1.8341279,13.539749,7.9474564
retinaface/intra-sim/Megawati_Sukarnoputri_/5.png,intra-sim/Megawati_Sukarnoputri_,-5.7681684,-35.27261,-18.1576
retinaface/intra-sim/Megawati_Sukarnoputri_/6.png,intra-sim/Megawati_Sukarnoputri_,-8.053222,6.685013,-14.166939
retinaface/intra-sim/Winona_Ryder_/3.png,intra-sim/Winona_Ryder_,7.7628717,50.856888,-18.671951
retinaface/intra-sim/Winona_Ryder_/15.png,intra-sim/Winona_Ryder_,5.022932,-0.75370026,-11.150169
retinaface/intra-sim/Winona_Ryder_/16.png,intra-sim/Winona_Ryder_,-1.2408068,42.578445,-7.0378036
retinaface/intra-sim/Winona_Ryder_/13.png,intra-sim/Winona_Ryder_,14.267505,13.727081,-20.630074
retinaface/intra-sim/Winona_Ryder_/1.png,intra-sim/Winona_Ryder_,-2.457189,-38.651474,-4.8441772
retinaface/intra-sim/Winona_Ryder_/7.png,intra-sim/Winona_Ryder_,-0.78717357,28.271675,-23.54139
retinaface/intra-sim/Winona_Ryder_/9.png,intra-sim/Winona_Ryder_,-3.5230973,57.81418,-21.802055
retinaface/intra-sim/Winona_Ryder_/18.png,intra-sim/Winona_Ryder_,-6.3007874,19.172691,-30.565502
retinaface/intra-sim/Winona_Ryder_/17.png,intra-sim/Winona_Ryder_,2.9314072,16.8936,-9.155067
retinaface/intra-sim/Winona_Ryder_/10.png,intra-sim/Winona_Ryder_,-6.917327,23.221397,-4.6029816
retinaface/intra-sim/Winona_Ryder_/20.png,intra-sim/Winona_Ryder_,1.4799358,18.984825,-7.955986
retinaface/intra-sim/Winona_Ryder_/14.png,intra-sim/Winona_Ryder_,-5.515973,-48.096245,-12.665169
retinaface/intra-sim/Winona_Ryder_/11.png,intra-sim/Winona_Ryder_,-0.38084048,-4.8886337,-23.320633
retinaface/intra-sim/Winona_Ryder_/12.png,intra-sim/Winona_Ryder_,-2.02612,0.6915741,-8.35849
retinaface/intra-sim/Winona_Ryder_/2.png,intra-sim/Winona_Ryder_,-4.71946,31.97049,-1.9475937
retinaface/intra-sim/Winona_Ryder_/19.png,intra-sim/Winona_Ryder_,-1.1660076,24.015182,0.19888306
retinaface/intra-sim/Winona_Ryder_/8.png,intra-sim/Winona_Ryder_,-75.57129,180.0,111.55789
retinaface/intra-sim/Winona_Ryder_/4.png,intra-sim/Winona_Ryder_,-8.563709,-13.802063,-3.1998062
retinaface/intra-sim/Winona_Ryder_/5.png,intra-sim/Winona_Ryder_,-6.0659137,25.387947,-3.8437347
retinaface/intra-sim/Winona_Ryder_/6.png,intra-sim/Winona_Ryder_,-10.915889,12.951454,0.38111877
retinaface/intra-sim/John_Ashcroft_/3.png,intra-sim/John_Ashcroft_,7.1293855,-35.300774,1.6484528
retinaface/intra-sim/John_Ashcroft_/15.png,intra-sim/John_Ashcroft_,-10.293263,20.840279,-12.109863
retinaface/intra-sim/John_Ashcroft_/16.png,intra-sim/John_Ashcroft_,0.8147554,-32.448837,-9.413063
retinaface/intra-sim/John_Ashcroft_/13.png,intra-sim/John_Ashcroft_,-0.04653096,84.951416,-8.218842
retinaface/intra-sim/John_Ashcroft_/1.png,intra-sim/John_Ashcroft_,2.9497242,21.817848,4.766754
retinaface/intra-sim/John_Ashcroft_/7.png,intra-sim/John_Ashcroft_,-2.7340417,-60.64568,-11.623665
retinaface/intra-sim/John_Ashcroft_/9.png,intra-sim/John_Ashcroft_,4.888959,-11.837051,-51.45962
retinaface/intra-sim/John_Ashcroft_/18.png,intra-sim/John_Ashcroft_,0.18142228,3.2641525,-13.253754
retinaface/intra-sim/John_Ashcroft_/17.png,intra-sim/John_Ashcroft_,15.8397045,-2.100647,49.711044
retinaface/intra-sim/John_Ashcroft_/10.png,intra-sim/John_Ashcroft_,3.1421394,36.011307,-2.6497803
retinaface/intra-sim/John_Ashcroft_/20.png,intra-sim/John_Ashcroft_,-7.914916,-23.332474,-18.313171
retinaface/intra-sim/John_Ashcroft_/14.png,intra-sim/John_Ashcroft_,-7.936274,-9.690445,-8.473
retinaface/intra-sim/John_Ashcroft_/11.png,intra-sim/John_Ashcroft_,-6.253295,-28.215832,-9.48291
retinaface/intra-sim/John_Ashcroft_/12.png,intra-sim/John_Ashcroft_,-4.4309645,17.57994,-1.2686996
retinaface/intra-sim/John_Ashcroft_/2.png,intra-sim/John_Ashcroft_,2.5358832,2.360199,22.343376
retinaface/intra-sim/John_Ashcroft_/19.png,intra-sim/John_Ashcroft_,5.2650824,21.419838,-10.48024
retinaface/intra-sim/John_Ashcroft_/8.png,intra-sim/John_Ashcroft_,3.3643043,-7.6546707,-6.590378
retinaface/intra-sim/John_Ashcroft_/4.png,intra-sim/John_Ashcroft_,2.9409297,-2.807602,-8.222969
retinaface/intra-sim/John_Ashcroft_/5.png,intra-sim/John_Ashcroft_,6.352748,28.389244,5.900406
retinaface/intra-sim/John_Ashcroft_/6.png,intra-sim/John_Ashcroft_,0.8229345,-66.07088,-1.7054291
retinaface/intra-sim/Gerhard_Schroeder_/3.png,intra-sim/Gerhard_Schroeder_,7.1564927,-42.157047,-8.506813
retinaface/intra-sim/Gerhard_Schroeder_/15.png,intra-sim/Gerhard_Schroeder_,-7.3383775,-15.083977,-10.019379
retinaface/intra-sim/Gerhard_Schroeder_/16.png,intra-sim/Gerhard_Schroeder_,11.231308,-4.847328,1.0365753
retinaface/intra-sim/Gerhard_Schroeder_/13.png,intra-sim/Gerhard_Schroeder_,-7.4371433,38.78647,-12.320602
retinaface/intra-sim/Gerhard_Schroeder_/1.png,intra-sim/Gerhard_Schroeder_,-0.2540942,-40.981865,-13.08094
retinaface/intra-sim/Gerhard_Schroeder_/7.png,intra-sim/Gerhard_Schroeder_,2.0947092,-66.65586,1.5977936
retinaface/intra-sim/Gerhard_Schroeder_/9.png,intra-sim/Gerhard_Schroeder_,-6.3910265,29.502495,-28.496128
retinaface/intra-sim/Gerhard_Schroeder_/18.png,intra-sim/Gerhard_Schroeder_,0.9645436,-7.0597916,-11.546822
retinaface/intra-sim/Gerhard_Schroeder_/17.png,intra-sim/Gerhard_Schroeder_,-3.6797771,-37.310307,-14.162338
retinaface/intra-sim/Gerhard_Schroeder_/10.png,intra-sim/Gerhard_Schroeder_,5.6247463,8.242569,-17.148544
retinaface/intra-sim/Gerhard_Schroeder_/20.png,intra-sim/Gerhard_Schroeder_,-0.85328466,92.31723,-31.118767
retinaface/intra-sim/Gerhard_Schroeder_/14.png,intra-sim/Gerhard_Schroeder_,-8.131827,46.153046,5.820938
retinaface/intra-sim/Gerhard_Schroeder_/11.png,intra-sim/Gerhard_Schroeder_,-7.0295806,-35.04473,-13.824226
retinaface/intra-sim/Gerhard_Schroeder_/12.png,intra-sim/Gerhard_Schroeder_,-1.4007447,-2.9237823,15.551186
retinaface/intra-sim/Gerhard_Schroeder_/2.png,intra-sim/Gerhard_Schroeder_,-1.1309713,6.756325,-1.2730103
retinaface/intra-sim/Gerhard_Schroeder_/19.png,intra-sim/Gerhard_Schroeder_,3.0964491,-3.8056412,-7.161171
retinaface/intra-sim/Gerhard_Schroeder_/8.png,intra-sim/Gerhard_Schroeder_,-19.215252,10.999153,-10.527512
retinaface/intra-sim/Gerhard_Schroeder_/4.png,intra-sim/Gerhard_Schroeder_,8.10851,-52.677326,-10.973167
retinaface/intra-sim/Gerhard_Schroeder_/5.png,intra-sim/Gerhard_Schroeder_,-2.783584,-27.654736,-4.70977
retinaface/intra-sim/Gerhard_Schroeder_/6.png,intra-sim/Gerhard_Schroeder_,-9.290619,-82.746765,-24.424652
retinaface/intra-sim/Laura_Bush_/3.png,intra-sim/Laura_Bush_,-5.8962812,-5.1453247,-21.018478
retinaface/intra-sim/Laura_Bush_/15.png,intra-sim/Laura_Bush_,-11.993569,36.626663,-14.257156
retinaface/intra-sim/Laura_Bush_/16.png,intra-sim/Laura_Bush_,-8.810486,9.954048,6.940346
retinaface/intra-sim/Laura_Bush_/13.png,intra-sim/Laura_Bush_,-4.2936406,29.338066,3.4404678
retinaface/intra-sim/Laura_Bush_/1.png,intra-sim/Laura_Bush_,-2.9947002,56.645813,2.0114822
retinaface/intra-sim/Laura_Bush_/7.png,intra-sim/Laura_Bush_,-14.105356,15.079285,-4.315254
retinaface/intra-sim/Laura_Bush_/9.png,intra-sim/Laura_Bush_,-2.7000506,-20.786629,-9.105072
retinaface/intra-sim/Laura_Bush_/18.png,intra-sim/Laura_Bush_,-2.4092073,-9.555473,-7.510521
retinaface/intra-sim/Laura_Bush_/17.png,intra-sim/Laura_Bush_,7.558891,-43.213493,-1.0921707
retinaface/intra-sim/Laura_Bush_/10.png,intra-sim/Laura_Bush_,-3.9485648,-1.1897659,-23.720161
retinaface/intra-sim/Laura_Bush_/20.png,intra-sim/Laura_Bush_,-7.090967,27.270859,-25.239586
retinaface/intra-sim/Laura_Bush_/14.png,intra-sim/Laura_Bush_,-7.846193,-2.5699463,0.6289139
retinaface/intra-sim/Laura_Bush_/11.png,intra-sim/Laura_Bush_,46.08257,154.09517,-47.94848
retinaface/intra-sim/Laura_Bush_/12.png,intra-sim/Laura_Bush_,-8.143292,10.972847,-17.252396
retinaface/intra-sim/Laura_Bush_/2.png,intra-sim/Laura_Bush_,10.101468,-67.15671,-8.17392
retinaface/intra-sim/Laura_Bush_/19.png,intra-sim/Laura_Bush_,78.39524,-180.0,161.08258
retinaface/intra-sim/Laura_Bush_/8.png,intra-sim/Laura_Bush_,0.98410964,-32.635117,12.528694
retinaface/intra-sim/Laura_Bush_/4.png,intra-sim/Laura_Bush_,-12.192375,-26.971588,-10.524277
retinaface/intra-sim/Laura_Bush_/5.png,intra-sim/Laura_Bush_,-7.119878,-46.42161,-15.426346
retinaface/intra-sim/Laura_Bush_/6.png,intra-sim/Laura_Bush_,-7.372386,-18.143036,-7.4508133
retinaface/intra-sim/Hans_Blix_/3.png,intra-sim/Hans_Blix_,1.0337188,56.44133,-13.943779
retinaface/intra-sim/Hans_Blix_/15.png,intra-sim/Hans_Blix_,0.5931396,23.990555,-35.8177
retinaface/intra-sim/Hans_Blix_/16.png,intra-sim/Hans_Blix_,-3.963337,-9.35746,-16.318947
retinaface/intra-sim/Hans_Blix_/13.png,intra-sim/Hans_Blix_,1.4350617,11.704758,5.729393
retinaface/intra-sim/Hans_Blix_/1.png,intra-sim/Hans_Blix_,-11.755662,4.407463,13.345863
retinaface/intra-sim/Hans_Blix_/7.png,intra-sim/Hans_Blix_,-0.16216637,12.228096,-8.70266
retinaface/intra-sim/Hans_Blix_/9.png,intra-sim/Hans_Blix_,-5.3415728,21.000565,30.617256
retinaface/intra-sim/Hans_Blix_/18.png,intra-sim/Hans_Blix_,-4.388041,-22.260414,-11.407799
retinaface/intra-sim/Hans_Blix_/17.png,intra-sim/Hans_Blix_,-6.0763702,25.011658,-12.843063
retinaface/intra-sim/Hans_Blix_/10.png,intra-sim/Hans_Blix_,-5.8018823,3.9086227,-29.435833
retinaface/intra-sim/Hans_Blix_/20.png,intra-sim/Hans_Blix_,7.704308,-28.343369,7.5500336
retinaface/intra-sim/Hans_Blix_/14.png,intra-sim/Hans_Blix_,-16.977264,14.620354,-9.571381
retinaface/intra-sim/Hans_Blix_/11.png,intra-sim/Hans_Blix_,-1.945739,11.034325,-28.07026
retinaface/intra-sim/Hans_Blix_/12.png,intra-sim/Hans_Blix_,-0.51561064,19.075096,-19.610008
retinaface/intra-sim/Hans_Blix_/2.png,intra-sim/Hans_Blix_,0.6559406,-1.4888763,-13.630058
retinaface/intra-sim/Hans_Blix_/19.png,intra-sim/Hans_Blix_,-1.9005368,57.295258,-6.32547
retinaface/intra-sim/Hans_Blix_/8.png,intra-sim/Hans_Blix_,3.3618622,-34.48674,-5.1958694
retinaface/intra-sim/Hans_Blix_/4.png,intra-sim/Hans_Blix_,-6.916122,42.761154,7.7888184
retinaface/intra-sim/Hans_Blix_/5.png,intra-sim/Hans_Blix_,2.1035368,-4.7685776,-7.8522415
retinaface/intra-sim/Hans_Blix_/6.png,intra-sim/Hans_Blix_,-10.303196,-8.733582,37.13761
retinaface/intra-sim/Juan_Carlos_Ferrero_/3.png,intra-sim/Juan_Carlos_Ferrero_,6.3549795,-24.108482,4.816139
retinaface/intra-sim/Juan_Carlos_Ferrero_/15.png,intra-sim/Juan_Carlos_Ferrero_,2.8735147,-29.913738,-12.619087
retinaface/intra-sim/Juan_Carlos_Ferrero_/16.png,intra-sim/Juan_Carlos_Ferrero_,-6.8921614,40.553482,-14.830811
retinaface/intra-sim/Juan_Carlos_Ferrero_/13.png,intra-sim/Juan_Carlos_Ferrero_,-9.494721,-31.520054,-11.818474
retinaface/intra-sim/Juan_Carlos_Ferrero_/1.png,intra-sim/Juan_Carlos_Ferrero_,3.3106499,13.986877,-33.27551
retinaface/intra-sim/Juan_Carlos_Ferrero_/7.png,intra-sim/Juan_Carlos_Ferrero_,3.352358,-47.988007,-13.897881
retinaface/intra-sim/Juan_Carlos_Ferrero_/9.png,intra-sim/Juan_Carlos_Ferrero_,-2.8271275,7.6346817,0.6673584
retinaface/intra-sim/Juan_Carlos_Ferrero_/18.png,intra-sim/Juan_Carlos_Ferrero_,-1.0321718,-3.5953064,-24.167053
retinaface/intra-sim/Juan_Carlos_Ferrero_/17.png,intra-sim/Juan_Carlos_Ferrero_,2.749683,6.4513474,-39.148106
retinaface/intra-sim/Juan_Carlos_Ferrero_/10.png,intra-sim/Juan_Carlos_Ferrero_,-1.076301,14.132355,-34.32624
retinaface/intra-sim/Juan_Carlos_Ferrero_/20.png,intra-sim/Juan_Carlos_Ferrero_,1.6701192,-30.07204,1.234932
retinaface/intra-sim/Juan_Carlos_Ferrero_/14.png,intra-sim/Juan_Carlos_Ferrero_,2.32132,-23.251549,-30.06351
retinaface/intra-sim/Juan_Carlos_Ferrero_/11.png,intra-sim/Juan_Carlos_Ferrero_,4.0955634,5.4385605,-26.376778
retinaface/intra-sim/Juan_Carlos_Ferrero_/12.png,intra-sim/Juan_Carlos_Ferrero_,-0.5058572,9.5160675,-30.57043
retinaface/intra-sim/Juan_Carlos_Ferrero_/2.png,intra-sim/Juan_Carlos_Ferrero_,-2.969533,9.086952,-4.221527
retinaface/intra-sim/Juan_Carlos_Ferrero_/19.png,intra-sim/Juan_Carlos_Ferrero_,0.48673597,45.040497,-22.987587
retinaface/intra-sim/Juan_Carlos_Ferrero_/8.png,intra-sim/Juan_Carlos_Ferrero_,-8.88943,-14.597115,-16.303467
retinaface/intra-sim/Juan_Carlos_Ferrero_/4.png,intra-sim/Juan_Carlos_Ferrero_,6.231991,-67.82417,-2.5572968
retinaface/intra-sim/Juan_Carlos_Ferrero_/5.png,intra-sim/Juan_Carlos_Ferrero_,-3.221528,-31.522663,-17.754189
retinaface/intra-sim/Juan_Carlos_Ferrero_/6.png,intra-sim/Juan_Carlos_Ferrero_,0.96673805,8.441429,-24.973442
retinaface/intra-sim/Jack_Straw_/3.png,intra-sim/Jack_Straw_,9.355916,39.088943,-0.8481674
retinaface/intra-sim/Jack_Straw_/15.png,intra-sim/Jack_Straw_,0.55760336,53.849487,-20.939095
retinaface/intra-sim/Jack_Straw_/16.png,intra-sim/Jack_Straw_,8.647825,-3.8280869,-6.669113
retinaface/intra-sim/Jack_Straw_/13.png,intra-sim/Jack_Straw_,1.2920473,-16.719269,-1.0558395
retinaface/intra-sim/Jack_Straw_/1.png,intra-sim/Jack_Straw_,-7.511783,13.168274,1.7420197
retinaface/intra-sim/Jack_Straw_/7.png,intra-sim/Jack_Straw_,1.0396255,-8.527245,-21.915825
retinaface/intra-sim/Jack_Straw_/9.png,intra-sim/Jack_Straw_,2.0297012,14.505142,-12.183113
retinaface/intra-sim/Jack_Straw_/18.png,intra-sim/Jack_Straw_,-1.4968303,-12.980583,-4.5039215
retinaface/intra-sim/Jack_Straw_/17.png,intra-sim/Jack_Straw_,-0.74366194,5.3506165,-8.922432
retinaface/intra-sim/Jack_Straw_/10.png,intra-sim/Jack_Straw_,3.25587,-32.770466,2.4642563
retinaface/intra-sim/Jack_Straw_/20.png,intra-sim/Jack_Straw_,0.6046004,11.666718,-8.428032
retinaface/intra-sim/Jack_Straw_/14.png,intra-sim/Jack_Straw_,-9.59922,18.703278,-13.147049
retinaface/intra-sim/Jack_Straw_/11.png,intra-sim/Jack_Straw_,-6.099995,25.671387,-6.615265
retinaface/intra-sim/Jack_Straw_/12.png,intra-sim/Jack_Straw_,0.87708735,-1.8475266,-29.96257
retinaface/intra-sim/Jack_Straw_/2.png,intra-sim/Jack_Straw_,0.23098293,8.260185,-23.599983
retinaface/intra-sim/Jack_Straw_/19.png,intra-sim/Jack_Straw_,0.36559242,5.9682617,-2.5128098
retinaface/intra-sim/Jack_Straw_/8.png,intra-sim/Jack_Straw_,-2.5278652,9.073906,-6.615837
retinaface/intra-sim/Jack_Straw_/4.png,intra-sim/Jack_Straw_,0.061688844,-83.07397,2.2621613
retinaface/intra-sim/Jack_Straw_/5.png,intra-sim/Jack_Straw_,5.275767,-5.8204117,-17.026268
retinaface/intra-sim/Jack_Straw_/6.png,intra-sim/Jack_Straw_,-6.403497,1.2690353,-8.154808
retinaface/intra-sim/Alejandro_Toledo_/3.png,intra-sim/Alejandro_Toledo_,2.7023087,-18.12651,-28.200108
retinaface/intra-sim/Alejandro_Toledo_/15.png,intra-sim/Alejandro_Toledo_,-1.8238617,26.49141,-8.511475
retinaface/intra-sim/Alejandro_Toledo_/16.png,intra-sim/Alejandro_Toledo_,1.7545254,-14.103371,-27.98597
retinaface/intra-sim/Alejandro_Toledo_/13.png,intra-sim/Alejandro_Toledo_,-7.9005203,-15.987671,3.800331
retinaface/intra-sim/Alejandro_Toledo_/1.png,intra-sim/Alejandro_Toledo_,-1.489676,12.497963,-24.822502
retinaface/intra-sim/Alejandro_Toledo_/7.png,intra-sim/Alejandro_Toledo_,3.7546244,-9.300781,10.808617
retinaface/intra-sim/Alejandro_Toledo_/9.png,intra-sim/Alejandro_Toledo_,6.805118,-20.239204,-33.92065
retinaface/intra-sim/Alejandro_Toledo_/18.png,intra-sim/Alejandro_Toledo_,-1.9695308,-22.519325,-7.088623
retinaface/intra-sim/Alejandro_Toledo_/17.png,intra-sim/Alejandro_Toledo_,-3.4138033,14.029655,1.5391998
retinaface/intra-sim/Alejandro_Toledo_/10.png,intra-sim/Alejandro_Toledo_,-0.31603172,37.407036,-23.375984
retinaface/intra-sim/Alejandro_Toledo_/20.png,intra-sim/Alejandro_Toledo_,-4.699412,13.372986,1.2312622
retinaface/intra-sim/Alejandro_Toledo_/14.png,intra-sim/Alejandro_Toledo_,1.3855964,-0.95157623,-3.4215012
retinaface/intra-sim/Alejandro_Toledo_/11.png,intra-sim/Alejandro_Toledo_,-2.59163,4.32325,-16.292976
retinaface/intra-sim/Alejandro_Toledo_/12.png,intra-sim/Alejandro_Toledo_,3.9172697,0.7719116,-19.653534
retinaface/intra-sim/Alejandro_Toledo_/2.png,intra-sim/Alejandro_Toledo_,-2.341971,-3.043335,-14.120171
retinaface/intra-sim/Alejandro_Toledo_/19.png,intra-sim/Alejandro_Toledo_,18.520966,-24.034492,-5.476326
retinaface/intra-sim/Alejandro_Toledo_/8.png,intra-sim/Alejandro_Toledo_,4.775791,-23.080048,-24.30236
retinaface/intra-sim/Alejandro_Toledo_/4.png,intra-sim/Alejandro_Toledo_,-6.7881336,10.111374,-9.049873
retinaface/intra-sim/Alejandro_Toledo_/5.png,intra-sim/Alejandro_Toledo_,-0.62426984,60.809265,25.690819
retinaface/intra-sim/Alejandro_Toledo_/6.png,intra-sim/Alejandro_Toledo_,6.261152,40.540115,-10.802521
retinaface/intra-sim/Tiger_Woods_/3.png,intra-sim/Tiger_Woods_,-5.7713447,-15.787338,-16.810425
retinaface/intra-sim/Tiger_Woods_/15.png,intra-sim/Tiger_Woods_,4.343912,13.907654,-5.065506
retinaface/intra-sim/Tiger_Woods_/16.png,intra-sim/Tiger_Woods_,-3.487061,-2.0216827,13.249039
retinaface/intra-sim/Tiger_Woods_/13.png,intra-sim/Tiger_Woods_,3.05799,-13.760445,11.471626
retinaface/intra-sim/Tiger_Woods_/1.png,intra-sim/Tiger_Woods_,0.8867418,-0.6771393,-2.19178
retinaface/intra-sim/Tiger_Woods_/7.png,intra-sim/Tiger_Woods_,-9.045816,7.9109116,-2.105751
retinaface/intra-sim/Tiger_Woods_/9.png,intra-sim/Tiger_Woods_,-3.7385914,-21.116447,-25.270317
retinaface/intra-sim/Tiger_Woods_/18.png,intra-sim/Tiger_Woods_,4.4632187,13.06385,14.30838
retinaface/intra-sim/Tiger_Woods_/17.png,intra-sim/Tiger_Woods_,-0.5232765,14.104996,24.114418
retinaface/intra-sim/Tiger_Woods_/10.png,intra-sim/Tiger_Woods_,-5.5085025,29.552765,12.057922
retinaface/intra-sim/Tiger_Woods_/20.png,intra-sim/Tiger_Woods_,2.3756201,25.306854,-34.487427
retinaface/intra-sim/Tiger_Woods_/14.png,intra-sim/Tiger_Woods_,0.8807217,-4.807831,-12.871872
retinaface/intra-sim/Tiger_Woods_/11.png,intra-sim/Tiger_Woods_,-0.45106366,19.357582,17.865715
retinaface/intra-sim/Tiger_Woods_/12.png,intra-sim/Tiger_Woods_,-1.3876617,-3.9538727,-13.149895
retinaface/intra-sim/Tiger_Woods_/2.png,intra-sim/Tiger_Woods_,-4.5173206,17.40635,-10.2243805
retinaface/intra-sim/Tiger_Woods_/19.png,intra-sim/Tiger_Woods_,-6.8060775,-31.250587,-11.609276
retinaface/intra-sim/Tiger_Woods_/8.png,intra-sim/Tiger_Woods_,-3.1447544,53.089172,-40.582222
retinaface/intra-sim/Tiger_Woods_/4.png,intra-sim/Tiger_Woods_,-15.024495,-24.6902,7.177246
retinaface/intra-sim/Tiger_Woods_/5.png,intra-sim/Tiger_Woods_,1.403367,-22.15297,19.816154
retinaface/intra-sim/Tiger_Woods_/6.png,intra-sim/Tiger_Woods_,-1.3960617,1.3353424,-7.716255
retinaface/intra-sim/Jennifer_Capriati_/3.png,intra-sim/Jennifer_Capriati_,9.374918,-11.574242,-24.58136
retinaface/intra-sim/Jennifer_Capriati_/15.png,intra-sim/Jennifer_Capriati_,0.2329099,-0.1376419,-7.416168
retinaface/intra-sim/Jennifer_Capriati_/16.png,intra-sim/Jennifer_Capriati_,3.3031096,31.445816,-1.4931717
retinaface/intra-sim/Jennifer_Capriati_/13.png,intra-sim/Jennifer_Capriati_,-9.879783,8.375114,-6.0572968
retinaface/intra-sim/Jennifer_Capriati_/1.png,intra-sim/Jennifer_Capriati_,12.373405,3.290329,-4.991745
retinaface/intra-sim/Jennifer_Capriati_/7.png,intra-sim/Jennifer_Capriati_,0.8271085,-0.8646469,7.316223
retinaface/intra-sim/Jennifer_Capriati_/9.png,intra-sim/Jennifer_Capriati_,-2.7382064,-6.029434,-17.149757
retinaface/intra-sim/Jennifer_Capriati_/18.png,intra-sim/Jennifer_Capriati_,-6.994809,33.55967,10.510147
retinaface/intra-sim/Jennifer_Capriati_/17.png,intra-sim/Jennifer_Capriati_,-1.437697,-26.555176,4.6526337
retinaface/intra-sim/Jennifer_Capriati_/10.png,intra-sim/Jennifer_Capriati_,-0.16475469,-23.271217,2.0294266
retinaface/intra-sim/Jennifer_Capriati_/20.png,intra-sim/Jennifer_Capriati_,13.196713,-9.861443,22.698753
retinaface/intra-sim/Jennifer_Capriati_/14.png,intra-sim/Jennifer_Capriati_,1.9673477,32.030525,-9.866875
retinaface/intra-sim/Jennifer_Capriati_/11.png,intra-sim/Jennifer_Capriati_,14.667139,-34.344997,9.466927
retinaface/intra-sim/Jennifer_Capriati_/12.png,intra-sim/Jennifer_Capriati_,-8.973774,1.8414001,-8.566902
retinaface/intra-sim/Jennifer_Capriati_/2.png,intra-sim/Jennifer_Capriati_,7.3910527,-45.314625,-5.1610947
retinaface/intra-sim/Jennifer_Capriati_/19.png,intra-sim/Jennifer_Capriati_,0.35538265,0.3798828,-16.854286
retinaface/intra-sim/Jennifer_Capriati_/8.png,intra-sim/Jennifer_Capriati_,0.15318926,11.0681,19.032616
retinaface/intra-sim/Jennifer_Capriati_/4.png,intra-sim/Jennifer_Capriati_,1.7466407,14.736946,-22.02327
retinaface/intra-sim/Jennifer_Capriati_/5.png,intra-sim/Jennifer_Capriati_,2.978768,21.613235,-25.226822
retinaface/intra-sim/Jennifer_Capriati_/6.png,intra-sim/Jennifer_Capriati_,5.77321,48.94304,8.592911
retinaface/intra-sim/Hugo_Chavez_/3.png,intra-sim/Hugo_Chavez_,2.5944557,1.0424881,-29.871414
retinaface/intra-sim/Hugo_Chavez_/15.png,intra-sim/Hugo_Chavez_,-9.855254,10.809967,-1.096756
retinaface/intra-sim/Hugo_Chavez_/16.png,intra-sim/Hugo_Chavez_,-27.862795,47.773575,12.279228
retinaface/intra-sim/Hugo_Chavez_/13.png,intra-sim/Hugo_Chavez_,-1.9902282,34.555473,-6.6247787
retinaface/intra-sim/Hugo_Chavez_/1.png,intra-sim/Hugo_Chavez_,9.200195,-72.82753,3.931656
retinaface/intra-sim/Hugo_Chavez_/7.png,intra-sim/Hugo_Chavez_,0.7774618,-1.0348816,-4.7562637
retinaface/intra-sim/Hugo_Chavez_/9.png,intra-sim/Hugo_Chavez_,-1.6631023,12.017403,-0.8321762
retinaface/intra-sim/Hugo_Chavez_/18.png,intra-sim/Hugo_Chavez_,-8.475336,19.550087,-14.188675
retinaface/intra-sim/Hugo_Chavez_/17.png,intra-sim/Hugo_Chavez_,-13.887157,-7.12899,-38.296078
retinaface/intra-sim/Hugo_Chavez_/10.png,intra-sim/Hugo_Chavez_,-10.732629,-2.0468826,26.743347
retinaface/intra-sim/Hugo_Chavez_/20.png,intra-sim/Hugo_Chavez_,-14.237034,32.5355,15.085152
retinaface/intra-sim/Hugo_Chavez_/14.png,intra-sim/Hugo_Chavez_,7.785068,15.24192,-27.504295
retinaface/intra-sim/Hugo_Chavez_/11.png,intra-sim/Hugo_Chavez_,3.395557,3.909996,1.5719452
retinaface/intra-sim/Hugo_Chavez_/12.png,intra-sim/Hugo_Chavez_,6.202783,17.197601,-14.212791
retinaface/intra-sim/Hugo_Chavez_/2.png,intra-sim/Hugo_Chavez_,5.019039,6.4487915,-52.719376
retinaface/intra-sim/Hugo_Chavez_/19.png,intra-sim/Hugo_Chavez_,7.4201617,14.358139,-9.55426
retinaface/intra-sim/Hugo_Chavez_/8.png,intra-sim/Hugo_Chavez_,4.356907,-28.457954,-8.523109
retinaface/intra-sim/Hugo_Chavez_/4.png,intra-sim/Hugo_Chavez_,7.6170373,-26.196014,-9.609169
retinaface/intra-sim/Hugo_Chavez_/5.png,intra-sim/Hugo_Chavez_,1.4136738,11.89785,-26.421986
retinaface/intra-sim/Hugo_Chavez_/6.png,intra-sim/Hugo_Chavez_,-2.9812877,-14.185013,12.669487
retinaface/intra-sim/Vicente_Fox_/3.png,intra-sim/Vicente_Fox_,12.544114,-79.368744,6.445183
retinaface/intra-sim/Vicente_Fox_/15.png,intra-sim/Vicente_Fox_,4.961627,37.616646,-7.985977
retinaface/intra-sim/Vicente_Fox_/16.png,intra-sim/Vicente_Fox_,-3.8080678,-28.092346,-52.727497
retinaface/intra-sim/Vicente_Fox_/13.png,intra-sim/Vicente_Fox_,-4.876492,-51.953506,-14.468651
retinaface/intra-sim/Vicente_Fox_/1.png,intra-sim/Vicente_Fox_,8.105866,8.237236,3.3716125
retinaface/intra-sim/Vicente_Fox_/7.png,intra-sim/Vicente_Fox_,-3.6401596,2.141594,-14.372345
retinaface/intra-sim/Vicente_Fox_/9.png,intra-sim/Vicente_Fox_,-11.362175,10.592926,-25.050941
retinaface/intra-sim/Vicente_Fox_/18.png,intra-sim/Vicente_Fox_,-0.1533576,-20.5289,-33.846794
retinaface/intra-sim/Vicente_Fox_/17.png,intra-sim/Vicente_Fox_,-6.9940896,22.617462,-1.7667007
retinaface/intra-sim/Vicente_Fox_/10.png,intra-sim/Vicente_Fox_,-4.6716833,48.766113,-5.8164597
retinaface/intra-sim/Vicente_Fox_/20.png,intra-sim/Vicente_Fox_,-6.6851597,-41.47865,-24.173012
retinaface/intra-sim/Vicente_Fox_/14.png,intra-sim/Vicente_Fox_,7.4847565,-29.920296,-0.10733032
retinaface/intra-sim/Vicente_Fox_/11.png,intra-sim/Vicente_Fox_,0.5541431,-2.3468475,-26.91024
retinaface/intra-sim/Vicente_Fox_/12.png,intra-sim/Vicente_Fox_,-0.15638565,-153.14267,4.951027
retinaface/intra-sim/Vicente_Fox_/2.png,intra-sim/Vicente_Fox_,-4.909544,38.167496,3.8837662
retinaface/intra-sim/Vicente_Fox_/19.png,intra-sim/Vicente_Fox_,9.125793,15.885941,-23.245659
retinaface/intra-sim/Vicente_Fox_/8.png,intra-sim/Vicente_Fox_,-3.3195431,-9.341049,-48.01649
retinaface/intra-sim/Vicente_Fox_/4.png,intra-sim/Vicente_Fox_,-1.6883093,-11.253212,-30.785213
retinaface/intra-sim/Vicente_Fox_/5.png,intra-sim/Vicente_Fox_,8.354447,30.065804,-27.433144
retinaface/intra-sim/Vicente_Fox_/6.png,intra-sim/Vicente_Fox_,3.646477,10.912773,-38.495617
retinaface/intra-sim/George_W_Bush_/3.png,intra-sim/George_W_Bush_,4.1671605,30.846497,-19.219383
retinaface/intra-sim/George_W_Bush_/15.png,intra-sim/George_W_Bush_,-7.0096025,-7.3778763,15.762962
retinaface/intra-sim/George_W_Bush_/16.png,intra-sim/George_W_Bush_,-5.846758,-18.90026,28.451576
retinaface/intra-sim/George_W_Bush_/13.png,intra-sim/George_W_Bush_,-0.11176749,-25.511055,-10.257011
retinaface/intra-sim/George_W_Bush_/1.png,intra-sim/George_W_Bush_,-0.63674396,-8.172356,5.3404236
retinaface/intra-sim/George_W_Bush_/7.png,intra-sim/George_W_Bush_,8.261948,41.7977,5.251053
retinaface/intra-sim/George_W_Bush_/9.png,intra-sim/George_W_Bush_,1.3496777,90.70657,4.7982025
retinaface/intra-sim/George_W_Bush_/18.png,intra-sim/George_W_Bush_,4.5890975,31.7845,-18.704369
retinaface/intra-sim/George_W_Bush_/17.png,intra-sim/George_W_Bush_,0.17329554,-2.0190659,-11.921684
retinaface/intra-sim/George_W_Bush_/10.png,intra-sim/George_W_Bush_,-14.615191,65.59636,13.460205
retinaface/intra-sim/George_W_Bush_/20.png,intra-sim/George_W_Bush_,2.0574903,-14.988861,-2.5514069
retinaface/intra-sim/George_W_Bush_/14.png,intra-sim/George_W_Bush_,-2.4334502,3.8804169,-11.866051
retinaface/intra-sim/George_W_Bush_/11.png,intra-sim/George_W_Bush_,-4.9291654,16.408134,-14.4880295
retinaface/intra-sim/George_W_Bush_/12.png,intra-sim/George_W_Bush_,-2.4919407,3.358986,-9.224831
retinaface/intra-sim/George_W_Bush_/2.png,intra-sim/George_W_Bush_,-2.3409348,10.449158,-27.856678
retinaface/intra-sim/George_W_Bush_/19.png,intra-sim/George_W_Bush_,2.763663,-80.12441,8.451843
retinaface/intra-sim/George_W_Bush_/8.png,intra-sim/George_W_Bush_,7.562247,6.651352,-16.89611
retinaface/intra-sim/George_W_Bush_/4.png,intra-sim/George_W_Bush_,3.2584965,22.053856,-20.347511
retinaface/intra-sim/George_W_Bush_/5.png,intra-sim/George_W_Bush_,-1.3136191,-13.079803,5.9098053
retinaface/intra-sim/George_W_Bush_/6.png,intra-sim/George_W_Bush_,-5.9580793,-37.10306,1.8041077
retinaface/intra-sim/Jeremy_Greenstock_/3.png,intra-sim/Jeremy_Greenstock_,0.0020633684,3.0565796,-6.4903564
retinaface/intra-sim/Jeremy_Greenstock_/15.png,intra-sim/Jeremy_Greenstock_,2.330398,2.170433,-19.819641
retinaface/intra-sim/Jeremy_Greenstock_/16.png,intra-sim/Jeremy_Greenstock_,-5.8646026,-30.589447,-2.7484589
retinaface/intra-sim/Jeremy_Greenstock_/13.png,intra-sim/Jeremy_Greenstock_,-1.2410278,28.367798,-13.4811325
retinaface/intra-sim/Jeremy_Greenstock_/1.png,intra-sim/Jeremy_Greenstock_,-3.8276706,-44.90186,-7.127823
retinaface/intra-sim/Jeremy_Greenstock_/7.png,intra-sim/Jeremy_Greenstock_,-3.79473,-9.386574,-28.725578
retinaface/intra-sim/Jeremy_Greenstock_/9.png,intra-sim/Jeremy_Greenstock_,7.2454767,7.9353943,-28.14893
retinaface/intra-sim/Jeremy_Greenstock_/18.png,intra-sim/Jeremy_Greenstock_,6.3252172,-6.3036957,1.9418182
retinaface/intra-sim/Jeremy_Greenstock_/17.png,intra-sim/Jeremy_Greenstock_,9.50793,-25.071426,-22.785576
retinaface/intra-sim/Jeremy_Greenstock_/10.png,intra-sim/Jeremy_Greenstock_,-0.87076014,-8.216187,5.943733
retinaface/intra-sim/Jeremy_Greenstock_/20.png,intra-sim/Jeremy_Greenstock_,1.9935429,-19.09127,-16.00682
retinaface/intra-sim/Jeremy_Greenstock_/14.png,intra-sim/Jeremy_Greenstock_,2.1022139,9.310677,-18.765602
retinaface/intra-sim/Jeremy_Greenstock_/11.png,intra-sim/Jeremy_Greenstock_,-0.12355822,19.660149,-35.450027
retinaface/intra-sim/Jeremy_Greenstock_/12.png,intra-sim/Jeremy_Greenstock_,1.6551503,-13.201691,-7.880783
retinaface/intra-sim/Jeremy_Greenstock_/2.png,intra-sim/Jeremy_Greenstock_,-8.589617,50.16124,-3.402748
retinaface/intra-sim/Jeremy_Greenstock_/19.png,intra-sim/Jeremy_Greenstock_,7.4668407,-34.845165,-0.22395325
retinaface/intra-sim/Jeremy_Greenstock_/8.png,intra-sim/Jeremy_Greenstock_,9.566671,1.3518906,-11.921013
retinaface/intra-sim/Jeremy_Greenstock_/4.png,intra-sim/Jeremy_Greenstock_,6.53302,4.6129,-44.47396
retinaface/intra-sim/Jeremy_Greenstock_/5.png,intra-sim/Jeremy_Greenstock_,-5.2088423,21.922913,-4.016037
retinaface/intra-sim/Jeremy_Greenstock_/6.png,intra-sim/Jeremy_Greenstock_,-5.43615,32.24283,-2.5433655
retinaface/intra-sim/Saddam_Hussein_/3.png,intra-sim/Saddam_Hussein_,3.170218,42.422302,6.2702255
retinaface/intra-sim/Saddam_Hussein_/15.png,intra-sim/Saddam_Hussein_,2.5090456,-24.02465,-3.7097778
retinaface/intra-sim/Saddam_Hussein_/16.png,intra-sim/Saddam_Hussein_,1.713213,26.378853,14.087776
retinaface/intra-sim/Saddam_Hussein_/13.png,intra-sim/Saddam_Hussein_,5.6729817,19.414322,5.422455
retinaface/intra-sim/Saddam_Hussein_/1.png,intra-sim/Saddam_Hussein_,12.430843,35.355576,-20.452538
retinaface/intra-sim/Saddam_Hussein_/7.png,intra-sim/Saddam_Hussein_,6.44356,44.35028,-1.0988846
retinaface/intra-sim/Saddam_Hussein_/9.png,intra-sim/Saddam_Hussein_,6.36206,61.90297,9.279648
retinaface/intra-sim/Saddam_Hussein_/18.png,intra-sim/Saddam_Hussein_,4.29179,-16.487747,24.133896
retinaface/intra-sim/Saddam_Hussein_/17.png,intra-sim/Saddam_Hussein_,1.7115859,-31.219448,-1.007515
retinaface/intra-sim/Saddam_Hussein_/10.png,intra-sim/Saddam_Hussein_,-2.2723584,20.644394,-27.688843
retinaface/intra-sim/Saddam_Hussein_/20.png,intra-sim/Saddam_Hussein_,-1.7673483,29.766853,-16.312302
retinaface/intra-sim/Saddam_Hussein_/14.png,intra-sim/Saddam_Hussein_,3.3393269,27.670235,-8.118149
retinaface/intra-sim/Saddam_Hussein_/11.png,intra-sim/Saddam_Hussein_,8.540636,0.25595093,4.813751
retinaface/intra-sim/Saddam_Hussein_/12.png,intra-sim/Saddam_Hussein_,-2.383457,21.69043,18.281158
retinaface/intra-sim/Saddam_Hussein_/2.png,intra-sim/Saddam_Hussein_,13.376703,15.65303,-25.183731
retinaface/intra-sim/Saddam_Hussein_/19.png,intra-sim/Saddam_Hussein_,1.3184848,38.188416,1.9131775
retinaface/intra-sim/Saddam_Hussein_/8.png,intra-sim/Saddam_Hussein_,-1.2479517,32.563934,4.797943
retinaface/intra-sim/Saddam_Hussein_/4.png,intra-sim/Saddam_Hussein_,0.07165087,7.9060135,20.516678
retinaface/intra-sim/Saddam_Hussein_/5.png,intra-sim/Saddam_Hussein_,8.195116,-14.637726,-6.9294205
retinaface/intra-sim/Saddam_Hussein_/6.png,intra-sim/Saddam_Hussein_,-1.4269133,-3.7357864,12.798843
retinaface/intra-sim/Donald_Rumsfeld_/3.png,intra-sim/Donald_Rumsfeld_,1.9099209,-11.2510605,32.927094
retinaface/intra-sim/Donald_Rumsfeld_/15.png,intra-sim/Donald_Rumsfeld_,5.5518126,15.518074,-17.15329
retinaface/intra-sim/Donald_Rumsfeld_/16.png,intra-sim/Donald_Rumsfeld_,-5.9744234,25.881653,22.317886
retinaface/intra-sim/Donald_Rumsfeld_/13.png,intra-sim/Donald_Rumsfeld_,-0.686896,-8.576324,-6.811432
retinaface/intra-sim/Donald_Rumsfeld_/1.png,intra-sim/Donald_Rumsfeld_,-10.802468,91.33841,0.43659973
retinaface/intra-sim/Donald_Rumsfeld_/7.png,intra-sim/Donald_Rumsfeld_,11.21116,-17.32505,-12.681351
retinaface/intra-sim/Donald_Rumsfeld_/9.png,intra-sim/Donald_Rumsfeld_,-8.097636,1.9110336,-3.3973694
retinaface/intra-sim/Donald_Rumsfeld_/18.png,intra-sim/Donald_Rumsfeld_,-4.0738807,136.66296,-2.0666504
retinaface/intra-sim/Donald_Rumsfeld_/17.png,intra-sim/Donald_Rumsfeld_,-3.2917225,-16.170097,0.67012024
retinaface/intra-sim/Donald_Rumsfeld_/10.png,intra-sim/Donald_Rumsfeld_,-7.4261203,21.830925,-37.3993
retinaface/intra-sim/Donald_Rumsfeld_/20.png,intra-sim/Donald_Rumsfeld_,-7.2400093,3.7050629,-18.87519
retinaface/intra-sim/Donald_Rumsfeld_/14.png,intra-sim/Donald_Rumsfeld_,6.063522,47.600647,-25.28144
retinaface/intra-sim/Donald_Rumsfeld_/11.png,intra-sim/Donald_Rumsfeld_,18.89485,-31.752213,0.85401154
retinaface/intra-sim/Donald_Rumsfeld_/12.png,intra-sim/Donald_Rumsfeld_,-3.6248915,-2.3960266,-2.3337097
retinaface/intra-sim/Donald_Rumsfeld_/2.png,intra-sim/Donald_Rumsfeld_,3.8935523,-21.534546,-11.166405
retinaface/intra-sim/Donald_Rumsfeld_/19.png,intra-sim/Donald_Rumsfeld_,-5.380484,9.389763,1.6854858
retinaface/intra-sim/Donald_Rumsfeld_/8.png,intra-sim/Donald_Rumsfeld_,8.094886,-33.858227,-4.336029
retinaface/intra-sim/Donald_Rumsfeld_/4.png,intra-sim/Donald_Rumsfeld_,1.310404,-8.670479,3.0884705
retinaface/intra-sim/Donald_Rumsfeld_/5.png,intra-sim/Donald_Rumsfeld_,-15.438769,50.82733,-11.133621
retinaface/intra-sim/Donald_Rumsfeld_/6.png,intra-sim/Donald_Rumsfeld_,-2.0679142,-25.271332,-14.824524
retinaface/intra-sim/Jacques_Chirac_/3.png,intra-sim/Jacques_Chirac_,13.353029,-20.603302,-35.633846
retinaface/intra-sim/Jacques_Chirac_/15.png,intra-sim/Jacques_Chirac_,-14.748585,9.956741,-18.411293
retinaface/intra-sim/Jacques_Chirac_/16.png,intra-sim/Jacques_Chirac_,7.8736525,27.6566,-6.637947
retinaface/intra-sim/Jacques_Chirac_/13.png,intra-sim/Jacques_Chirac_,-9.967749,24.411858,-7.336281
retinaface/intra-sim/Jacques_Chirac_/1.png,intra-sim/Jacques_Chirac_,-2.3800256,62.041275,-20.292633
retinaface/intra-sim/Jacques_Chirac_/7.png,intra-sim/Jacques_Chirac_,14.600136,-22.895836,-7.039665
retinaface/intra-sim/Jacques_Chirac_/9.png,intra-sim/Jacques_Chirac_,-12.813263,5.205078,-13.816589
retinaface/intra-sim/Jacques_Chirac_/18.png,intra-sim/Jacques_Chirac_,-2.8558707,-37.06641,-5.8018417
retinaface/intra-sim/Jacques_Chirac_/17.png,intra-sim/Jacques_Chirac_,-13.09597,-8.282448,-18.922379
retinaface/intra-sim/Jacques_Chirac_/10.png,intra-sim/Jacques_Chirac_,6.390159,-10.276131,-11.3311615
retinaface/intra-sim/Jacques_Chirac_/20.png,intra-sim/Jacques_Chirac_,2.6109514,27.932617,23.125938
retinaface/intra-sim/Jacques_Chirac_/14.png,intra-sim/Jacques_Chirac_,19.147799,-49.43972,-8.121117
retinaface/intra-sim/Jacques_Chirac_/11.png,intra-sim/Jacques_Chirac_,-17.030352,55.293655,-27.819126
retinaface/intra-sim/Jacques_Chirac_/12.png,intra-sim/Jacques_Chirac_,-3.1145344,17.981781,-21.000404
retinaface/intra-sim/Jacques_Chirac_/2.png,intra-sim/Jacques_Chirac_,-17.973446,-5.5651627,-14.58902
retinaface/intra-sim/Jacques_Chirac_/19.png,intra-sim/Jacques_Chirac_,8.534811,7.3259354,-18.459274
retinaface/intra-sim/Jacques_Chirac_/8.png,intra-sim/Jacques_Chirac_,-11.678016,-52.965233,-13.9674835
retinaface/intra-sim/Jacques_Chirac_/4.png,intra-sim/Jacques_Chirac_,-7.732974,57.477783,31.682327
retinaface/intra-sim/Jacques_Chirac_/5.png,intra-sim/Jacques_Chirac_,0.30891854,41.130524,-23.178993
retinaface/intra-sim/Jacques_Chirac_/6.png,intra-sim/Jacques_Chirac_,-4.3341923,7.661461,-10.643494
retinaface/intra-sim/Nestor_Kirchner_/3.png,intra-sim/Nestor_Kirchner_,-2.7899919,17.033981,33.399117
retinaface/intra-sim/Nestor_Kirchner_/15.png,intra-sim/Nestor_Kirchner_,1.5076815,0.60933685,-40.061382
retinaface/intra-sim/Nestor_Kirchner_/16.png,intra-sim/Nestor_Kirchner_,-4.3943787,16.364365,-66.68194
retinaface/intra-sim/Nestor_Kirchner_/13.png,intra-sim/Nestor_Kirchner_,7.722221,-1.2596893,-22.209106
retinaface/intra-sim/Nestor_Kirchner_/1.png,intra-sim/Nestor_Kirchner_,6.800115,-59.734947,-5.5868835
retinaface/intra-sim/Nestor_Kirchner_/7.png,intra-sim/Nestor_Kirchner_,6.8120613,-1.7062836,-26.198036
retinaface/intra-sim/Nestor_Kirchner_/9.png,intra-sim/Nestor_Kirchner_,-9.450923,52.32039,-2.514183
retinaface/intra-sim/Nestor_Kirchner_/18.png,intra-sim/Nestor_Kirchner_,-2.2345104,0.81829834,-68.54327
retinaface/intra-sim/Nestor_Kirchner_/17.png,intra-sim/Nestor_Kirchner_,4.285725,-23.69535,-12.170532
retinaface/intra-sim/Nestor_Kirchner_/10.png,intra-sim/Nestor_Kirchner_,1.8486577,26.454796,-0.52420807
retinaface/intra-sim/Nestor_Kirchner_/20.png,intra-sim/Nestor_Kirchner_,-25.401384,111.62048,6.107666
retinaface/intra-sim/Nestor_Kirchner_/14.png,intra-sim/Nestor_Kirchner_,2.1581655,-33.91398,-7.038719
retinaface/intra-sim/Nestor_Kirchner_/11.png,intra-sim/Nestor_Kirchner_,6.825521,-51.87828,-44.170372
retinaface/intra-sim/Nestor_Kirchner_/12.png,intra-sim/Nestor_Kirchner_,4.1431046,36.44912,-5.7711716
retinaface/intra-sim/Nestor_Kirchner_/2.png,intra-sim/Nestor_Kirchner_,8.64972,34.855698,-22.98613
retinaface/intra-sim/Nestor_Kirchner_/19.png,intra-sim/Nestor_Kirchner_,-9.709015,-6.78479,-15.508667
retinaface/intra-sim/Nestor_Kirchner_/8.png,intra-sim/Nestor_Kirchner_,-9.318008,12.817329,-25.275055
retinaface/intra-sim/Nestor_Kirchner_/4.png,intra-sim/Nestor_Kirchner_,-2.470246,14.315971,0.1566391
retinaface/intra-sim/Nestor_Kirchner_/5.png,intra-sim/Nestor_Kirchner_,7.8379297,-15.832069,-24.761612
retinaface/intra-sim/Nestor_Kirchner_/6.png,intra-sim/Nestor_Kirchner_,6.4815125,-64.75377,-3.464737
